show_id,type,title,director,cast,country,rating,release_year,date_added,duration,listed_in,description
s1,Movie,Title_1,David Fincher,"Song Kang, Leonardo DiCaprio",United States,TV-14,2014,"July 3, 2015",116 min,Comedies,This is a placeholder description for the show or movie.
s2,TV Show,Title_2,David Fincher,"Shah Rukh Khan, Zendaya",United States,TV-MA,2013,"October 23, 2017",3 Seasons,TV Comedies,This is a placeholder description for the show or movie.
s3,TV Show,Title_3,nan,Shah Rukh Khan,United States,TV-14,2020,"July 3, 2023",3 Seasons,TV Comedies,This is a placeholder description for the show or movie.
s4,Movie,Title_4,Martin Scorsese,"Shah Rukh Khan, Zendaya",United States,TV-MA,2010,"October 8, 2021",149 min,Action & Adventure,This is a placeholder description for the show or movie.
s5,Movie,Title_5,David Fincher,"Millie Bobby Brown, Leonardo DiCaprio, Zendaya",India,R,2012,"July 5, 2021",121 min,Documentaries,This is a placeholder description for the show or movie.
s6,Movie,Title_6,Greta Gerwig,"Zendaya, Henry Cavill",Canada,TV-MA,2014,"December 15, 2016",147 min,Comedies,This is a placeholder description for the show or movie.
s7,Movie,Title_7,David Fincher,"Henry Cavill, Zendaya",United States,TV-14,2021,"December 23, 2021",149 min,Action & Adventure,This is a placeholder description for the show or movie.
s8,TV Show,Title_8,Greta Gerwig,"Shah Rukh Khan, Song Kang, Henry Cavill",United Kingdom,TV-PG,2016,"January 16, 2016",2 Seasons,International TV Shows,This is a placeholder description for the show or movie.
s9,Movie,Title_9,David Fincher,"Zendaya, Millie Bobby Brown",Canada,TV-14,2022,"December 3, 2022",143 min,Comedies,This is a placeholder description for the show or movie.
s10,TV Show,Title_10,Greta Gerwig,Henry Cavill,India,PG-13,2018,"October 4, 2018",2 Seasons,International TV Shows,This is a placeholder description for the show or movie.
s11,Movie,Title_11,David Fincher,Song Kang,France,TV-14,2023,"July 10, 2023",120 min,Comedies,This is a placeholder description for the show or movie.
s12,TV Show,Title_12,David Fincher,"Henry Cavill, Zendaya, Shah Rukh Khan",United States,R,2015,"December 12, 2023",1 Seasons,TV Dramas,This is a placeholder description for the show or movie.
s13,TV Show,Title_13,Bong Joon Ho,"Song Kang, Zendaya, Henry Cavill",United States,R,2014,"October 5, 2022",5 Seasons,TV Dramas,This is a placeholder description for the show or movie.
s14,Movie,Title_14,Greta Gerwig,"Song Kang, Henry Cavill",India,R,2020,"January 7, 2021",149 min,Thrillers,This is a placeholder description for the show or movie.
s15,Movie,Title_15,Greta Gerwig,Leonardo DiCaprio,United States,TV-MA,2019,"October 14, 2021",147 min,Documentaries,This is a placeholder description for the show or movie.
s16,Movie,Title_16,Greta Gerwig,Leonardo DiCaprio,India,R,2019,"January 17, 2019",109 min,Dramas,This is a placeholder description for the show or movie.
s17,Movie,Title_17,Mike Flanagan,"Song Kang, Millie Bobby Brown, Henry Cavill",United States,TV-14,2023,"July 3, 2023",81 min,Thrillers,This is a placeholder description for the show or movie.
s18,Movie,Title_18,David Fincher,"Millie Bobby Brown, Song Kang",United States,TV-PG,2023,"October 23, 2023",108 min,Documentaries,This is a placeholder description for the show or movie.
s19,Movie,Title_19,Greta Gerwig,"Millie Bobby Brown, Song Kang",United States,R,2021,"July 2, 2023",127 min,Dramas,This is a placeholder description for the show or movie.
s20,Movie,Title_20,nan,"Henry Cavill, Millie Bobby Brown, Leonardo DiCaprio",United States,TV-14,2017,"January 19, 2017",97 min,Documentaries,This is a placeholder description for the show or movie.
s21,Movie,Title_21,Mike Flanagan,"Millie Bobby Brown, Shah Rukh Khan",United Kingdom,TV-MA,2017,"December 22, 2017",90 min,Comedies,This is a placeholder description for the show or movie.
s22,Movie,Title_22,Bong Joon Ho,"Leonardo DiCaprio, Millie Bobby Brown, Song Kang",India,TV-MA,2014,"January 21, 2016",139 min,Documentaries,This is a placeholder description for the show or movie.
s23,Movie,Title_23,Greta Gerwig,"Millie Bobby Brown, Henry Cavill, Leonardo DiCaprio",United States,TV-PG,2015,"December 16, 2018",124 min,Comedies,This is a placeholder description for the show or movie.
s24,Movie,Title_24,Greta Gerwig,"Song Kang, Leonardo DiCaprio, Henry Cavill",United States,TV-PG,2006,"July 14, 2022",128 min,Comedies,This is a placeholder description for the show or movie.
s25,Movie,Title_25,Mike Flanagan,Zendaya,United States,TV-14,2023,"October 28, 2023",124 min,Dramas,This is a placeholder description for the show or movie.
s26,TV Show,Title_26,David Fincher,Shah Rukh Khan,United States,TV-PG,2016,"December 20, 2019",1 Seasons,Docuseries,This is a placeholder description for the show or movie.
s27,Movie,Title_27,nan,"Millie Bobby Brown, Shah Rukh Khan",Japan,TV-PG,2015,"December 12, 2020",87 min,Thrillers,This is a placeholder description for the show or movie.
s28,Movie,Title_28,Bong Joon Ho,"Leonardo DiCaprio, Henry Cavill, Zendaya",United States,TV-MA,2017,"January 1, 2017",94 min,Dramas,This is a placeholder description for the show or movie.
s29,Movie,Title_29,Greta Gerwig,"Henry Cavill, Shah Rukh Khan, Song Kang",Canada,TV-14,2023,"January 5, 2023",91 min,Thrillers,This is a placeholder description for the show or movie.
s30,Movie,Title_30,David Fincher,"Leonardo DiCaprio, Henry Cavill",Japan,TV-PG,2021,"December 8, 2021",150 min,Thrillers,This is a placeholder description for the show or movie.
s31,Movie,Title_31,nan,"Leonardo DiCaprio, Henry Cavill",United States,TV-14,2023,"January 13, 2023",134 min,Documentaries,This is a placeholder description for the show or movie.
s32,Movie,Title_32,nan,Henry Cavill,India,R,2016,"December 27, 2019",149 min,Documentaries,This is a placeholder description for the show or movie.
s33,Movie,Title_33,Bong Joon Ho,"Shah Rukh Khan, Henry Cavill, Zendaya",France,TV-MA,2018,"January 20, 2018",105 min,Documentaries,This is a placeholder description for the show or movie.
s34,TV Show,Title_34,Martin Scorsese,Millie Bobby Brown,South Korea,TV-MA,2014,"July 22, 2014",2 Seasons,Docuseries,This is a placeholder description for the show or movie.
s35,TV Show,Title_35,nan,"Song Kang, Shah Rukh Khan, Zendaya",India,TV-MA,2013,"December 4, 2020",4 Seasons,International TV Shows,This is a placeholder description for the show or movie.
s36,TV Show,Title_36,Martin Scorsese,Millie Bobby Brown,South Korea,PG-13,2019,"October 5, 2019",3 Seasons,Docuseries,This is a placeholder description for the show or movie.
s37,Movie,Title_37,nan,Millie Bobby Brown,South Korea,TV-14,2017,"December 4, 2021",87 min,Action & Adventure,This is a placeholder description for the show or movie.
s38,Movie,Title_38,Bong Joon Ho,"Henry Cavill, Leonardo DiCaprio",United States,R,2017,"January 22, 2018",133 min,Thrillers,This is a placeholder description for the show or movie.
s39,TV Show,Title_39,Mike Flanagan,Song Kang,Japan,TV-PG,2015,"January 4, 2018",3 Seasons,TV Dramas,This is a placeholder description for the show or movie.
s40,Movie,Title_40,Bong Joon Ho,"Henry Cavill, Song Kang",India,R,2014,"December 15, 2020",123 min,Thrillers,This is a placeholder description for the show or movie.
s41,Movie,Title_41,Bong Joon Ho,"Henry Cavill, Shah Rukh Khan, Leonardo DiCaprio",India,TV-14,2023,"January 4, 2023",119 min,Dramas,This is a placeholder description for the show or movie.
s42,Movie,Title_42,Mike Flanagan,"Song Kang, Shah Rukh Khan, Leonardo DiCaprio",France,TV-MA,2016,"January 28, 2019",142 min,Dramas,This is a placeholder description for the show or movie.
s43,Movie,Title_43,Mike Flanagan,"Zendaya, Millie Bobby Brown, Song Kang",South Korea,PG-13,2014,"December 8, 2023",101 min,Documentaries,This is a placeholder description for the show or movie.
s44,TV Show,Title_44,David Fincher,"Millie Bobby Brown, Shah Rukh Khan",United States,TV-14,2006,"January 24, 2018",3 Seasons,Crime TV Shows,This is a placeholder description for the show or movie.
s45,Movie,Title_45,nan,"Song Kang, Millie Bobby Brown, Zendaya",United States,TV-14,2022,"October 5, 2022",95 min,Dramas,This is a placeholder description for the show or movie.
s46,TV Show,Title_46,David Fincher,"Millie Bobby Brown, Zendaya",United Kingdom,TV-PG,2013,"October 8, 2021",3 Seasons,TV Dramas,This is a placeholder description for the show or movie.
s47,Movie,Title_47,Mike Flanagan,"Millie Bobby Brown, Zendaya",Canada,R,2022,"October 2, 2022",146 min,Comedies,This is a placeholder description for the show or movie.
s48,Movie,Title_48,Martin Scorsese,Zendaya,United Kingdom,R,2013,"January 28, 2021",101 min,Documentaries,This is a placeholder description for the show or movie.
s49,Movie,Title_49,Martin Scorsese,Song Kang,France,TV-PG,2015,"July 16, 2022",116 min,Comedies,This is a placeholder description for the show or movie.
s50,Movie,Title_50,Bong Joon Ho,Song Kang,Japan,PG-13,2023,"July 21, 2023",141 min,Action & Adventure,This is a placeholder description for the show or movie.
s51,TV Show,Title_51,Greta Gerwig,Shah Rukh Khan,India,TV-MA,2018,"October 24, 2018",2 Seasons,TV Comedies,This is a placeholder description for the show or movie.
s52,TV Show,Title_52,Bong Joon Ho,"Leonardo DiCaprio, Henry Cavill",United States,TV-MA,2023,"December 11, 2023",5 Seasons,Docuseries,This is a placeholder description for the show or movie.
s53,TV Show,Title_53,Bong Joon Ho,"Henry Cavill, Shah Rukh Khan, Song Kang",India,PG-13,2021,"October 28, 2021",1 Seasons,TV Comedies,This is a placeholder description for the show or movie.
s54,TV Show,Title_54,Greta Gerwig,"Zendaya, Shah Rukh Khan",United Kingdom,TV-PG,2013,"October 13, 2017",4 Seasons,TV Comedies,This is a placeholder description for the show or movie.
s55,Movie,Title_55,nan,Henry Cavill,United Kingdom,TV-14,2023,"October 23, 2023",142 min,Documentaries,This is a placeholder description for the show or movie.
s56,TV Show,Title_56,Mike Flanagan,"Shah Rukh Khan, Song Kang",India,R,2023,"January 25, 2023",5 Seasons,TV Dramas,This is a placeholder description for the show or movie.
s57,Movie,Title_57,Martin Scorsese,"Leonardo DiCaprio, Shah Rukh Khan, Song Kang",India,TV-14,2019,"December 15, 2019",128 min,Thrillers,This is a placeholder description for the show or movie.
s58,Movie,Title_58,Bong Joon Ho,"Shah Rukh Khan, Henry Cavill",United States,R,2016,"July 27, 2016",81 min,Documentaries,This is a placeholder description for the show or movie.
s59,Movie,Title_59,Greta Gerwig,"Leonardo DiCaprio, Millie Bobby Brown, Shah Rukh Khan",United States,TV-14,2018,"October 22, 2018",101 min,Documentaries,This is a placeholder description for the show or movie.
s60,Movie,Title_60,David Fincher,"Leonardo DiCaprio, Millie Bobby Brown, Song Kang",India,TV-PG,2020,"January 7, 2020",121 min,Dramas,This is a placeholder description for the show or movie.
s61,Movie,Title_61,Bong Joon Ho,"Song Kang, Zendaya, Henry Cavill",United States,TV-PG,2019,"July 18, 2023",95 min,Documentaries,This is a placeholder description for the show or movie.
s62,Movie,Title_62,Martin Scorsese,Millie Bobby Brown,United States,PG-13,2017,"October 6, 2022",127 min,Action & Adventure,This is a placeholder description for the show or movie.
s63,TV Show,Title_63,Mike Flanagan,Song Kang,United States,TV-14,2023,"July 23, 2023",4 Seasons,International TV Shows,This is a placeholder description for the show or movie.
s64,Movie,Title_64,Bong Joon Ho,Shah Rukh Khan,India,TV-14,2023,"December 22, 2023",84 min,Action & Adventure,This is a placeholder description for the show or movie.
s65,Movie,Title_65,Bong Joon Ho,"Song Kang, Shah Rukh Khan, Millie Bobby Brown",United States,PG-13,2019,"October 12, 2019",140 min,Documentaries,This is a placeholder description for the show or movie.
s66,Movie,Title_66,nan,"Henry Cavill, Song Kang",South Korea,PG-13,2020,"October 12, 2020",108 min,Comedies,This is a placeholder description for the show or movie.
s67,Movie,Title_67,Greta Gerwig,Shah Rukh Khan,India,TV-PG,2018,"December 11, 2023",88 min,Comedies,This is a placeholder description for the show or movie.
s68,TV Show,Title_68,David Fincher,"Zendaya, Henry Cavill, Song Kang",United Kingdom,TV-PG,2011,"December 24, 2023",4 Seasons,Crime TV Shows,This is a placeholder description for the show or movie.
s69,Movie,Title_69,David Fincher,Shah Rukh Khan,Canada,TV-14,2022,"December 28, 2022",125 min,Comedies,This is a placeholder description for the show or movie.
s70,TV Show,Title_70,Mike Flanagan,"Song Kang, Shah Rukh Khan, Zendaya",United States,TV-PG,2017,"October 19, 2021",3 Seasons,TV Comedies,This is a placeholder description for the show or movie.
s71,TV Show,Title_71,Martin Scorsese,Henry Cavill,India,TV-PG,2023,"July 7, 2023",1 Seasons,TV Comedies,This is a placeholder description for the show or movie.
s72,Movie,Title_72,Mike Flanagan,Song Kang,France,TV-14,2018,"October 14, 2020",134 min,Comedies,This is a placeholder description for the show or movie.
s73,Movie,Title_73,Bong Joon Ho,"Shah Rukh Khan, Millie Bobby Brown",South Korea,PG-13,2023,"December 27, 2023",83 min,Action & Adventure,This is a placeholder description for the show or movie.
s74,TV Show,Title_74,Bong Joon Ho,"Song Kang, Shah Rukh Khan",France,TV-14,2017,"July 8, 2023",1 Seasons,International TV Shows,This is a placeholder description for the show or movie.
s75,TV Show,Title_75,David Fincher,Millie Bobby Brown,Canada,TV-MA,2018,"January 13, 2023",1 Seasons,Docuseries,This is a placeholder description for the show or movie.
s76,TV Show,Title_76,Martin Scorsese,"Song Kang, Shah Rukh Khan, Millie Bobby Brown",United States,TV-14,2013,"January 11, 2019",2 Seasons,Crime TV Shows,This is a placeholder description for the show or movie.
s77,TV Show,Title_77,Greta Gerwig,"Henry Cavill, Zendaya, Millie Bobby Brown",United States,TV-MA,2023,"July 15, 2023",4 Seasons,Docuseries,This is a placeholder description for the show or movie.
s78,Movie,Title_78,Martin Scorsese,"Henry Cavill, Leonardo DiCaprio, Song Kang",India,TV-14,2017,"January 7, 2020",126 min,Dramas,This is a placeholder description for the show or movie.
s79,Movie,Title_79,Bong Joon Ho,Leonardo DiCaprio,United States,TV-MA,2013,"October 17, 2018",135 min,Dramas,This is a placeholder description for the show or movie.
s80,Movie,Title_80,Greta Gerwig,Song Kang,United States,TV-MA,2018,"July 10, 2020",82 min,Dramas,This is a placeholder description for the show or movie.
s81,TV Show,Title_81,Martin Scorsese,Shah Rukh Khan,South Korea,TV-14,2023,"January 25, 2023",2 Seasons,Docuseries,This is a placeholder description for the show or movie.
s82,Movie,Title_82,Martin Scorsese,"Song Kang, Henry Cavill",United States,TV-PG,2013,"October 11, 2020",143 min,Comedies,This is a placeholder description for the show or movie.
s83,Movie,Title_83,Greta Gerwig,Zendaya,United States,R,2021,"July 16, 2023",99 min,Action & Adventure,This is a placeholder description for the show or movie.
s84,Movie,Title_84,Bong Joon Ho,Leonardo DiCaprio,South Korea,TV-PG,2021,"July 16, 2021",140 min,Comedies,This is a placeholder description for the show or movie.
s85,Movie,Title_85,Martin Scorsese,Millie Bobby Brown,South Korea,TV-MA,2021,"July 6, 2022",85 min,Dramas,This is a placeholder description for the show or movie.
s86,Movie,Title_86,Greta Gerwig,"Zendaya, Shah Rukh Khan",United States,TV-14,2013,"December 27, 2020",134 min,Thrillers,This is a placeholder description for the show or movie.
s87,TV Show,Title_87,nan,Song Kang,South Korea,TV-14,2023,"December 6, 2023",3 Seasons,International TV Shows,This is a placeholder description for the show or movie.
s88,Movie,Title_88,nan,Leonardo DiCaprio,Japan,TV-14,2018,"January 7, 2019",87 min,Thrillers,This is a placeholder description for the show or movie.
s89,TV Show,Title_89,Bong Joon Ho,"Song Kang, Millie Bobby Brown",India,TV-14,2006,"January 22, 2020",1 Seasons,Docuseries,This is a placeholder description for the show or movie.
s90,Movie,Title_90,Greta Gerwig,"Leonardo DiCaprio, Millie Bobby Brown",United States,R,2019,"July 22, 2019",118 min,Dramas,This is a placeholder description for the show or movie.
s91,Movie,Title_91,nan,Song Kang,United States,PG-13,2012,"July 26, 2017",120 min,Thrillers,This is a placeholder description for the show or movie.
s92,TV Show,Title_92,Greta Gerwig,"Henry Cavill, Shah Rukh Khan",India,TV-MA,2021,"December 10, 2023",3 Seasons,Crime TV Shows,This is a placeholder description for the show or movie.
s93,TV Show,Title_93,Martin Scorsese,"Leonardo DiCaprio, Henry Cavill, Millie Bobby Brown",United States,R,2023,"July 1, 2023",2 Seasons,International TV Shows,This is a placeholder description for the show or movie.
s94,Movie,Title_94,Bong Joon Ho,Shah Rukh Khan,France,TV-PG,2022,"January 12, 2022",111 min,Action & Adventure,This is a placeholder description for the show or movie.
s95,TV Show,Title_95,nan,"Millie Bobby Brown, Song Kang",South Korea,PG-13,2015,"July 22, 2018",5 Seasons,Docuseries,This is a placeholder description for the show or movie.
s96,Movie,Title_96,Martin Scorsese,"Leonardo DiCaprio, Shah Rukh Khan",South Korea,PG-13,2021,"January 21, 2022",95 min,Action & Adventure,This is a placeholder description for the show or movie.
s97,Movie,Title_97,Mike Flanagan,"Leonardo DiCaprio, Song Kang",France,TV-14,2017,"October 27, 2019",94 min,Comedies,This is a placeholder description for the show or movie.
s98,Movie,Title_98,Mike Flanagan,"Shah Rukh Khan, Leonardo DiCaprio, Millie Bobby Brown",Japan,R,2020,"December 6, 2021",86 min,Action & Adventure,This is a placeholder description for the show or movie.
s99,Movie,Title_99,Bong Joon Ho,"Shah Rukh Khan, Millie Bobby Brown, Henry Cavill",United States,TV-PG,2023,"October 11, 2023",141 min,Action & Adventure,This is a placeholder description for the show or movie.
s100,Movie,Title_100,nan,Millie Bobby Brown,United States,TV-14,2018,"January 11, 2018",82 min,Dramas,This is a placeholder description for the show or movie.
s101,Movie,Title_101,nan,Leonardo DiCaprio,Canada,TV-14,2017,"October 12, 2019",105 min,Documentaries,This is a placeholder description for the show or movie.
s102,Movie,Title_102,nan,Millie Bobby Brown,United States,TV-MA,2017,"July 2, 2017",99 min,Documentaries,This is a placeholder description for the show or movie.
s103,Movie,Title_103,Greta Gerwig,Leonardo DiCaprio,India,PG-13,2010,"October 4, 2013",146 min,Documentaries,This is a placeholder description for the show or movie.
s104,Movie,Title_104,Martin Scorsese,"Millie Bobby Brown, Leonardo DiCaprio",United Kingdom,TV-PG,2017,"July 8, 2018",81 min,Dramas,This is a placeholder description for the show or movie.
s105,TV Show,Title_105,nan,"Henry Cavill, Shah Rukh Khan",France,PG-13,2014,"July 19, 2023",5 Seasons,International TV Shows,This is a placeholder description for the show or movie.
s106,Movie,Title_106,Martin Scorsese,Leonardo DiCaprio,India,R,2013,"October 11, 2023",135 min,Action & Adventure,This is a placeholder description for the show or movie.
s107,Movie,Title_107,Bong Joon Ho,"Shah Rukh Khan, Song Kang",South Korea,TV-MA,2023,"October 1, 2023",148 min,Documentaries,This is a placeholder description for the show or movie.
s108,TV Show,Title_108,nan,Song Kang,United States,TV-14,2018,"January 19, 2018",5 Seasons,International TV Shows,This is a placeholder description for the show or movie.
s109,Movie,Title_109,Bong Joon Ho,Song Kang,United Kingdom,TV-MA,2003,"October 7, 2015",94 min,Comedies,This is a placeholder description for the show or movie.
s110,Movie,Title_110,nan,Shah Rukh Khan,United States,TV-14,2021,"October 10, 2023",124 min,Action & Adventure,This is a placeholder description for the show or movie.
s111,Movie,Title_111,Mike Flanagan,"Leonardo DiCaprio, Millie Bobby Brown",Japan,TV-MA,2022,"July 12, 2022",99 min,Comedies,This is a placeholder description for the show or movie.
s112,Movie,Title_112,David Fincher,"Shah Rukh Khan, Zendaya",United States,TV-14,2017,"December 2, 2023",145 min,Thrillers,This is a placeholder description for the show or movie.
s113,TV Show,Title_113,Bong Joon Ho,"Zendaya, Song Kang, Millie Bobby Brown",Canada,PG-13,2023,"December 8, 2023",2 Seasons,Docuseries,This is a placeholder description for the show or movie.
s114,TV Show,Title_114,nan,Leonardo DiCaprio,United States,PG-13,2008,"July 16, 2013",3 Seasons,Crime TV Shows,This is a placeholder description for the show or movie.
s115,Movie,Title_115,David Fincher,"Leonardo DiCaprio, Song Kang, Henry Cavill",United States,PG-13,2023,"July 23, 2023",95 min,Documentaries,This is a placeholder description for the show or movie.
s116,TV Show,Title_116,Bong Joon Ho,Shah Rukh Khan,India,PG-13,2018,"January 19, 2018",2 Seasons,TV Dramas,This is a placeholder description for the show or movie.
s117,TV Show,Title_117,Greta Gerwig,Millie Bobby Brown,India,TV-MA,2014,"July 4, 2019",2 Seasons,Docuseries,This is a placeholder description for the show or movie.
s118,Movie,Title_118,nan,"Millie Bobby Brown, Song Kang, Shah Rukh Khan",United States,TV-14,2019,"January 15, 2019",133 min,Documentaries,This is a placeholder description for the show or movie.
s119,TV Show,Title_119,Greta Gerwig,"Millie Bobby Brown, Zendaya, Song Kang",United States,PG-13,2012,"December 9, 2017",1 Seasons,TV Dramas,This is a placeholder description for the show or movie.
s120,Movie,Title_120,Mike Flanagan,"Henry Cavill, Millie Bobby Brown, Song Kang",Canada,TV-MA,2023,"July 22, 2023",137 min,Thrillers,This is a placeholder description for the show or movie.
s121,TV Show,Title_121,nan,"Song Kang, Henry Cavill, Millie Bobby Brown",United Kingdom,TV-14,2021,"July 15, 2021",3 Seasons,Docuseries,This is a placeholder description for the show or movie.
s122,TV Show,Title_122,Mike Flanagan,"Millie Bobby Brown, Henry Cavill, Shah Rukh Khan",United States,TV-MA,2003,"July 23, 2018",5 Seasons,International TV Shows,This is a placeholder description for the show or movie.
s123,Movie,Title_123,David Fincher,"Millie Bobby Brown, Henry Cavill, Shah Rukh Khan",Canada,PG-13,2013,"July 23, 2021",89 min,Dramas,This is a placeholder description for the show or movie.
s124,Movie,Title_124,Bong Joon Ho,"Henry Cavill, Zendaya, Leonardo DiCaprio",United States,R,2023,"January 19, 2023",148 min,Comedies,This is a placeholder description for the show or movie.
s125,Movie,Title_125,Martin Scorsese,"Henry Cavill, Song Kang, Zendaya",India,TV-MA,2023,"January 20, 2023",116 min,Dramas,This is a placeholder description for the show or movie.
s126,Movie,Title_126,Mike Flanagan,"Zendaya, Shah Rukh Khan, Henry Cavill",United States,PG-13,2014,"December 7, 2021",147 min,Comedies,This is a placeholder description for the show or movie.
s127,TV Show,Title_127,Martin Scorsese,"Zendaya, Shah Rukh Khan, Millie Bobby Brown",India,TV-PG,2023,"July 9, 2023",2 Seasons,TV Dramas,This is a placeholder description for the show or movie.
s128,TV Show,Title_128,Martin Scorsese,"Song Kang, Leonardo DiCaprio, Shah Rukh Khan",United States,TV-14,2015,"July 21, 2020",5 Seasons,TV Comedies,This is a placeholder description for the show or movie.
s129,Movie,Title_129,Bong Joon Ho,"Song Kang, Zendaya",France,PG-13,2010,"October 23, 2022",147 min,Action & Adventure,This is a placeholder description for the show or movie.
s130,Movie,Title_130,David Fincher,"Leonardo DiCaprio, Millie Bobby Brown",United States,TV-PG,2023,"December 28, 2023",95 min,Comedies,This is a placeholder description for the show or movie.
s131,Movie,Title_131,Bong Joon Ho,"Shah Rukh Khan, Zendaya, Henry Cavill",United States,TV-MA,2014,"December 8, 2021",148 min,Action & Adventure,This is a placeholder description for the show or movie.
s132,Movie,Title_132,nan,"Leonardo DiCaprio, Millie Bobby Brown",United States,TV-MA,2020,"December 28, 2020",136 min,Documentaries,This is a placeholder description for the show or movie.
s133,Movie,Title_133,Mike Flanagan,Henry Cavill,Japan,TV-PG,2018,"October 20, 2019",110 min,Dramas,This is a placeholder description for the show or movie.
s134,Movie,Title_134,Martin Scorsese,"Millie Bobby Brown, Shah Rukh Khan, Song Kang",United Kingdom,TV-PG,2022,"December 20, 2022",93 min,Action & Adventure,This is a placeholder description for the show or movie.
s135,TV Show,Title_135,Bong Joon Ho,Zendaya,Canada,TV-14,2013,"October 8, 2016",2 Seasons,TV Dramas,This is a placeholder description for the show or movie.
s136,Movie,Title_136,Bong Joon Ho,Zendaya,France,TV-MA,2016,"December 9, 2022",82 min,Thrillers,This is a placeholder description for the show or movie.
s137,Movie,Title_137,Bong Joon Ho,"Leonardo DiCaprio, Song Kang, Shah Rukh Khan",France,TV-PG,2018,"October 7, 2018",109 min,Comedies,This is a placeholder description for the show or movie.
s138,TV Show,Title_138,Mike Flanagan,"Shah Rukh Khan, Zendaya, Song Kang",Canada,R,2019,"July 24, 2019",4 Seasons,TV Dramas,This is a placeholder description for the show or movie.
s139,Movie,Title_139,David Fincher,"Henry Cavill, Leonardo DiCaprio",United States,R,2022,"December 7, 2022",149 min,Dramas,This is a placeholder description for the show or movie.
s140,TV Show,Title_140,Bong Joon Ho,"Song Kang, Shah Rukh Khan",South Korea,TV-PG,2016,"July 25, 2020",2 Seasons,TV Dramas,This is a placeholder description for the show or movie.
s141,TV Show,Title_141,Mike Flanagan,"Leonardo DiCaprio, Zendaya, Shah Rukh Khan",United States,TV-14,2023,"January 2, 2023",2 Seasons,Docuseries,This is a placeholder description for the show or movie.
s142,Movie,Title_142,Martin Scorsese,"Millie Bobby Brown, Shah Rukh Khan, Song Kang",Canada,TV-MA,2020,"July 27, 2020",141 min,Documentaries,This is a placeholder description for the show or movie.
s143,Movie,Title_143,nan,Song Kang,United Kingdom,R,2020,"December 23, 2020",91 min,Action & Adventure,This is a placeholder description for the show or movie.
s144,Movie,Title_144,Greta Gerwig,"Zendaya, Shah Rukh Khan",South Korea,TV-PG,2018,"July 18, 2023",80 min,Dramas,This is a placeholder description for the show or movie.
s145,Movie,Title_145,Mike Flanagan,"Leonardo DiCaprio, Henry Cavill, Song Kang",India,TV-PG,2013,"July 8, 2016",137 min,Comedies,This is a placeholder description for the show or movie.
s146,Movie,Title_146,Greta Gerwig,"Shah Rukh Khan, Zendaya, Song Kang",United Kingdom,PG-13,2011,"October 13, 2016",122 min,Documentaries,This is a placeholder description for the show or movie.
s147,Movie,Title_147,Bong Joon Ho,"Henry Cavill, Shah Rukh Khan, Leonardo DiCaprio",France,TV-PG,2020,"July 12, 2020",102 min,Dramas,This is a placeholder description for the show or movie.
s148,Movie,Title_148,Bong Joon Ho,"Millie Bobby Brown, Shah Rukh Khan",United States,TV-14,2016,"October 25, 2021",142 min,Action & Adventure,This is a placeholder description for the show or movie.
s149,Movie,Title_149,Mike Flanagan,"Shah Rukh Khan, Henry Cavill, Zendaya",United States,R,2020,"December 10, 2020",114 min,Action & Adventure,This is a placeholder description for the show or movie.
s150,Movie,Title_150,Greta Gerwig,Zendaya,United Kingdom,PG-13,2018,"July 1, 2020",132 min,Dramas,This is a placeholder description for the show or movie.
s151,TV Show,Title_151,Bong Joon Ho,"Zendaya, Henry Cavill, Leonardo DiCaprio",France,R,2016,"January 1, 2019",2 Seasons,TV Comedies,This is a placeholder description for the show or movie.
s152,Movie,Title_152,Martin Scorsese,Shah Rukh Khan,United States,R,2023,"December 1, 2023",130 min,Thrillers,This is a placeholder description for the show or movie.
s153,Movie,Title_153,David Fincher,"Zendaya, Millie Bobby Brown, Song Kang",United States,TV-14,2023,"July 20, 2023",149 min,Comedies,This is a placeholder description for the show or movie.
s154,Movie,Title_154,David Fincher,Zendaya,United States,TV-PG,2017,"December 1, 2017",81 min,Action & Adventure,This is a placeholder description for the show or movie.
s155,TV Show,Title_155,Bong Joon Ho,Henry Cavill,United States,TV-14,2013,"October 19, 2023",2 Seasons,Docuseries,This is a placeholder description for the show or movie.
s156,Movie,Title_156,Greta Gerwig,"Leonardo DiCaprio, Millie Bobby Brown",France,TV-PG,2015,"July 18, 2023",118 min,Comedies,This is a placeholder description for the show or movie.
s157,TV Show,Title_157,nan,"Song Kang, Millie Bobby Brown, Henry Cavill",Canada,PG-13,2011,"October 4, 2016",3 Seasons,TV Dramas,This is a placeholder description for the show or movie.
s158,TV Show,Title_158,Bong Joon Ho,"Millie Bobby Brown, Song Kang, Leonardo DiCaprio",United Kingdom,TV-14,2016,"July 4, 2019",3 Seasons,International TV Shows,This is a placeholder description for the show or movie.
s159,Movie,Title_159,nan,"Millie Bobby Brown, Zendaya",India,TV-14,2022,"January 17, 2022",149 min,Dramas,This is a placeholder description for the show or movie.
s160,TV Show,Title_160,nan,"Henry Cavill, Shah Rukh Khan",South Korea,TV-MA,2015,"July 10, 2019",2 Seasons,International TV Shows,This is a placeholder description for the show or movie.
s161,Movie,Title_161,Greta Gerwig,"Song Kang, Henry Cavill, Millie Bobby Brown",United States,TV-14,2016,"July 10, 2017",123 min,Comedies,This is a placeholder description for the show or movie.
s162,Movie,Title_162,nan,Leonardo DiCaprio,United States,TV-MA,2013,"December 19, 2023",119 min,Documentaries,This is a placeholder description for the show or movie.
s163,Movie,Title_163,Martin Scorsese,"Millie Bobby Brown, Zendaya, Song Kang",India,TV-PG,2008,"July 2, 2023",132 min,Comedies,This is a placeholder description for the show or movie.
s164,Movie,Title_164,Greta Gerwig,Leonardo DiCaprio,United States,TV-PG,2016,"January 13, 2017",97 min,Documentaries,This is a placeholder description for the show or movie.
s165,Movie,Title_165,Bong Joon Ho,Millie Bobby Brown,India,TV-PG,2021,"December 21, 2023",139 min,Action & Adventure,This is a placeholder description for the show or movie.
s166,TV Show,Title_166,Martin Scorsese,Shah Rukh Khan,United States,TV-MA,2023,"January 26, 2023",3 Seasons,Crime TV Shows,This is a placeholder description for the show or movie.
s167,Movie,Title_167,Mike Flanagan,"Zendaya, Millie Bobby Brown, Shah Rukh Khan",United States,TV-PG,2023,"December 6, 2023",132 min,Thrillers,This is a placeholder description for the show or movie.
s168,Movie,Title_168,David Fincher,"Leonardo DiCaprio, Song Kang",United States,R,2015,"December 20, 2017",87 min,Action & Adventure,This is a placeholder description for the show or movie.
s169,Movie,Title_169,Bong Joon Ho,Henry Cavill,South Korea,TV-14,2023,"January 18, 2023",143 min,Comedies,This is a placeholder description for the show or movie.
s170,Movie,Title_170,Bong Joon Ho,"Shah Rukh Khan, Song Kang, Leonardo DiCaprio",United States,TV-MA,2022,"December 4, 2022",80 min,Thrillers,This is a placeholder description for the show or movie.
s171,TV Show,Title_171,Bong Joon Ho,"Leonardo DiCaprio, Zendaya",France,TV-PG,2013,"December 26, 2018",3 Seasons,Docuseries,This is a placeholder description for the show or movie.
s172,Movie,Title_172,Martin Scorsese,"Henry Cavill, Zendaya, Shah Rukh Khan",United States,R,2023,"December 24, 2023",88 min,Dramas,This is a placeholder description for the show or movie.
s173,Movie,Title_173,Mike Flanagan,"Millie Bobby Brown, Henry Cavill",South Korea,TV-14,2018,"December 2, 2018",117 min,Dramas,This is a placeholder description for the show or movie.
s174,Movie,Title_174,Greta Gerwig,"Henry Cavill, Leonardo DiCaprio, Shah Rukh Khan",Japan,TV-14,2016,"October 3, 2019",143 min,Dramas,This is a placeholder description for the show or movie.
s175,Movie,Title_175,Mike Flanagan,Shah Rukh Khan,France,TV-PG,2014,"January 8, 2017",106 min,Dramas,This is a placeholder description for the show or movie.
s176,Movie,Title_176,Martin Scorsese,Song Kang,Japan,R,2019,"December 2, 2019",145 min,Documentaries,This is a placeholder description for the show or movie.
s177,TV Show,Title_177,Bong Joon Ho,Shah Rukh Khan,United States,TV-MA,2013,"December 3, 2017",3 Seasons,International TV Shows,This is a placeholder description for the show or movie.
s178,Movie,Title_178,David Fincher,"Song Kang, Leonardo DiCaprio",United States,TV-PG,2017,"January 18, 2022",84 min,Thrillers,This is a placeholder description for the show or movie.
s179,TV Show,Title_179,Bong Joon Ho,"Millie Bobby Brown, Henry Cavill",India,TV-14,2023,"December 15, 2023",1 Seasons,TV Dramas,This is a placeholder description for the show or movie.
s180,Movie,Title_180,Greta Gerwig,Leonardo DiCaprio,United States,TV-14,2023,"July 22, 2023",112 min,Comedies,This is a placeholder description for the show or movie.
s181,Movie,Title_181,nan,"Zendaya, Song Kang",United States,TV-14,2023,"July 1, 2023",120 min,Dramas,This is a placeholder description for the show or movie.
s182,Movie,Title_182,David Fincher,Millie Bobby Brown,Japan,TV-PG,2013,"December 21, 2017",107 min,Action & Adventure,This is a placeholder description for the show or movie.
s183,TV Show,Title_183,Bong Joon Ho,"Millie Bobby Brown, Zendaya, Leonardo DiCaprio",India,PG-13,2017,"December 23, 2021",2 Seasons,Docuseries,This is a placeholder description for the show or movie.
s184,TV Show,Title_184,David Fincher,"Zendaya, Shah Rukh Khan",United Kingdom,PG-13,2021,"January 25, 2021",1 Seasons,TV Dramas,This is a placeholder description for the show or movie.
s185,Movie,Title_185,nan,"Song Kang, Zendaya, Shah Rukh Khan",France,PG-13,2013,"December 16, 2017",134 min,Documentaries,This is a placeholder description for the show or movie.
s186,TV Show,Title_186,Mike Flanagan,"Millie Bobby Brown, Henry Cavill",United Kingdom,R,2017,"October 20, 2019",5 Seasons,Docuseries,This is a placeholder description for the show or movie.
s187,TV Show,Title_187,Martin Scorsese,Shah Rukh Khan,United Kingdom,TV-PG,2013,"July 9, 2020",2 Seasons,International TV Shows,This is a placeholder description for the show or movie.
s188,Movie,Title_188,Bong Joon Ho,Henry Cavill,South Korea,TV-14,2023,"July 12, 2023",86 min,Comedies,This is a placeholder description for the show or movie.
s189,Movie,Title_189,Greta Gerwig,"Zendaya, Song Kang",United States,R,2015,"December 28, 2021",104 min,Comedies,This is a placeholder description for the show or movie.
s190,Movie,Title_190,Mike Flanagan,"Song Kang, Millie Bobby Brown",United States,PG-13,2015,"December 10, 2022",114 min,Comedies,This is a placeholder description for the show or movie.
s191,Movie,Title_191,Bong Joon Ho,Song Kang,France,TV-MA,2014,"January 20, 2023",97 min,Dramas,This is a placeholder description for the show or movie.
s192,TV Show,Title_192,Mike Flanagan,Song Kang,France,R,2019,"July 12, 2019",1 Seasons,Crime TV Shows,This is a placeholder description for the show or movie.
s193,TV Show,Title_193,Greta Gerwig,"Henry Cavill, Millie Bobby Brown, Shah Rukh Khan",Japan,R,2015,"December 21, 2018",1 Seasons,TV Comedies,This is a placeholder description for the show or movie.
s194,Movie,Title_194,Bong Joon Ho,Leonardo DiCaprio,India,TV-PG,2023,"December 1, 2023",143 min,Comedies,This is a placeholder description for the show or movie.
s195,Movie,Title_195,nan,"Millie Bobby Brown, Leonardo DiCaprio",Japan,R,2014,"July 17, 2018",83 min,Documentaries,This is a placeholder description for the show or movie.
s196,Movie,Title_196,nan,"Leonardo DiCaprio, Millie Bobby Brown, Song Kang",United States,TV-PG,2017,"October 26, 2019",99 min,Documentaries,This is a placeholder description for the show or movie.
s197,TV Show,Title_197,Greta Gerwig,Shah Rukh Khan,United States,TV-MA,2010,"January 4, 2018",3 Seasons,International TV Shows,This is a placeholder description for the show or movie.
s198,TV Show,Title_198,David Fincher,"Millie Bobby Brown, Song Kang",India,TV-14,2017,"January 7, 2018",2 Seasons,Crime TV Shows,This is a placeholder description for the show or movie.
s199,TV Show,Title_199,Greta Gerwig,"Henry Cavill, Zendaya",India,TV-14,2021,"January 20, 2022",2 Seasons,Crime TV Shows,This is a placeholder description for the show or movie.
s200,TV Show,Title_200,David Fincher,"Leonardo DiCaprio, Song Kang, Millie Bobby Brown",United States,PG-13,2017,"July 12, 2020",4 Seasons,International TV Shows,This is a placeholder description for the show or movie.
s201,Movie,Title_201,Bong Joon Ho,"Henry Cavill, Millie Bobby Brown, Shah Rukh Khan",United States,PG-13,2007,"December 11, 2018",132 min,Documentaries,This is a placeholder description for the show or movie.
s202,Movie,Title_202,David Fincher,Shah Rukh Khan,United States,TV-MA,2023,"December 25, 2023",150 min,Thrillers,This is a placeholder description for the show or movie.
s203,Movie,Title_203,Bong Joon Ho,"Song Kang, Henry Cavill",India,TV-14,2014,"October 13, 2023",88 min,Dramas,This is a placeholder description for the show or movie.
s204,TV Show,Title_204,Bong Joon Ho,Song Kang,South Korea,PG-13,2023,"January 20, 2023",2 Seasons,International TV Shows,This is a placeholder description for the show or movie.
s205,Movie,Title_205,Martin Scorsese,"Millie Bobby Brown, Leonardo DiCaprio, Song Kang",United Kingdom,R,2023,"July 19, 2023",91 min,Documentaries,This is a placeholder description for the show or movie.
s206,Movie,Title_206,Bong Joon Ho,"Zendaya, Shah Rukh Khan",United States,TV-PG,2014,"January 19, 2018",81 min,Documentaries,This is a placeholder description for the show or movie.
s207,Movie,Title_207,David Fincher,"Zendaya, Leonardo DiCaprio",India,PG-13,2016,"October 9, 2018",114 min,Documentaries,This is a placeholder description for the show or movie.
s208,TV Show,Title_208,Martin Scorsese,"Leonardo DiCaprio, Shah Rukh Khan",United Kingdom,TV-MA,2005,"July 5, 2021",4 Seasons,TV Comedies,This is a placeholder description for the show or movie.
s209,Movie,Title_209,Martin Scorsese,"Leonardo DiCaprio, Millie Bobby Brown, Henry Cavill",India,TV-14,2020,"October 14, 2023",143 min,Action & Adventure,This is a placeholder description for the show or movie.
s210,Movie,Title_210,Bong Joon Ho,"Leonardo DiCaprio, Henry Cavill, Shah Rukh Khan",United States,TV-MA,2014,"January 2, 2017",137 min,Thrillers,This is a placeholder description for the show or movie.
s211,Movie,Title_211,Greta Gerwig,Millie Bobby Brown,United Kingdom,TV-PG,2004,"October 25, 2019",101 min,Dramas,This is a placeholder description for the show or movie.
s212,TV Show,Title_212,Greta Gerwig,"Zendaya, Millie Bobby Brown, Leonardo DiCaprio",France,TV-PG,2022,"December 25, 2022",1 Seasons,TV Comedies,This is a placeholder description for the show or movie.
s213,TV Show,Title_213,nan,"Song Kang, Shah Rukh Khan, Zendaya",United States,TV-MA,2023,"December 9, 2023",2 Seasons,TV Comedies,This is a placeholder description for the show or movie.
s214,Movie,Title_214,Martin Scorsese,Henry Cavill,United States,PG-13,2018,"October 14, 2018",112 min,Action & Adventure,This is a placeholder description for the show or movie.
s215,TV Show,Title_215,Bong Joon Ho,Millie Bobby Brown,India,PG-13,2019,"December 2, 2019",1 Seasons,TV Comedies,This is a placeholder description for the show or movie.
s216,Movie,Title_216,Greta Gerwig,"Millie Bobby Brown, Zendaya",India,TV-14,2021,"July 26, 2022",145 min,Dramas,This is a placeholder description for the show or movie.
s217,Movie,Title_217,Bong Joon Ho,"Millie Bobby Brown, Song Kang, Zendaya",United States,TV-14,2023,"January 18, 2023",125 min,Action & Adventure,This is a placeholder description for the show or movie.
s218,TV Show,Title_218,Bong Joon Ho,Leonardo DiCaprio,United States,R,2018,"July 21, 2021",4 Seasons,Docuseries,This is a placeholder description for the show or movie.
s219,Movie,Title_219,Martin Scorsese,Millie Bobby Brown,United States,R,2020,"July 19, 2020",117 min,Dramas,This is a placeholder description for the show or movie.
s220,TV Show,Title_220,nan,Leonardo DiCaprio,France,TV-14,2006,"October 1, 2021",4 Seasons,TV Comedies,This is a placeholder description for the show or movie.
s221,TV Show,Title_221,Martin Scorsese,"Henry Cavill, Millie Bobby Brown, Shah Rukh Khan",Canada,R,2017,"January 2, 2018",1 Seasons,TV Dramas,This is a placeholder description for the show or movie.
s222,Movie,Title_222,Mike Flanagan,"Leonardo DiCaprio, Song Kang",United Kingdom,TV-MA,2021,"July 9, 2021",117 min,Action & Adventure,This is a placeholder description for the show or movie.
s223,Movie,Title_223,Greta Gerwig,Shah Rukh Khan,South Korea,PG-13,2011,"January 16, 2014",86 min,Documentaries,This is a placeholder description for the show or movie.
s224,Movie,Title_224,Greta Gerwig,"Henry Cavill, Millie Bobby Brown",United States,R,2012,"October 16, 2023",126 min,Thrillers,This is a placeholder description for the show or movie.
s225,Movie,Title_225,Greta Gerwig,"Leonardo DiCaprio, Zendaya",Japan,R,2021,"January 23, 2021",129 min,Thrillers,This is a placeholder description for the show or movie.
s226,Movie,Title_226,David Fincher,"Henry Cavill, Shah Rukh Khan",India,TV-MA,2017,"January 3, 2019",117 min,Documentaries,This is a placeholder description for the show or movie.
s227,TV Show,Title_227,Bong Joon Ho,"Zendaya, Millie Bobby Brown, Henry Cavill",United States,TV-PG,2023,"December 19, 2023",3 Seasons,International TV Shows,This is a placeholder description for the show or movie.
s228,Movie,Title_228,Martin Scorsese,"Leonardo DiCaprio, Zendaya",South Korea,TV-14,2020,"January 10, 2020",141 min,Action & Adventure,This is a placeholder description for the show or movie.
s229,TV Show,Title_229,Greta Gerwig,Millie Bobby Brown,South Korea,TV-MA,2023,"July 20, 2023",1 Seasons,TV Comedies,This is a placeholder description for the show or movie.
s230,Movie,Title_230,Mike Flanagan,"Henry Cavill, Leonardo DiCaprio",South Korea,TV-PG,2023,"July 4, 2023",118 min,Documentaries,This is a placeholder description for the show or movie.
s231,TV Show,Title_231,Greta Gerwig,"Millie Bobby Brown, Song Kang",United States,TV-MA,2023,"December 27, 2023",2 Seasons,Crime TV Shows,This is a placeholder description for the show or movie.
s232,Movie,Title_232,nan,Song Kang,France,PG-13,2018,"December 23, 2023",145 min,Dramas,This is a placeholder description for the show or movie.
s233,Movie,Title_233,Bong Joon Ho,"Song Kang, Zendaya, Henry Cavill",France,TV-MA,2012,"January 20, 2020",92 min,Thrillers,This is a placeholder description for the show or movie.
s234,Movie,Title_234,Bong Joon Ho,"Millie Bobby Brown, Leonardo DiCaprio, Henry Cavill",United States,TV-MA,2020,"December 1, 2021",96 min,Thrillers,This is a placeholder description for the show or movie.
s235,Movie,Title_235,Martin Scorsese,Song Kang,United States,PG-13,2015,"January 14, 2023",108 min,Documentaries,This is a placeholder description for the show or movie.
s236,TV Show,Title_236,David Fincher,"Zendaya, Henry Cavill",United States,TV-14,2011,"December 11, 2023",5 Seasons,TV Comedies,This is a placeholder description for the show or movie.
s237,Movie,Title_237,Martin Scorsese,"Henry Cavill, Shah Rukh Khan",France,TV-PG,2023,"January 14, 2023",126 min,Dramas,This is a placeholder description for the show or movie.
s238,Movie,Title_238,Greta Gerwig,"Song Kang, Shah Rukh Khan",India,R,2010,"December 2, 2017",141 min,Dramas,This is a placeholder description for the show or movie.
s239,Movie,Title_239,nan,"Zendaya, Millie Bobby Brown",United States,TV-14,2023,"December 3, 2023",104 min,Comedies,This is a placeholder description for the show or movie.
s240,Movie,Title_240,Mike Flanagan,Henry Cavill,United States,TV-MA,2009,"October 3, 2018",112 min,Action & Adventure,This is a placeholder description for the show or movie.
s241,TV Show,Title_241,Martin Scorsese,"Shah Rukh Khan, Song Kang, Millie Bobby Brown",United States,R,2018,"October 6, 2023",1 Seasons,Crime TV Shows,This is a placeholder description for the show or movie.
s242,TV Show,Title_242,David Fincher,"Zendaya, Henry Cavill",United Kingdom,PG-13,2017,"January 13, 2018",1 Seasons,TV Comedies,This is a placeholder description for the show or movie.
s243,TV Show,Title_243,Martin Scorsese,"Shah Rukh Khan, Zendaya",India,TV-14,2019,"October 14, 2021",2 Seasons,International TV Shows,This is a placeholder description for the show or movie.
s244,Movie,Title_244,Bong Joon Ho,Song Kang,France,TV-PG,2020,"October 7, 2020",106 min,Comedies,This is a placeholder description for the show or movie.
s245,Movie,Title_245,Greta Gerwig,"Zendaya, Leonardo DiCaprio",United Kingdom,TV-14,2008,"July 2, 2017",116 min,Documentaries,This is a placeholder description for the show or movie.
s246,TV Show,Title_246,Greta Gerwig,"Song Kang, Henry Cavill",South Korea,TV-14,2023,"October 21, 2023",4 Seasons,Crime TV Shows,This is a placeholder description for the show or movie.
s247,Movie,Title_247,Greta Gerwig,"Shah Rukh Khan, Henry Cavill",United States,R,2016,"January 27, 2023",132 min,Thrillers,This is a placeholder description for the show or movie.
s248,TV Show,Title_248,Greta Gerwig,Shah Rukh Khan,United States,PG-13,2012,"July 12, 2019",4 Seasons,TV Dramas,This is a placeholder description for the show or movie.
s249,TV Show,Title_249,Greta Gerwig,"Shah Rukh Khan, Zendaya",India,PG-13,2018,"July 24, 2018",2 Seasons,International TV Shows,This is a placeholder description for the show or movie.
s250,TV Show,Title_250,Greta Gerwig,"Zendaya, Millie Bobby Brown, Song Kang",United States,TV-14,2018,"July 3, 2019",3 Seasons,TV Dramas,This is a placeholder description for the show or movie.
s251,Movie,Title_251,Mike Flanagan,"Millie Bobby Brown, Song Kang, Shah Rukh Khan",United States,PG-13,2011,"January 9, 2020",128 min,Thrillers,This is a placeholder description for the show or movie.
s252,Movie,Title_252,David Fincher,Shah Rukh Khan,France,R,2011,"December 24, 2020",100 min,Comedies,This is a placeholder description for the show or movie.
s253,TV Show,Title_253,Greta Gerwig,"Millie Bobby Brown, Shah Rukh Khan, Zendaya",India,R,2023,"December 1, 2023",4 Seasons,Docuseries,This is a placeholder description for the show or movie.
s254,Movie,Title_254,David Fincher,"Millie Bobby Brown, Song Kang, Leonardo DiCaprio",United States,TV-PG,2012,"July 6, 2019",81 min,Dramas,This is a placeholder description for the show or movie.
s255,Movie,Title_255,nan,Leonardo DiCaprio,United States,PG-13,2013,"July 27, 2021",104 min,Comedies,This is a placeholder description for the show or movie.
s256,Movie,Title_256,Greta Gerwig,"Shah Rukh Khan, Millie Bobby Brown, Leonardo DiCaprio",United States,TV-PG,2017,"July 27, 2023",113 min,Action & Adventure,This is a placeholder description for the show or movie.
s257,TV Show,Title_257,Martin Scorsese,"Zendaya, Millie Bobby Brown",France,TV-MA,2023,"December 10, 2023",2 Seasons,TV Comedies,This is a placeholder description for the show or movie.
s258,TV Show,Title_258,Greta Gerwig,"Millie Bobby Brown, Leonardo DiCaprio, Song Kang",United States,R,2021,"December 14, 2021",5 Seasons,Docuseries,This is a placeholder description for the show or movie.
s259,Movie,Title_259,Bong Joon Ho,"Henry Cavill, Leonardo DiCaprio, Millie Bobby Brown",United States,TV-14,2018,"October 9, 2018",112 min,Documentaries,This is a placeholder description for the show or movie.
s260,Movie,Title_260,Mike Flanagan,"Millie Bobby Brown, Shah Rukh Khan, Leonardo DiCaprio",United Kingdom,R,2021,"July 22, 2023",118 min,Dramas,This is a placeholder description for the show or movie.
s261,Movie,Title_261,Martin Scorsese,"Zendaya, Leonardo DiCaprio, Millie Bobby Brown",United States,TV-MA,2021,"January 23, 2022",88 min,Dramas,This is a placeholder description for the show or movie.
s262,TV Show,Title_262,Martin Scorsese,Leonardo DiCaprio,United States,TV-14,2022,"January 22, 2022",4 Seasons,TV Comedies,This is a placeholder description for the show or movie.
s263,Movie,Title_263,Bong Joon Ho,"Zendaya, Henry Cavill, Song Kang",United States,PG-13,2012,"December 4, 2023",148 min,Thrillers,This is a placeholder description for the show or movie.
s264,Movie,Title_264,Greta Gerwig,Shah Rukh Khan,United States,PG-13,2023,"October 2, 2023",105 min,Action & Adventure,This is a placeholder description for the show or movie.
s265,TV Show,Title_265,Mike Flanagan,"Millie Bobby Brown, Leonardo DiCaprio",United States,R,2016,"December 25, 2021",2 Seasons,TV Dramas,This is a placeholder description for the show or movie.
s266,TV Show,Title_266,Martin Scorsese,Leonardo DiCaprio,United States,TV-14,2020,"December 13, 2020",3 Seasons,TV Dramas,This is a placeholder description for the show or movie.
s267,TV Show,Title_267,Mike Flanagan,"Henry Cavill, Shah Rukh Khan",South Korea,TV-14,2011,"January 26, 2020",3 Seasons,Docuseries,This is a placeholder description for the show or movie.
s268,TV Show,Title_268,Martin Scorsese,"Millie Bobby Brown, Zendaya, Shah Rukh Khan",United States,TV-PG,2020,"October 3, 2022",2 Seasons,TV Dramas,This is a placeholder description for the show or movie.
s269,Movie,Title_269,Greta Gerwig,"Henry Cavill, Shah Rukh Khan, Millie Bobby Brown",South Korea,TV-MA,2019,"October 4, 2019",106 min,Documentaries,This is a placeholder description for the show or movie.
s270,Movie,Title_270,nan,"Leonardo DiCaprio, Millie Bobby Brown, Song Kang",South Korea,PG-13,2022,"July 17, 2022",114 min,Comedies,This is a placeholder description for the show or movie.
s271,TV Show,Title_271,Martin Scorsese,Zendaya,India,R,2015,"December 5, 2019",4 Seasons,Crime TV Shows,This is a placeholder description for the show or movie.
s272,TV Show,Title_272,nan,"Henry Cavill, Song Kang",United States,TV-14,2009,"January 3, 2019",1 Seasons,TV Comedies,This is a placeholder description for the show or movie.
s273,TV Show,Title_273,Martin Scorsese,Millie Bobby Brown,United States,PG-13,2021,"October 9, 2021",2 Seasons,Crime TV Shows,This is a placeholder description for the show or movie.
s274,TV Show,Title_274,David Fincher,Leonardo DiCaprio,Canada,R,2023,"December 1, 2023",5 Seasons,TV Comedies,This is a placeholder description for the show or movie.
s275,Movie,Title_275,Greta Gerwig,Zendaya,United Kingdom,PG-13,2020,"July 21, 2022",86 min,Comedies,This is a placeholder description for the show or movie.
s276,Movie,Title_276,Bong Joon Ho,"Leonardo DiCaprio, Song Kang, Shah Rukh Khan",United Kingdom,R,2023,"October 18, 2023",86 min,Thrillers,This is a placeholder description for the show or movie.
s277,TV Show,Title_277,nan,"Millie Bobby Brown, Zendaya, Song Kang",United States,PG-13,2012,"July 25, 2022",1 Seasons,TV Dramas,This is a placeholder description for the show or movie.
s278,Movie,Title_278,Bong Joon Ho,"Henry Cavill, Zendaya, Shah Rukh Khan",France,TV-PG,2023,"October 10, 2023",124 min,Comedies,This is a placeholder description for the show or movie.
s279,TV Show,Title_279,Greta Gerwig,"Leonardo DiCaprio, Shah Rukh Khan, Millie Bobby Brown",United States,TV-MA,2022,"July 1, 2023",5 Seasons,International TV Shows,This is a placeholder description for the show or movie.
s280,TV Show,Title_280,Bong Joon Ho,"Leonardo DiCaprio, Zendaya, Millie Bobby Brown",United States,PG-13,2023,"July 11, 2023",2 Seasons,Crime TV Shows,This is a placeholder description for the show or movie.
s281,TV Show,Title_281,Greta Gerwig,"Shah Rukh Khan, Zendaya, Henry Cavill",India,TV-MA,2014,"July 5, 2019",5 Seasons,Crime TV Shows,This is a placeholder description for the show or movie.
s282,Movie,Title_282,Bong Joon Ho,Zendaya,United States,PG-13,2020,"October 12, 2022",121 min,Dramas,This is a placeholder description for the show or movie.
s283,Movie,Title_283,nan,"Millie Bobby Brown, Zendaya, Henry Cavill",India,TV-14,2019,"July 28, 2019",104 min,Dramas,This is a placeholder description for the show or movie.
s284,Movie,Title_284,David Fincher,"Shah Rukh Khan, Zendaya",South Korea,TV-PG,2020,"October 1, 2022",138 min,Thrillers,This is a placeholder description for the show or movie.
s285,Movie,Title_285,Bong Joon Ho,Song Kang,South Korea,TV-PG,2019,"October 8, 2019",104 min,Thrillers,This is a placeholder description for the show or movie.
s286,Movie,Title_286,nan,"Millie Bobby Brown, Leonardo DiCaprio",Japan,TV-MA,2017,"January 1, 2022",127 min,Documentaries,This is a placeholder description for the show or movie.
s287,Movie,Title_287,Martin Scorsese,Leonardo DiCaprio,India,TV-14,2011,"January 26, 2013",118 min,Thrillers,This is a placeholder description for the show or movie.
s288,Movie,Title_288,Greta Gerwig,"Henry Cavill, Zendaya",United Kingdom,R,2023,"January 5, 2023",141 min,Action & Adventure,This is a placeholder description for the show or movie.
s289,Movie,Title_289,Mike Flanagan,"Leonardo DiCaprio, Millie Bobby Brown, Shah Rukh Khan",United States,TV-PG,2021,"July 20, 2021",135 min,Thrillers,This is a placeholder description for the show or movie.
s290,Movie,Title_290,Mike Flanagan,"Leonardo DiCaprio, Millie Bobby Brown",India,TV-14,2021,"December 23, 2021",146 min,Dramas,This is a placeholder description for the show or movie.
s291,Movie,Title_291,Greta Gerwig,"Zendaya, Song Kang",United States,TV-14,2010,"January 19, 2023",139 min,Comedies,This is a placeholder description for the show or movie.
s292,Movie,Title_292,David Fincher,Zendaya,United States,TV-MA,2018,"October 6, 2018",97 min,Action & Adventure,This is a placeholder description for the show or movie.
s293,TV Show,Title_293,Bong Joon Ho,Shah Rukh Khan,United States,TV-14,2016,"January 9, 2016",5 Seasons,Crime TV Shows,This is a placeholder description for the show or movie.
s294,Movie,Title_294,David Fincher,"Zendaya, Shah Rukh Khan, Henry Cavill",India,TV-14,2020,"December 20, 2020",84 min,Action & Adventure,This is a placeholder description for the show or movie.
s295,Movie,Title_295,Mike Flanagan,"Shah Rukh Khan, Zendaya",India,R,2017,"December 4, 2023",90 min,Thrillers,This is a placeholder description for the show or movie.
s296,Movie,Title_296,nan,"Shah Rukh Khan, Millie Bobby Brown, Henry Cavill",France,TV-MA,2011,"January 7, 2018",120 min,Documentaries,This is a placeholder description for the show or movie.
s297,TV Show,Title_297,Greta Gerwig,"Song Kang, Shah Rukh Khan",United States,TV-MA,2013,"July 16, 2019",1 Seasons,International TV Shows,This is a placeholder description for the show or movie.
s298,Movie,Title_298,Greta Gerwig,Millie Bobby Brown,France,TV-14,2018,"October 1, 2021",108 min,Comedies,This is a placeholder description for the show or movie.
s299,Movie,Title_299,David Fincher,"Leonardo DiCaprio, Shah Rukh Khan, Zendaya",South Korea,R,2016,"December 7, 2017",91 min,Dramas,This is a placeholder description for the show or movie.
s300,Movie,Title_300,nan,Shah Rukh Khan,India,PG-13,2023,"October 6, 2023",98 min,Documentaries,This is a placeholder description for the show or movie.
s301,Movie,Title_301,David Fincher,"Millie Bobby Brown, Leonardo DiCaprio, Song Kang",United Kingdom,TV-PG,2018,"October 24, 2018",137 min,Documentaries,This is a placeholder description for the show or movie.
s302,Movie,Title_302,Bong Joon Ho,"Millie Bobby Brown, Zendaya, Leonardo DiCaprio",United States,TV-MA,2023,"January 14, 2023",80 min,Action & Adventure,This is a placeholder description for the show or movie.
s303,Movie,Title_303,Martin Scorsese,"Leonardo DiCaprio, Henry Cavill",South Korea,R,2016,"January 26, 2017",147 min,Comedies,This is a placeholder description for the show or movie.
s304,Movie,Title_304,nan,Millie Bobby Brown,India,R,2012,"July 20, 2019",118 min,Thrillers,This is a placeholder description for the show or movie.
s305,TV Show,Title_305,Martin Scorsese,Henry Cavill,France,TV-14,2013,"October 23, 2020",1 Seasons,TV Comedies,This is a placeholder description for the show or movie.
s306,TV Show,Title_306,Bong Joon Ho,"Song Kang, Zendaya",United Kingdom,TV-PG,2018,"July 11, 2018",5 Seasons,TV Dramas,This is a placeholder description for the show or movie.
s307,Movie,Title_307,Martin Scorsese,"Henry Cavill, Millie Bobby Brown",South Korea,TV-MA,2016,"December 7, 2019",138 min,Thrillers,This is a placeholder description for the show or movie.
s308,Movie,Title_308,Mike Flanagan,"Zendaya, Shah Rukh Khan",South Korea,PG-13,2022,"January 9, 2022",110 min,Comedies,This is a placeholder description for the show or movie.
s309,TV Show,Title_309,Martin Scorsese,Zendaya,United States,TV-14,2022,"January 7, 2022",2 Seasons,TV Comedies,This is a placeholder description for the show or movie.
s310,Movie,Title_310,Bong Joon Ho,Henry Cavill,United States,TV-MA,2020,"October 14, 2023",143 min,Comedies,This is a placeholder description for the show or movie.
s311,Movie,Title_311,Martin Scorsese,"Leonardo DiCaprio, Song Kang, Shah Rukh Khan",India,TV-MA,2012,"January 22, 2018",142 min,Thrillers,This is a placeholder description for the show or movie.
s312,Movie,Title_312,Greta Gerwig,"Millie Bobby Brown, Shah Rukh Khan, Leonardo DiCaprio",India,R,2023,"October 4, 2023",103 min,Documentaries,This is a placeholder description for the show or movie.
s313,Movie,Title_313,David Fincher,"Song Kang, Millie Bobby Brown, Shah Rukh Khan",United States,TV-PG,2003,"July 19, 2019",82 min,Dramas,This is a placeholder description for the show or movie.
s314,TV Show,Title_314,Mike Flanagan,Leonardo DiCaprio,Japan,PG-13,2018,"December 5, 2018",3 Seasons,TV Comedies,This is a placeholder description for the show or movie.
s315,TV Show,Title_315,Greta Gerwig,"Henry Cavill, Millie Bobby Brown, Shah Rukh Khan",India,TV-PG,2023,"January 25, 2023",2 Seasons,International TV Shows,This is a placeholder description for the show or movie.
s316,TV Show,Title_316,Greta Gerwig,"Zendaya, Millie Bobby Brown, Song Kang",France,R,2019,"January 2, 2019",4 Seasons,Docuseries,This is a placeholder description for the show or movie.
s317,Movie,Title_317,Bong Joon Ho,Millie Bobby Brown,South Korea,PG-13,2011,"July 21, 2016",119 min,Dramas,This is a placeholder description for the show or movie.
s318,Movie,Title_318,David Fincher,"Millie Bobby Brown, Shah Rukh Khan, Song Kang",India,PG-13,2013,"January 28, 2023",130 min,Comedies,This is a placeholder description for the show or movie.
s319,Movie,Title_319,David Fincher,Song Kang,France,TV-14,2017,"July 19, 2018",117 min,Documentaries,This is a placeholder description for the show or movie.
s320,Movie,Title_320,nan,"Leonardo DiCaprio, Henry Cavill",India,PG-13,2013,"July 24, 2023",95 min,Documentaries,This is a placeholder description for the show or movie.
s321,Movie,Title_321,Mike Flanagan,"Leonardo DiCaprio, Millie Bobby Brown",Japan,TV-MA,2023,"July 3, 2023",92 min,Dramas,This is a placeholder description for the show or movie.
s322,TV Show,Title_322,Bong Joon Ho,"Millie Bobby Brown, Leonardo DiCaprio",United States,TV-PG,2020,"July 27, 2020",5 Seasons,TV Comedies,This is a placeholder description for the show or movie.
s323,TV Show,Title_323,Mike Flanagan,"Zendaya, Song Kang, Shah Rukh Khan",United States,TV-PG,2011,"January 26, 2019",5 Seasons,Crime TV Shows,This is a placeholder description for the show or movie.
s324,Movie,Title_324,nan,"Zendaya, Leonardo DiCaprio",India,TV-14,2014,"December 6, 2014",86 min,Action & Adventure,This is a placeholder description for the show or movie.
s325,TV Show,Title_325,Martin Scorsese,Song Kang,India,PG-13,2023,"October 25, 2023",5 Seasons,Crime TV Shows,This is a placeholder description for the show or movie.
s326,TV Show,Title_326,Greta Gerwig,"Song Kang, Henry Cavill",India,R,2023,"January 24, 2023",3 Seasons,International TV Shows,This is a placeholder description for the show or movie.
s327,Movie,Title_327,Mike Flanagan,"Zendaya, Millie Bobby Brown",India,TV-MA,2020,"January 2, 2021",98 min,Dramas,This is a placeholder description for the show or movie.
s328,Movie,Title_328,Greta Gerwig,"Millie Bobby Brown, Shah Rukh Khan, Zendaya",United States,TV-14,2014,"July 3, 2023",132 min,Dramas,This is a placeholder description for the show or movie.
s329,Movie,Title_329,Bong Joon Ho,Zendaya,France,PG-13,2018,"July 15, 2020",81 min,Documentaries,This is a placeholder description for the show or movie.
s330,Movie,Title_330,Martin Scorsese,Song Kang,India,R,2014,"January 22, 2017",86 min,Action & Adventure,This is a placeholder description for the show or movie.
s331,Movie,Title_331,Bong Joon Ho,"Song Kang, Zendaya",India,PG-13,2020,"January 20, 2020",144 min,Comedies,This is a placeholder description for the show or movie.
s332,TV Show,Title_332,Martin Scorsese,Leonardo DiCaprio,United Kingdom,TV-14,2014,"October 15, 2015",5 Seasons,Docuseries,This is a placeholder description for the show or movie.
s333,Movie,Title_333,Martin Scorsese,Millie Bobby Brown,South Korea,R,2011,"January 5, 2023",138 min,Thrillers,This is a placeholder description for the show or movie.
s334,Movie,Title_334,Greta Gerwig,Zendaya,France,R,2014,"October 4, 2018",127 min,Documentaries,This is a placeholder description for the show or movie.
s335,Movie,Title_335,Bong Joon Ho,"Millie Bobby Brown, Shah Rukh Khan",India,R,2023,"December 28, 2023",108 min,Dramas,This is a placeholder description for the show or movie.
s336,Movie,Title_336,Bong Joon Ho,"Millie Bobby Brown, Leonardo DiCaprio",United States,R,2014,"December 12, 2017",150 min,Dramas,This is a placeholder description for the show or movie.
s337,TV Show,Title_337,Mike Flanagan,Henry Cavill,India,PG-13,2023,"October 10, 2023",3 Seasons,International TV Shows,This is a placeholder description for the show or movie.
s338,TV Show,Title_338,Bong Joon Ho,Henry Cavill,India,R,2021,"October 2, 2022",2 Seasons,Docuseries,This is a placeholder description for the show or movie.
s339,Movie,Title_339,Mike Flanagan,"Song Kang, Millie Bobby Brown, Henry Cavill",Japan,PG-13,2015,"December 20, 2023",81 min,Thrillers,This is a placeholder description for the show or movie.
s340,Movie,Title_340,David Fincher,"Leonardo DiCaprio, Henry Cavill",United States,R,2019,"October 20, 2022",119 min,Comedies,This is a placeholder description for the show or movie.
s341,Movie,Title_341,David Fincher,Shah Rukh Khan,France,R,2017,"July 13, 2019",117 min,Documentaries,This is a placeholder description for the show or movie.
s342,Movie,Title_342,David Fincher,"Song Kang, Millie Bobby Brown, Zendaya",India,TV-14,2023,"January 4, 2023",103 min,Thrillers,This is a placeholder description for the show or movie.
s343,Movie,Title_343,nan,"Song Kang, Henry Cavill, Millie Bobby Brown",France,PG-13,2023,"July 26, 2023",110 min,Dramas,This is a placeholder description for the show or movie.
s344,Movie,Title_344,Bong Joon Ho,"Shah Rukh Khan, Leonardo DiCaprio",United States,PG-13,2013,"December 12, 2018",137 min,Thrillers,This is a placeholder description for the show or movie.
s345,Movie,Title_345,nan,"Zendaya, Song Kang, Leonardo DiCaprio",Japan,TV-PG,2018,"October 20, 2018",122 min,Thrillers,This is a placeholder description for the show or movie.
s346,Movie,Title_346,Bong Joon Ho,"Leonardo DiCaprio, Henry Cavill, Millie Bobby Brown",France,TV-14,2012,"October 23, 2023",122 min,Documentaries,This is a placeholder description for the show or movie.
s347,Movie,Title_347,Mike Flanagan,Zendaya,France,PG-13,2015,"October 22, 2020",126 min,Documentaries,This is a placeholder description for the show or movie.
s348,Movie,Title_348,nan,Millie Bobby Brown,United States,TV-14,2019,"January 11, 2019",115 min,Thrillers,This is a placeholder description for the show or movie.
s349,Movie,Title_349,nan,"Millie Bobby Brown, Henry Cavill",United States,TV-14,2023,"July 15, 2023",126 min,Thrillers,This is a placeholder description for the show or movie.
s350,Movie,Title_350,nan,Henry Cavill,United Kingdom,TV-14,2019,"January 18, 2020",146 min,Documentaries,This is a placeholder description for the show or movie.
s351,Movie,Title_351,Martin Scorsese,Song Kang,United States,TV-MA,2017,"July 27, 2017",141 min,Thrillers,This is a placeholder description for the show or movie.
s352,TV Show,Title_352,Mike Flanagan,"Henry Cavill, Leonardo DiCaprio",United States,PG-13,2022,"December 15, 2022",2 Seasons,Docuseries,This is a placeholder description for the show or movie.
s353,TV Show,Title_353,David Fincher,Leonardo DiCaprio,United States,TV-14,2014,"July 20, 2022",3 Seasons,International TV Shows,This is a placeholder description for the show or movie.
s354,Movie,Title_354,Mike Flanagan,"Millie Bobby Brown, Zendaya, Henry Cavill",India,TV-MA,2019,"October 23, 2019",99 min,Documentaries,This is a placeholder description for the show or movie.
s355,Movie,Title_355,Martin Scorsese,"Shah Rukh Khan, Henry Cavill, Leonardo DiCaprio",India,TV-MA,2013,"July 9, 2023",114 min,Dramas,This is a placeholder description for the show or movie.
s356,Movie,Title_356,Bong Joon Ho,Song Kang,United States,R,2019,"January 21, 2019",134 min,Action & Adventure,This is a placeholder description for the show or movie.
s357,Movie,Title_357,Mike Flanagan,"Zendaya, Millie Bobby Brown, Henry Cavill",United States,R,2013,"July 10, 2018",146 min,Action & Adventure,This is a placeholder description for the show or movie.
s358,Movie,Title_358,nan,"Millie Bobby Brown, Zendaya",India,PG-13,2015,"January 1, 2017",114 min,Action & Adventure,This is a placeholder description for the show or movie.
s359,TV Show,Title_359,David Fincher,"Leonardo DiCaprio, Millie Bobby Brown",India,R,2009,"December 21, 2023",1 Seasons,TV Dramas,This is a placeholder description for the show or movie.
s360,Movie,Title_360,David Fincher,Millie Bobby Brown,United States,PG-13,2022,"January 2, 2022",91 min,Thrillers,This is a placeholder description for the show or movie.
s361,Movie,Title_361,Bong Joon Ho,"Leonardo DiCaprio, Song Kang",United States,TV-MA,2018,"December 19, 2018",101 min,Thrillers,This is a placeholder description for the show or movie.
s362,Movie,Title_362,Mike Flanagan,"Millie Bobby Brown, Henry Cavill, Song Kang",France,TV-MA,2016,"December 16, 2018",125 min,Thrillers,This is a placeholder description for the show or movie.
s363,Movie,Title_363,Martin Scorsese,"Leonardo DiCaprio, Henry Cavill, Zendaya",France,PG-13,2015,"January 19, 2023",125 min,Dramas,This is a placeholder description for the show or movie.
s364,Movie,Title_364,Bong Joon Ho,Song Kang,France,R,2015,"July 18, 2017",127 min,Thrillers,This is a placeholder description for the show or movie.
s365,TV Show,Title_365,Mike Flanagan,"Leonardo DiCaprio, Henry Cavill, Shah Rukh Khan",Japan,R,2014,"October 4, 2023",5 Seasons,TV Dramas,This is a placeholder description for the show or movie.
s366,Movie,Title_366,Greta Gerwig,"Millie Bobby Brown, Henry Cavill",United States,PG-13,2009,"January 27, 2017",104 min,Dramas,This is a placeholder description for the show or movie.
s367,TV Show,Title_367,David Fincher,"Zendaya, Shah Rukh Khan, Leonardo DiCaprio",United Kingdom,TV-PG,2023,"July 15, 2023",4 Seasons,TV Dramas,This is a placeholder description for the show or movie.
s368,TV Show,Title_368,Martin Scorsese,"Zendaya, Millie Bobby Brown",India,R,2018,"July 19, 2023",2 Seasons,International TV Shows,This is a placeholder description for the show or movie.
s369,Movie,Title_369,nan,Henry Cavill,United Kingdom,TV-14,2019,"January 28, 2019",143 min,Dramas,This is a placeholder description for the show or movie.
s370,Movie,Title_370,Martin Scorsese,"Henry Cavill, Zendaya",United States,R,2016,"January 21, 2016",93 min,Documentaries,This is a placeholder description for the show or movie.
s371,Movie,Title_371,nan,"Shah Rukh Khan, Millie Bobby Brown, Zendaya",United Kingdom,TV-PG,2023,"January 6, 2023",141 min,Action & Adventure,This is a placeholder description for the show or movie.
s372,Movie,Title_372,Martin Scorsese,"Shah Rukh Khan, Zendaya",India,TV-MA,2023,"December 14, 2023",134 min,Dramas,This is a placeholder description for the show or movie.
s373,Movie,Title_373,David Fincher,"Millie Bobby Brown, Zendaya",United States,TV-MA,2015,"January 9, 2017",82 min,Action & Adventure,This is a placeholder description for the show or movie.
s374,TV Show,Title_374,nan,"Song Kang, Millie Bobby Brown",South Korea,TV-MA,2017,"July 4, 2017",4 Seasons,Crime TV Shows,This is a placeholder description for the show or movie.
s375,Movie,Title_375,Mike Flanagan,"Song Kang, Zendaya, Henry Cavill",United States,R,2018,"December 15, 2023",114 min,Comedies,This is a placeholder description for the show or movie.
s376,Movie,Title_376,nan,"Zendaya, Millie Bobby Brown",United States,TV-MA,2017,"October 17, 2020",126 min,Action & Adventure,This is a placeholder description for the show or movie.
s377,TV Show,Title_377,Bong Joon Ho,"Henry Cavill, Millie Bobby Brown, Zendaya",United States,TV-PG,2017,"December 11, 2022",1 Seasons,Docuseries,This is a placeholder description for the show or movie.
s378,Movie,Title_378,Mike Flanagan,"Shah Rukh Khan, Millie Bobby Brown, Leonardo DiCaprio",United States,TV-PG,2014,"October 13, 2014",144 min,Documentaries,This is a placeholder description for the show or movie.
s379,TV Show,Title_379,Bong Joon Ho,Millie Bobby Brown,United States,R,2020,"October 9, 2022",4 Seasons,Crime TV Shows,This is a placeholder description for the show or movie.
s380,Movie,Title_380,Martin Scorsese,Millie Bobby Brown,France,TV-14,2020,"October 11, 2020",135 min,Thrillers,This is a placeholder description for the show or movie.
s381,Movie,Title_381,Mike Flanagan,"Millie Bobby Brown, Zendaya",India,R,2012,"July 13, 2021",146 min,Dramas,This is a placeholder description for the show or movie.
s382,TV Show,Title_382,Martin Scorsese,Shah Rukh Khan,India,TV-MA,2018,"July 23, 2019",3 Seasons,TV Dramas,This is a placeholder description for the show or movie.
s383,Movie,Title_383,Greta Gerwig,Henry Cavill,United States,R,2023,"July 1, 2023",91 min,Thrillers,This is a placeholder description for the show or movie.
s384,TV Show,Title_384,Martin Scorsese,"Shah Rukh Khan, Millie Bobby Brown",United Kingdom,TV-PG,2023,"October 21, 2023",2 Seasons,Docuseries,This is a placeholder description for the show or movie.
s385,TV Show,Title_385,Martin Scorsese,"Shah Rukh Khan, Song Kang, Leonardo DiCaprio",South Korea,R,2008,"December 3, 2019",5 Seasons,TV Dramas,This is a placeholder description for the show or movie.
s386,TV Show,Title_386,Bong Joon Ho,"Song Kang, Zendaya, Shah Rukh Khan",United Kingdom,R,2022,"December 7, 2022",2 Seasons,Crime TV Shows,This is a placeholder description for the show or movie.
s387,Movie,Title_387,nan,"Song Kang, Henry Cavill",Canada,TV-14,2010,"January 25, 2019",146 min,Thrillers,This is a placeholder description for the show or movie.
s388,Movie,Title_388,Greta Gerwig,"Song Kang, Millie Bobby Brown",France,TV-PG,2013,"January 3, 2021",113 min,Comedies,This is a placeholder description for the show or movie.
s389,TV Show,Title_389,Martin Scorsese,"Zendaya, Henry Cavill",Japan,PG-13,2021,"January 28, 2021",5 Seasons,TV Dramas,This is a placeholder description for the show or movie.
s390,TV Show,Title_390,Martin Scorsese,"Zendaya, Leonardo DiCaprio",United Kingdom,PG-13,2014,"December 17, 2022",2 Seasons,TV Dramas,This is a placeholder description for the show or movie.
s391,TV Show,Title_391,Greta Gerwig,Henry Cavill,United States,TV-PG,2013,"January 15, 2016",4 Seasons,International TV Shows,This is a placeholder description for the show or movie.
s392,Movie,Title_392,Greta Gerwig,"Shah Rukh Khan, Leonardo DiCaprio, Millie Bobby Brown",United Kingdom,PG-13,2012,"July 16, 2021",110 min,Action & Adventure,This is a placeholder description for the show or movie.
s393,Movie,Title_393,Mike Flanagan,Zendaya,India,TV-MA,2019,"July 18, 2019",118 min,Comedies,This is a placeholder description for the show or movie.
s394,TV Show,Title_394,Bong Joon Ho,"Shah Rukh Khan, Leonardo DiCaprio, Zendaya",Canada,PG-13,2018,"December 9, 2023",2 Seasons,International TV Shows,This is a placeholder description for the show or movie.
s395,Movie,Title_395,Greta Gerwig,"Leonardo DiCaprio, Henry Cavill, Zendaya",South Korea,TV-MA,2013,"October 10, 2014",148 min,Documentaries,This is a placeholder description for the show or movie.
s396,TV Show,Title_396,Greta Gerwig,"Millie Bobby Brown, Leonardo DiCaprio",Canada,TV-PG,2020,"January 27, 2020",3 Seasons,TV Comedies,This is a placeholder description for the show or movie.
s397,TV Show,Title_397,David Fincher,Song Kang,South Korea,PG-13,2014,"December 6, 2021",4 Seasons,International TV Shows,This is a placeholder description for the show or movie.
s398,Movie,Title_398,nan,"Zendaya, Shah Rukh Khan, Millie Bobby Brown",United States,PG-13,2022,"October 18, 2022",130 min,Thrillers,This is a placeholder description for the show or movie.
s399,TV Show,Title_399,Greta Gerwig,Henry Cavill,United States,TV-MA,2014,"July 10, 2023",5 Seasons,International TV Shows,This is a placeholder description for the show or movie.
s400,TV Show,Title_400,Bong Joon Ho,"Zendaya, Song Kang",United States,TV-MA,2020,"December 14, 2022",4 Seasons,Docuseries,This is a placeholder description for the show or movie.
s401,Movie,Title_401,nan,"Henry Cavill, Millie Bobby Brown",France,R,2023,"December 14, 2023",116 min,Documentaries,This is a placeholder description for the show or movie.
s402,TV Show,Title_402,nan,Song Kang,South Korea,TV-14,2021,"January 11, 2022",3 Seasons,Docuseries,This is a placeholder description for the show or movie.
s403,Movie,Title_403,Martin Scorsese,"Zendaya, Leonardo DiCaprio, Millie Bobby Brown",United Kingdom,PG-13,2020,"January 24, 2020",144 min,Dramas,This is a placeholder description for the show or movie.
s404,TV Show,Title_404,Martin Scorsese,"Millie Bobby Brown, Zendaya",Canada,TV-14,2018,"October 28, 2018",3 Seasons,International TV Shows,This is a placeholder description for the show or movie.
s405,Movie,Title_405,Martin Scorsese,Leonardo DiCaprio,Canada,TV-14,2018,"December 13, 2018",108 min,Action & Adventure,This is a placeholder description for the show or movie.
s406,TV Show,Title_406,Martin Scorsese,Song Kang,France,PG-13,2014,"January 21, 2019",3 Seasons,Crime TV Shows,This is a placeholder description for the show or movie.
s407,Movie,Title_407,David Fincher,"Zendaya, Henry Cavill",South Korea,TV-MA,2013,"October 9, 2018",114 min,Documentaries,This is a placeholder description for the show or movie.
s408,Movie,Title_408,Greta Gerwig,Shah Rukh Khan,United Kingdom,R,2017,"January 26, 2021",131 min,Thrillers,This is a placeholder description for the show or movie.
s409,TV Show,Title_409,Martin Scorsese,"Leonardo DiCaprio, Henry Cavill, Millie Bobby Brown",United Kingdom,TV-PG,2022,"October 1, 2022",3 Seasons,TV Comedies,This is a placeholder description for the show or movie.
s410,Movie,Title_410,Mike Flanagan,Song Kang,United States,PG-13,2023,"January 26, 2023",107 min,Thrillers,This is a placeholder description for the show or movie.
s411,Movie,Title_411,Martin Scorsese,"Shah Rukh Khan, Henry Cavill, Millie Bobby Brown",United Kingdom,PG-13,2020,"December 21, 2020",148 min,Action & Adventure,This is a placeholder description for the show or movie.
s412,TV Show,Title_412,Greta Gerwig,Leonardo DiCaprio,India,TV-PG,2019,"October 21, 2023",2 Seasons,Crime TV Shows,This is a placeholder description for the show or movie.
s413,TV Show,Title_413,Martin Scorsese,Henry Cavill,United States,TV-14,2023,"January 16, 2023",4 Seasons,TV Comedies,This is a placeholder description for the show or movie.
s414,Movie,Title_414,David Fincher,"Zendaya, Shah Rukh Khan",South Korea,R,2018,"January 7, 2021",148 min,Thrillers,This is a placeholder description for the show or movie.
s415,Movie,Title_415,Bong Joon Ho,"Henry Cavill, Zendaya, Song Kang",India,TV-14,2023,"December 27, 2023",147 min,Thrillers,This is a placeholder description for the show or movie.
s416,Movie,Title_416,Bong Joon Ho,"Henry Cavill, Zendaya",France,TV-PG,2016,"October 7, 2020",95 min,Action & Adventure,This is a placeholder description for the show or movie.
s417,Movie,Title_417,Greta Gerwig,"Shah Rukh Khan, Song Kang, Millie Bobby Brown",United States,TV-PG,2022,"October 1, 2022",96 min,Comedies,This is a placeholder description for the show or movie.
s418,Movie,Title_418,Bong Joon Ho,"Zendaya, Leonardo DiCaprio, Henry Cavill",India,R,2016,"January 14, 2016",103 min,Comedies,This is a placeholder description for the show or movie.
s419,TV Show,Title_419,Bong Joon Ho,"Henry Cavill, Song Kang, Leonardo DiCaprio",India,TV-PG,2019,"December 22, 2019",4 Seasons,Docuseries,This is a placeholder description for the show or movie.
s420,TV Show,Title_420,Mike Flanagan,Shah Rukh Khan,United States,TV-PG,2010,"January 16, 2016",5 Seasons,TV Comedies,This is a placeholder description for the show or movie.
s421,TV Show,Title_421,Greta Gerwig,Shah Rukh Khan,India,R,2019,"December 26, 2023",5 Seasons,International TV Shows,This is a placeholder description for the show or movie.
s422,TV Show,Title_422,Greta Gerwig,Shah Rukh Khan,United States,PG-13,2018,"December 20, 2020",2 Seasons,TV Dramas,This is a placeholder description for the show or movie.
s423,Movie,Title_423,Bong Joon Ho,Zendaya,United States,TV-14,2023,"January 4, 2023",130 min,Dramas,This is a placeholder description for the show or movie.
s424,Movie,Title_424,Bong Joon Ho,"Henry Cavill, Millie Bobby Brown",United States,PG-13,2020,"December 4, 2020",81 min,Comedies,This is a placeholder description for the show or movie.
s425,Movie,Title_425,Bong Joon Ho,Leonardo DiCaprio,United States,PG-13,2020,"January 3, 2020",142 min,Action & Adventure,This is a placeholder description for the show or movie.
s426,Movie,Title_426,nan,Henry Cavill,Canada,TV-14,2013,"October 22, 2020",93 min,Documentaries,This is a placeholder description for the show or movie.
s427,Movie,Title_427,David Fincher,"Shah Rukh Khan, Leonardo DiCaprio, Millie Bobby Brown",United States,PG-13,2023,"October 1, 2023",116 min,Dramas,This is a placeholder description for the show or movie.
s428,TV Show,Title_428,Martin Scorsese,"Shah Rukh Khan, Millie Bobby Brown",United Kingdom,R,2015,"October 23, 2015",2 Seasons,Docuseries,This is a placeholder description for the show or movie.
s429,Movie,Title_429,David Fincher,"Song Kang, Millie Bobby Brown",South Korea,TV-14,2009,"January 16, 2023",133 min,Documentaries,This is a placeholder description for the show or movie.
s430,Movie,Title_430,Greta Gerwig,"Henry Cavill, Zendaya",India,TV-MA,2013,"January 9, 2019",99 min,Thrillers,This is a placeholder description for the show or movie.
s431,Movie,Title_431,Mike Flanagan,"Song Kang, Millie Bobby Brown",France,PG-13,2023,"July 6, 2023",123 min,Thrillers,This is a placeholder description for the show or movie.
s432,TV Show,Title_432,Martin Scorsese,Leonardo DiCaprio,Canada,TV-PG,2023,"December 12, 2023",3 Seasons,Crime TV Shows,This is a placeholder description for the show or movie.
s433,Movie,Title_433,Mike Flanagan,"Henry Cavill, Shah Rukh Khan",Canada,TV-14,2012,"December 3, 2019",146 min,Action & Adventure,This is a placeholder description for the show or movie.
s434,Movie,Title_434,nan,"Millie Bobby Brown, Leonardo DiCaprio",United States,TV-MA,2014,"December 3, 2021",118 min,Dramas,This is a placeholder description for the show or movie.
s435,Movie,Title_435,Greta Gerwig,"Zendaya, Millie Bobby Brown",South Korea,TV-PG,2014,"October 11, 2014",127 min,Dramas,This is a placeholder description for the show or movie.
s436,TV Show,Title_436,nan,"Henry Cavill, Song Kang",South Korea,TV-MA,2016,"January 15, 2016",2 Seasons,TV Comedies,This is a placeholder description for the show or movie.
s437,Movie,Title_437,Greta Gerwig,"Song Kang, Shah Rukh Khan",United States,PG-13,2019,"December 19, 2019",118 min,Comedies,This is a placeholder description for the show or movie.
s438,TV Show,Title_438,Mike Flanagan,"Song Kang, Leonardo DiCaprio",United States,TV-PG,2015,"December 25, 2020",3 Seasons,TV Dramas,This is a placeholder description for the show or movie.
s439,TV Show,Title_439,Mike Flanagan,"Song Kang, Millie Bobby Brown, Henry Cavill",United States,PG-13,2016,"January 6, 2020",3 Seasons,TV Dramas,This is a placeholder description for the show or movie.
s440,Movie,Title_440,Mike Flanagan,"Millie Bobby Brown, Song Kang",Canada,TV-PG,2021,"January 23, 2021",137 min,Comedies,This is a placeholder description for the show or movie.
s441,Movie,Title_441,Greta Gerwig,"Henry Cavill, Zendaya, Leonardo DiCaprio",India,TV-14,2017,"July 25, 2017",133 min,Dramas,This is a placeholder description for the show or movie.
s442,TV Show,Title_442,Bong Joon Ho,Leonardo DiCaprio,Canada,R,2019,"October 4, 2019",5 Seasons,TV Comedies,This is a placeholder description for the show or movie.
s443,Movie,Title_443,Mike Flanagan,"Henry Cavill, Millie Bobby Brown",United States,R,2013,"October 14, 2020",109 min,Documentaries,This is a placeholder description for the show or movie.
s444,Movie,Title_444,nan,Henry Cavill,South Korea,TV-MA,2023,"January 13, 2023",122 min,Action & Adventure,This is a placeholder description for the show or movie.
s445,TV Show,Title_445,Martin Scorsese,Henry Cavill,United States,TV-PG,2013,"October 9, 2020",3 Seasons,Crime TV Shows,This is a placeholder description for the show or movie.
s446,TV Show,Title_446,Greta Gerwig,Song Kang,United States,PG-13,2011,"October 13, 2018",3 Seasons,Docuseries,This is a placeholder description for the show or movie.
s447,TV Show,Title_447,nan,"Song Kang, Zendaya",India,TV-14,2023,"October 13, 2023",2 Seasons,Crime TV Shows,This is a placeholder description for the show or movie.
s448,TV Show,Title_448,David Fincher,"Song Kang, Millie Bobby Brown, Henry Cavill",United States,TV-14,2008,"January 22, 2014",2 Seasons,International TV Shows,This is a placeholder description for the show or movie.
s449,Movie,Title_449,David Fincher,"Leonardo DiCaprio, Henry Cavill, Zendaya",United States,TV-14,2018,"January 10, 2022",115 min,Documentaries,This is a placeholder description for the show or movie.
s450,Movie,Title_450,Martin Scorsese,"Zendaya, Song Kang",United States,R,2009,"January 1, 2021",94 min,Dramas,This is a placeholder description for the show or movie.
s451,TV Show,Title_451,Bong Joon Ho,"Zendaya, Leonardo DiCaprio",India,PG-13,2023,"December 10, 2023",5 Seasons,Docuseries,This is a placeholder description for the show or movie.
s452,Movie,Title_452,Mike Flanagan,"Millie Bobby Brown, Henry Cavill, Zendaya",France,TV-14,2019,"December 4, 2021",100 min,Documentaries,This is a placeholder description for the show or movie.
s453,Movie,Title_453,Greta Gerwig,"Zendaya, Shah Rukh Khan",South Korea,TV-14,2007,"December 13, 2023",87 min,Documentaries,This is a placeholder description for the show or movie.
s454,TV Show,Title_454,nan,"Millie Bobby Brown, Zendaya, Song Kang",India,TV-MA,2015,"October 20, 2017",1 Seasons,TV Comedies,This is a placeholder description for the show or movie.
s455,Movie,Title_455,Mike Flanagan,"Song Kang, Leonardo DiCaprio, Millie Bobby Brown",United States,TV-PG,2016,"July 25, 2023",113 min,Action & Adventure,This is a placeholder description for the show or movie.
s456,Movie,Title_456,nan,Zendaya,India,TV-PG,2023,"July 3, 2023",128 min,Dramas,This is a placeholder description for the show or movie.
s457,Movie,Title_457,Greta Gerwig,"Song Kang, Zendaya, Millie Bobby Brown",Canada,TV-PG,2022,"July 22, 2022",108 min,Action & Adventure,This is a placeholder description for the show or movie.
s458,Movie,Title_458,David Fincher,"Millie Bobby Brown, Leonardo DiCaprio",United States,TV-MA,2012,"January 21, 2023",86 min,Comedies,This is a placeholder description for the show or movie.
s459,Movie,Title_459,Mike Flanagan,"Henry Cavill, Shah Rukh Khan, Zendaya",United States,R,2014,"July 15, 2023",124 min,Comedies,This is a placeholder description for the show or movie.
s460,Movie,Title_460,Martin Scorsese,Millie Bobby Brown,United States,TV-MA,2023,"October 15, 2023",146 min,Dramas,This is a placeholder description for the show or movie.
s461,Movie,Title_461,Bong Joon Ho,"Zendaya, Song Kang",South Korea,TV-14,2023,"January 19, 2023",131 min,Thrillers,This is a placeholder description for the show or movie.
s462,Movie,Title_462,Martin Scorsese,"Henry Cavill, Zendaya, Leonardo DiCaprio",United States,PG-13,2017,"January 28, 2017",131 min,Action & Adventure,This is a placeholder description for the show or movie.
s463,TV Show,Title_463,Bong Joon Ho,"Leonardo DiCaprio, Millie Bobby Brown",South Korea,TV-14,2008,"January 4, 2023",3 Seasons,International TV Shows,This is a placeholder description for the show or movie.
s464,Movie,Title_464,nan,Zendaya,United States,TV-14,2015,"October 7, 2023",103 min,Thrillers,This is a placeholder description for the show or movie.
s465,TV Show,Title_465,Mike Flanagan,"Zendaya, Millie Bobby Brown, Shah Rukh Khan",United States,PG-13,2014,"October 27, 2023",1 Seasons,Crime TV Shows,This is a placeholder description for the show or movie.
s466,Movie,Title_466,Mike Flanagan,Henry Cavill,India,TV-PG,2014,"December 26, 2016",83 min,Documentaries,This is a placeholder description for the show or movie.
s467,Movie,Title_467,Bong Joon Ho,"Song Kang, Millie Bobby Brown",India,TV-MA,2016,"January 14, 2018",85 min,Action & Adventure,This is a placeholder description for the show or movie.
s468,TV Show,Title_468,David Fincher,"Henry Cavill, Leonardo DiCaprio, Millie Bobby Brown",United States,R,2020,"October 19, 2020",5 Seasons,TV Dramas,This is a placeholder description for the show or movie.
s469,Movie,Title_469,Greta Gerwig,"Zendaya, Leonardo DiCaprio, Millie Bobby Brown",United States,TV-14,2021,"October 24, 2021",82 min,Comedies,This is a placeholder description for the show or movie.
s470,TV Show,Title_470,Martin Scorsese,"Henry Cavill, Millie Bobby Brown",United States,TV-14,2014,"October 2, 2018",3 Seasons,Crime TV Shows,This is a placeholder description for the show or movie.
s471,Movie,Title_471,nan,"Henry Cavill, Zendaya",United States,R,2023,"October 15, 2023",114 min,Dramas,This is a placeholder description for the show or movie.
s472,TV Show,Title_472,Martin Scorsese,"Henry Cavill, Leonardo DiCaprio",United States,TV-MA,2008,"October 4, 2018",2 Seasons,Docuseries,This is a placeholder description for the show or movie.
s473,Movie,Title_473,Martin Scorsese,Shah Rukh Khan,France,TV-14,2018,"October 6, 2023",144 min,Documentaries,This is a placeholder description for the show or movie.
s474,TV Show,Title_474,nan,"Henry Cavill, Millie Bobby Brown",India,R,2023,"October 2, 2023",5 Seasons,Docuseries,This is a placeholder description for the show or movie.
s475,Movie,Title_475,nan,"Millie Bobby Brown, Henry Cavill",United Kingdom,TV-14,2023,"January 3, 2023",119 min,Documentaries,This is a placeholder description for the show or movie.
s476,TV Show,Title_476,Mike Flanagan,"Shah Rukh Khan, Zendaya",United States,TV-PG,2023,"December 26, 2023",4 Seasons,Crime TV Shows,This is a placeholder description for the show or movie.
s477,Movie,Title_477,Martin Scorsese,"Zendaya, Leonardo DiCaprio",United States,TV-PG,2006,"December 5, 2015",86 min,Dramas,This is a placeholder description for the show or movie.
s478,Movie,Title_478,Greta Gerwig,Song Kang,United States,TV-14,2001,"July 19, 2023",142 min,Thrillers,This is a placeholder description for the show or movie.
s479,TV Show,Title_479,Greta Gerwig,Millie Bobby Brown,India,TV-14,2019,"July 17, 2019",2 Seasons,TV Dramas,This is a placeholder description for the show or movie.
s480,Movie,Title_480,Bong Joon Ho,"Shah Rukh Khan, Millie Bobby Brown",India,TV-PG,2020,"January 17, 2020",124 min,Documentaries,This is a placeholder description for the show or movie.
s481,Movie,Title_481,nan,"Song Kang, Millie Bobby Brown, Shah Rukh Khan",United States,TV-14,2021,"October 14, 2023",104 min,Documentaries,This is a placeholder description for the show or movie.
s482,TV Show,Title_482,Mike Flanagan,Leonardo DiCaprio,South Korea,TV-MA,2016,"July 8, 2017",1 Seasons,Docuseries,This is a placeholder description for the show or movie.
s483,Movie,Title_483,Greta Gerwig,"Shah Rukh Khan, Song Kang",India,TV-MA,2022,"October 6, 2022",103 min,Thrillers,This is a placeholder description for the show or movie.
s484,Movie,Title_484,David Fincher,"Shah Rukh Khan, Millie Bobby Brown, Henry Cavill",United States,PG-13,2018,"October 9, 2023",100 min,Action & Adventure,This is a placeholder description for the show or movie.
s485,Movie,Title_485,Mike Flanagan,"Henry Cavill, Millie Bobby Brown",United States,TV-MA,2015,"July 16, 2017",139 min,Dramas,This is a placeholder description for the show or movie.
s486,TV Show,Title_486,Mike Flanagan,Shah Rukh Khan,India,TV-14,2020,"October 22, 2020",4 Seasons,Docuseries,This is a placeholder description for the show or movie.
s487,Movie,Title_487,Greta Gerwig,"Leonardo DiCaprio, Millie Bobby Brown, Henry Cavill",South Korea,TV-14,2020,"October 17, 2020",106 min,Dramas,This is a placeholder description for the show or movie.
s488,Movie,Title_488,David Fincher,Song Kang,United States,R,2015,"January 13, 2023",134 min,Action & Adventure,This is a placeholder description for the show or movie.
s489,TV Show,Title_489,Bong Joon Ho,"Zendaya, Millie Bobby Brown",United States,TV-MA,2015,"July 21, 2017",1 Seasons,TV Comedies,This is a placeholder description for the show or movie.
s490,TV Show,Title_490,Greta Gerwig,"Zendaya, Millie Bobby Brown",India,TV-PG,2023,"December 18, 2023",2 Seasons,TV Dramas,This is a placeholder description for the show or movie.
s491,Movie,Title_491,David Fincher,"Shah Rukh Khan, Millie Bobby Brown",United States,TV-PG,2014,"January 24, 2021",103 min,Documentaries,This is a placeholder description for the show or movie.
s492,Movie,Title_492,Mike Flanagan,"Leonardo DiCaprio, Shah Rukh Khan, Millie Bobby Brown",United Kingdom,PG-13,2022,"December 4, 2023",83 min,Comedies,This is a placeholder description for the show or movie.
s493,Movie,Title_493,David Fincher,"Song Kang, Shah Rukh Khan, Leonardo DiCaprio",United Kingdom,R,2014,"July 13, 2021",83 min,Dramas,This is a placeholder description for the show or movie.
s494,Movie,Title_494,Mike Flanagan,Millie Bobby Brown,United States,TV-PG,2015,"July 1, 2018",147 min,Action & Adventure,This is a placeholder description for the show or movie.
s495,Movie,Title_495,Greta Gerwig,"Song Kang, Shah Rukh Khan, Henry Cavill",United States,PG-13,2023,"October 28, 2023",134 min,Dramas,This is a placeholder description for the show or movie.
s496,Movie,Title_496,nan,"Leonardo DiCaprio, Song Kang, Zendaya",United Kingdom,TV-MA,2019,"July 8, 2020",111 min,Comedies,This is a placeholder description for the show or movie.
s497,Movie,Title_497,Greta Gerwig,"Leonardo DiCaprio, Song Kang, Shah Rukh Khan",United States,R,2012,"December 21, 2022",128 min,Comedies,This is a placeholder description for the show or movie.
s498,Movie,Title_498,Martin Scorsese,Millie Bobby Brown,United States,R,2020,"December 6, 2020",137 min,Thrillers,This is a placeholder description for the show or movie.
s499,TV Show,Title_499,Martin Scorsese,"Shah Rukh Khan, Millie Bobby Brown, Zendaya",South Korea,TV-14,2019,"July 1, 2019",1 Seasons,Crime TV Shows,This is a placeholder description for the show or movie.
s500,TV Show,Title_500,Martin Scorsese,Zendaya,United States,TV-MA,2023,"July 23, 2023",2 Seasons,International TV Shows,This is a placeholder description for the show or movie.
s501,TV Show,Title_501,Greta Gerwig,"Song Kang, Leonardo DiCaprio, Shah Rukh Khan",India,R,2016,"December 12, 2021",5 Seasons,International TV Shows,This is a placeholder description for the show or movie.
s502,Movie,Title_502,Bong Joon Ho,"Henry Cavill, Shah Rukh Khan, Song Kang",United States,PG-13,2018,"July 28, 2022",98 min,Thrillers,This is a placeholder description for the show or movie.
s503,Movie,Title_503,Greta Gerwig,Henry Cavill,United Kingdom,TV-PG,2010,"July 8, 2023",88 min,Documentaries,This is a placeholder description for the show or movie.
s504,TV Show,Title_504,nan,"Zendaya, Millie Bobby Brown",United States,TV-MA,2020,"January 12, 2023",1 Seasons,Crime TV Shows,This is a placeholder description for the show or movie.
s505,TV Show,Title_505,David Fincher,Song Kang,France,TV-MA,2022,"October 16, 2022",1 Seasons,Docuseries,This is a placeholder description for the show or movie.
s506,Movie,Title_506,Greta Gerwig,"Song Kang, Leonardo DiCaprio",Canada,R,2011,"July 13, 2018",101 min,Documentaries,This is a placeholder description for the show or movie.
s507,TV Show,Title_507,Greta Gerwig,"Song Kang, Henry Cavill, Shah Rukh Khan",United States,R,2023,"December 23, 2023",5 Seasons,Docuseries,This is a placeholder description for the show or movie.
s508,TV Show,Title_508,Mike Flanagan,Shah Rukh Khan,India,R,2014,"July 3, 2014",4 Seasons,International TV Shows,This is a placeholder description for the show or movie.
s509,TV Show,Title_509,Mike Flanagan,Leonardo DiCaprio,United States,PG-13,2016,"December 21, 2019",3 Seasons,Crime TV Shows,This is a placeholder description for the show or movie.
s510,TV Show,Title_510,Mike Flanagan,Zendaya,India,TV-14,2016,"July 10, 2021",1 Seasons,Docuseries,This is a placeholder description for the show or movie.
s511,Movie,Title_511,Greta Gerwig,Leonardo DiCaprio,South Korea,R,2022,"July 1, 2022",110 min,Comedies,This is a placeholder description for the show or movie.
s512,Movie,Title_512,Bong Joon Ho,"Henry Cavill, Millie Bobby Brown, Leonardo DiCaprio",India,TV-14,2020,"July 11, 2020",143 min,Action & Adventure,This is a placeholder description for the show or movie.
s513,TV Show,Title_513,David Fincher,"Zendaya, Leonardo DiCaprio",United States,TV-14,2016,"January 11, 2023",3 Seasons,Crime TV Shows,This is a placeholder description for the show or movie.
s514,TV Show,Title_514,David Fincher,Song Kang,United Kingdom,TV-MA,2019,"July 7, 2021",2 Seasons,Crime TV Shows,This is a placeholder description for the show or movie.
s515,Movie,Title_515,nan,"Shah Rukh Khan, Zendaya, Leonardo DiCaprio",United States,TV-PG,2019,"July 20, 2021",139 min,Comedies,This is a placeholder description for the show or movie.
s516,Movie,Title_516,Bong Joon Ho,"Song Kang, Zendaya",South Korea,TV-PG,2006,"December 23, 2019",81 min,Thrillers,This is a placeholder description for the show or movie.
s517,Movie,Title_517,Bong Joon Ho,Song Kang,United Kingdom,PG-13,2017,"July 27, 2023",126 min,Thrillers,This is a placeholder description for the show or movie.
s518,TV Show,Title_518,David Fincher,Leonardo DiCaprio,United States,PG-13,2018,"December 28, 2018",3 Seasons,Crime TV Shows,This is a placeholder description for the show or movie.
s519,TV Show,Title_519,Martin Scorsese,"Song Kang, Leonardo DiCaprio",United States,TV-PG,2020,"October 21, 2020",1 Seasons,Docuseries,This is a placeholder description for the show or movie.
s520,Movie,Title_520,Mike Flanagan,Leonardo DiCaprio,South Korea,TV-PG,2011,"December 19, 2017",144 min,Documentaries,This is a placeholder description for the show or movie.
s521,Movie,Title_521,Mike Flanagan,Song Kang,South Korea,TV-MA,2020,"January 1, 2023",103 min,Dramas,This is a placeholder description for the show or movie.
s522,Movie,Title_522,David Fincher,Leonardo DiCaprio,United States,TV-MA,2020,"October 4, 2021",115 min,Thrillers,This is a placeholder description for the show or movie.
s523,TV Show,Title_523,Bong Joon Ho,"Shah Rukh Khan, Leonardo DiCaprio",United States,TV-PG,2020,"July 15, 2020",3 Seasons,International TV Shows,This is a placeholder description for the show or movie.
s524,TV Show,Title_524,nan,"Millie Bobby Brown, Henry Cavill, Leonardo DiCaprio",India,R,2021,"July 18, 2021",2 Seasons,TV Comedies,This is a placeholder description for the show or movie.
s525,TV Show,Title_525,Martin Scorsese,"Song Kang, Zendaya, Millie Bobby Brown",United States,R,2018,"October 19, 2018",4 Seasons,International TV Shows,This is a placeholder description for the show or movie.
s526,Movie,Title_526,David Fincher,Zendaya,United States,TV-MA,2023,"December 20, 2023",91 min,Action & Adventure,This is a placeholder description for the show or movie.
s527,Movie,Title_527,Mike Flanagan,Leonardo DiCaprio,United States,TV-14,2018,"January 27, 2018",95 min,Action & Adventure,This is a placeholder description for the show or movie.
s528,Movie,Title_528,Greta Gerwig,"Leonardo DiCaprio, Zendaya, Song Kang",United States,TV-PG,2023,"October 20, 2023",111 min,Documentaries,This is a placeholder description for the show or movie.
s529,Movie,Title_529,Bong Joon Ho,"Song Kang, Henry Cavill",India,PG-13,2020,"October 3, 2020",123 min,Comedies,This is a placeholder description for the show or movie.
s530,TV Show,Title_530,Greta Gerwig,"Zendaya, Leonardo DiCaprio",France,R,2014,"July 26, 2020",2 Seasons,International TV Shows,This is a placeholder description for the show or movie.
s531,TV Show,Title_531,nan,Shah Rukh Khan,United Kingdom,TV-14,2014,"December 28, 2021",1 Seasons,International TV Shows,This is a placeholder description for the show or movie.
s532,TV Show,Title_532,David Fincher,"Leonardo DiCaprio, Shah Rukh Khan, Song Kang",United States,R,2007,"October 12, 2018",2 Seasons,TV Comedies,This is a placeholder description for the show or movie.
s533,TV Show,Title_533,Mike Flanagan,Henry Cavill,India,TV-14,2023,"July 14, 2023",3 Seasons,TV Comedies,This is a placeholder description for the show or movie.
s534,Movie,Title_534,Martin Scorsese,Leonardo DiCaprio,India,TV-PG,2018,"December 15, 2023",122 min,Comedies,This is a placeholder description for the show or movie.
s535,TV Show,Title_535,Greta Gerwig,"Leonardo DiCaprio, Henry Cavill, Zendaya",United States,TV-PG,2006,"October 4, 2017",5 Seasons,Docuseries,This is a placeholder description for the show or movie.
s536,TV Show,Title_536,Martin Scorsese,Song Kang,France,TV-PG,2015,"October 7, 2022",5 Seasons,TV Dramas,This is a placeholder description for the show or movie.
s537,TV Show,Title_537,nan,Zendaya,India,TV-MA,2022,"October 4, 2022",4 Seasons,TV Dramas,This is a placeholder description for the show or movie.
s538,Movie,Title_538,Mike Flanagan,"Millie Bobby Brown, Leonardo DiCaprio",France,TV-14,2022,"January 27, 2022",103 min,Action & Adventure,This is a placeholder description for the show or movie.
s539,Movie,Title_539,Greta Gerwig,"Zendaya, Leonardo DiCaprio",India,PG-13,2023,"October 8, 2023",81 min,Dramas,This is a placeholder description for the show or movie.
s540,Movie,Title_540,nan,"Shah Rukh Khan, Leonardo DiCaprio",United Kingdom,PG-13,2017,"October 27, 2018",149 min,Dramas,This is a placeholder description for the show or movie.
s541,TV Show,Title_541,Martin Scorsese,"Millie Bobby Brown, Zendaya",United States,TV-PG,2023,"October 11, 2023",2 Seasons,Crime TV Shows,This is a placeholder description for the show or movie.
s542,Movie,Title_542,Martin Scorsese,"Millie Bobby Brown, Henry Cavill, Zendaya",India,PG-13,2017,"January 11, 2021",97 min,Comedies,This is a placeholder description for the show or movie.
s543,Movie,Title_543,Greta Gerwig,Shah Rukh Khan,United States,R,2020,"January 24, 2022",135 min,Dramas,This is a placeholder description for the show or movie.
s544,TV Show,Title_544,Mike Flanagan,"Zendaya, Leonardo DiCaprio",South Korea,TV-14,2019,"December 3, 2019",2 Seasons,Crime TV Shows,This is a placeholder description for the show or movie.
s545,Movie,Title_545,Martin Scorsese,Zendaya,South Korea,TV-14,2016,"January 28, 2020",128 min,Action & Adventure,This is a placeholder description for the show or movie.
s546,Movie,Title_546,David Fincher,"Millie Bobby Brown, Song Kang",South Korea,TV-14,2019,"July 22, 2019",143 min,Action & Adventure,This is a placeholder description for the show or movie.
s547,Movie,Title_547,nan,"Millie Bobby Brown, Shah Rukh Khan, Zendaya",Canada,R,2018,"July 2, 2018",128 min,Dramas,This is a placeholder description for the show or movie.
s548,TV Show,Title_548,Greta Gerwig,"Zendaya, Millie Bobby Brown",South Korea,TV-MA,2021,"October 28, 2021",3 Seasons,International TV Shows,This is a placeholder description for the show or movie.
s549,Movie,Title_549,Bong Joon Ho,"Millie Bobby Brown, Henry Cavill, Shah Rukh Khan",United States,R,2023,"December 22, 2023",132 min,Documentaries,This is a placeholder description for the show or movie.
s550,TV Show,Title_550,Bong Joon Ho,"Zendaya, Leonardo DiCaprio, Henry Cavill",India,TV-14,2009,"October 23, 2018",1 Seasons,International TV Shows,This is a placeholder description for the show or movie.
s551,Movie,Title_551,Mike Flanagan,Shah Rukh Khan,United Kingdom,TV-14,2017,"December 3, 2022",140 min,Action & Adventure,This is a placeholder description for the show or movie.
s552,TV Show,Title_552,David Fincher,Henry Cavill,United Kingdom,TV-14,2007,"October 15, 2020",4 Seasons,Crime TV Shows,This is a placeholder description for the show or movie.
s553,Movie,Title_553,Martin Scorsese,"Millie Bobby Brown, Henry Cavill",Canada,PG-13,2020,"July 23, 2020",102 min,Comedies,This is a placeholder description for the show or movie.
s554,Movie,Title_554,Bong Joon Ho,"Shah Rukh Khan, Millie Bobby Brown",United States,TV-MA,2018,"January 18, 2018",100 min,Dramas,This is a placeholder description for the show or movie.
s555,TV Show,Title_555,Mike Flanagan,"Leonardo DiCaprio, Shah Rukh Khan, Henry Cavill",United States,R,2014,"January 11, 2018",2 Seasons,Docuseries,This is a placeholder description for the show or movie.
s556,Movie,Title_556,nan,"Shah Rukh Khan, Zendaya, Leonardo DiCaprio",France,TV-14,2014,"January 14, 2022",90 min,Thrillers,This is a placeholder description for the show or movie.
s557,Movie,Title_557,David Fincher,"Zendaya, Leonardo DiCaprio, Millie Bobby Brown",India,TV-PG,2014,"December 14, 2017",109 min,Dramas,This is a placeholder description for the show or movie.
s558,Movie,Title_558,David Fincher,Shah Rukh Khan,United States,TV-MA,2023,"October 22, 2023",130 min,Documentaries,This is a placeholder description for the show or movie.
s559,TV Show,Title_559,Mike Flanagan,Shah Rukh Khan,South Korea,TV-PG,2008,"December 17, 2017",3 Seasons,TV Dramas,This is a placeholder description for the show or movie.
s560,Movie,Title_560,Mike Flanagan,"Henry Cavill, Shah Rukh Khan, Zendaya",France,TV-MA,2019,"July 20, 2020",123 min,Documentaries,This is a placeholder description for the show or movie.
s561,TV Show,Title_561,Martin Scorsese,Shah Rukh Khan,United States,TV-14,2010,"January 9, 2023",4 Seasons,Crime TV Shows,This is a placeholder description for the show or movie.
s562,Movie,Title_562,Mike Flanagan,Millie Bobby Brown,South Korea,TV-MA,2022,"January 11, 2022",106 min,Action & Adventure,This is a placeholder description for the show or movie.
s563,Movie,Title_563,Martin Scorsese,Henry Cavill,France,TV-MA,2023,"October 23, 2023",150 min,Dramas,This is a placeholder description for the show or movie.
s564,Movie,Title_564,Martin Scorsese,Song Kang,France,TV-14,2020,"December 18, 2023",94 min,Documentaries,This is a placeholder description for the show or movie.
s565,Movie,Title_565,Greta Gerwig,"Millie Bobby Brown, Zendaya, Leonardo DiCaprio",France,TV-PG,2023,"October 28, 2023",129 min,Thrillers,This is a placeholder description for the show or movie.
s566,Movie,Title_566,David Fincher,"Zendaya, Millie Bobby Brown, Leonardo DiCaprio",India,TV-PG,2021,"October 20, 2021",101 min,Action & Adventure,This is a placeholder description for the show or movie.
s567,Movie,Title_567,nan,"Song Kang, Leonardo DiCaprio",United States,PG-13,2020,"October 24, 2021",86 min,Thrillers,This is a placeholder description for the show or movie.
s568,Movie,Title_568,David Fincher,Leonardo DiCaprio,United States,TV-PG,2011,"January 17, 2019",146 min,Comedies,This is a placeholder description for the show or movie.
s569,TV Show,Title_569,David Fincher,"Song Kang, Zendaya, Shah Rukh Khan",United States,TV-PG,2019,"July 14, 2019",3 Seasons,TV Comedies,This is a placeholder description for the show or movie.
s570,Movie,Title_570,Greta Gerwig,"Zendaya, Leonardo DiCaprio",India,TV-MA,2019,"July 18, 2022",109 min,Comedies,This is a placeholder description for the show or movie.
s571,Movie,Title_571,Martin Scorsese,"Song Kang, Leonardo DiCaprio",United States,PG-13,2017,"December 13, 2020",103 min,Thrillers,This is a placeholder description for the show or movie.
s572,TV Show,Title_572,Martin Scorsese,Henry Cavill,United States,TV-14,2023,"January 20, 2023",1 Seasons,Docuseries,This is a placeholder description for the show or movie.
s573,Movie,Title_573,Mike Flanagan,Henry Cavill,United States,TV-14,2019,"October 13, 2019",81 min,Thrillers,This is a placeholder description for the show or movie.
s574,Movie,Title_574,Greta Gerwig,"Shah Rukh Khan, Henry Cavill, Millie Bobby Brown",United States,R,2021,"July 6, 2021",134 min,Documentaries,This is a placeholder description for the show or movie.
s575,TV Show,Title_575,Mike Flanagan,Zendaya,South Korea,PG-13,2023,"October 22, 2023",5 Seasons,TV Dramas,This is a placeholder description for the show or movie.
s576,TV Show,Title_576,Greta Gerwig,Leonardo DiCaprio,United States,TV-MA,2008,"July 14, 2014",2 Seasons,TV Comedies,This is a placeholder description for the show or movie.
s577,Movie,Title_577,Mike Flanagan,"Henry Cavill, Shah Rukh Khan, Millie Bobby Brown",India,R,2021,"July 11, 2021",106 min,Dramas,This is a placeholder description for the show or movie.
s578,TV Show,Title_578,Bong Joon Ho,"Leonardo DiCaprio, Millie Bobby Brown, Henry Cavill",India,R,2020,"December 17, 2020",3 Seasons,International TV Shows,This is a placeholder description for the show or movie.
s579,Movie,Title_579,David Fincher,"Millie Bobby Brown, Leonardo DiCaprio",United States,TV-14,2017,"July 4, 2019",111 min,Thrillers,This is a placeholder description for the show or movie.
s580,Movie,Title_580,David Fincher,Song Kang,France,TV-PG,2013,"July 23, 2019",129 min,Comedies,This is a placeholder description for the show or movie.
s581,Movie,Title_581,nan,Millie Bobby Brown,India,TV-MA,2015,"October 22, 2018",120 min,Thrillers,This is a placeholder description for the show or movie.
s582,TV Show,Title_582,Martin Scorsese,Millie Bobby Brown,United States,PG-13,2016,"October 26, 2019",2 Seasons,Crime TV Shows,This is a placeholder description for the show or movie.
s583,Movie,Title_583,nan,Leonardo DiCaprio,United States,R,2022,"January 12, 2022",83 min,Comedies,This is a placeholder description for the show or movie.
s584,Movie,Title_584,Bong Joon Ho,"Zendaya, Henry Cavill",United States,TV-MA,2023,"December 12, 2023",132 min,Comedies,This is a placeholder description for the show or movie.
s585,Movie,Title_585,nan,"Leonardo DiCaprio, Shah Rukh Khan",United States,TV-14,2022,"October 2, 2022",114 min,Action & Adventure,This is a placeholder description for the show or movie.
s586,Movie,Title_586,David Fincher,"Shah Rukh Khan, Millie Bobby Brown",United States,R,2019,"July 1, 2022",95 min,Thrillers,This is a placeholder description for the show or movie.
s587,Movie,Title_587,Martin Scorsese,"Zendaya, Leonardo DiCaprio, Millie Bobby Brown",India,R,2018,"December 7, 2022",134 min,Dramas,This is a placeholder description for the show or movie.
s588,Movie,Title_588,Bong Joon Ho,Leonardo DiCaprio,Japan,TV-14,2021,"July 1, 2021",145 min,Action & Adventure,This is a placeholder description for the show or movie.
s589,Movie,Title_589,David Fincher,"Henry Cavill, Zendaya",United Kingdom,TV-14,2022,"December 8, 2022",96 min,Documentaries,This is a placeholder description for the show or movie.
s590,Movie,Title_590,Mike Flanagan,Leonardo DiCaprio,United States,TV-14,2017,"January 23, 2018",112 min,Action & Adventure,This is a placeholder description for the show or movie.
s591,Movie,Title_591,Greta Gerwig,"Shah Rukh Khan, Henry Cavill, Leonardo DiCaprio",United States,TV-MA,2018,"December 11, 2022",140 min,Documentaries,This is a placeholder description for the show or movie.
s592,Movie,Title_592,Bong Joon Ho,"Leonardo DiCaprio, Song Kang, Shah Rukh Khan",India,TV-MA,2022,"January 12, 2022",141 min,Dramas,This is a placeholder description for the show or movie.
s593,Movie,Title_593,Martin Scorsese,"Song Kang, Millie Bobby Brown, Shah Rukh Khan",United States,TV-MA,2020,"January 13, 2023",99 min,Comedies,This is a placeholder description for the show or movie.
s594,Movie,Title_594,nan,Shah Rukh Khan,United States,TV-PG,2017,"January 22, 2017",147 min,Documentaries,This is a placeholder description for the show or movie.
s595,TV Show,Title_595,nan,"Henry Cavill, Leonardo DiCaprio",South Korea,R,2023,"October 21, 2023",2 Seasons,Crime TV Shows,This is a placeholder description for the show or movie.
s596,Movie,Title_596,Bong Joon Ho,"Song Kang, Henry Cavill, Leonardo DiCaprio",United States,TV-MA,2014,"January 7, 2014",94 min,Documentaries,This is a placeholder description for the show or movie.
s597,TV Show,Title_597,Martin Scorsese,"Shah Rukh Khan, Zendaya, Leonardo DiCaprio",South Korea,TV-PG,2020,"December 20, 2020",1 Seasons,International TV Shows,This is a placeholder description for the show or movie.
s598,Movie,Title_598,Bong Joon Ho,Zendaya,United States,R,2014,"July 16, 2021",114 min,Dramas,This is a placeholder description for the show or movie.
s599,Movie,Title_599,Martin Scorsese,"Leonardo DiCaprio, Henry Cavill",France,TV-MA,2021,"October 11, 2021",113 min,Thrillers,This is a placeholder description for the show or movie.
s600,Movie,Title_600,nan,"Zendaya, Shah Rukh Khan",United Kingdom,TV-14,2017,"July 3, 2017",127 min,Documentaries,This is a placeholder description for the show or movie.
s601,Movie,Title_601,David Fincher,Millie Bobby Brown,Canada,PG-13,2015,"December 10, 2020",120 min,Documentaries,This is a placeholder description for the show or movie.
s602,Movie,Title_602,Mike Flanagan,Henry Cavill,United States,TV-MA,2015,"October 5, 2019",131 min,Documentaries,This is a placeholder description for the show or movie.
s603,Movie,Title_603,David Fincher,"Millie Bobby Brown, Leonardo DiCaprio, Zendaya",Japan,PG-13,2010,"January 18, 2023",119 min,Dramas,This is a placeholder description for the show or movie.
s604,Movie,Title_604,Mike Flanagan,Shah Rukh Khan,South Korea,TV-MA,2020,"July 12, 2022",91 min,Documentaries,This is a placeholder description for the show or movie.
s605,Movie,Title_605,nan,"Millie Bobby Brown, Henry Cavill",United Kingdom,TV-14,2023,"October 21, 2023",113 min,Comedies,This is a placeholder description for the show or movie.
s606,Movie,Title_606,David Fincher,"Song Kang, Millie Bobby Brown",India,PG-13,2016,"December 19, 2016",104 min,Documentaries,This is a placeholder description for the show or movie.
s607,Movie,Title_607,David Fincher,"Zendaya, Shah Rukh Khan",Canada,TV-PG,2023,"December 9, 2023",119 min,Action & Adventure,This is a placeholder description for the show or movie.
s608,Movie,Title_608,Bong Joon Ho,Shah Rukh Khan,United States,TV-14,2023,"January 20, 2023",91 min,Documentaries,This is a placeholder description for the show or movie.
s609,Movie,Title_609,Greta Gerwig,"Song Kang, Shah Rukh Khan",India,PG-13,2022,"December 1, 2023",132 min,Dramas,This is a placeholder description for the show or movie.
s610,TV Show,Title_610,nan,"Shah Rukh Khan, Zendaya",South Korea,PG-13,2017,"December 18, 2017",5 Seasons,International TV Shows,This is a placeholder description for the show or movie.
s611,Movie,Title_611,Martin Scorsese,Zendaya,United States,TV-14,2017,"January 15, 2017",150 min,Thrillers,This is a placeholder description for the show or movie.
s612,TV Show,Title_612,nan,"Zendaya, Millie Bobby Brown",United States,TV-14,2017,"July 16, 2022",1 Seasons,TV Dramas,This is a placeholder description for the show or movie.
s613,Movie,Title_613,Martin Scorsese,"Henry Cavill, Leonardo DiCaprio",India,TV-14,2017,"December 4, 2019",111 min,Dramas,This is a placeholder description for the show or movie.
s614,Movie,Title_614,Martin Scorsese,"Millie Bobby Brown, Henry Cavill, Leonardo DiCaprio",Canada,R,2020,"December 12, 2021",149 min,Documentaries,This is a placeholder description for the show or movie.
s615,TV Show,Title_615,Mike Flanagan,"Song Kang, Shah Rukh Khan",United States,TV-PG,2009,"July 1, 2020",2 Seasons,TV Dramas,This is a placeholder description for the show or movie.
s616,TV Show,Title_616,Martin Scorsese,"Shah Rukh Khan, Zendaya, Song Kang",United States,TV-MA,2023,"December 4, 2023",3 Seasons,Crime TV Shows,This is a placeholder description for the show or movie.
s617,Movie,Title_617,Martin Scorsese,"Song Kang, Shah Rukh Khan",United States,PG-13,2017,"January 10, 2023",91 min,Documentaries,This is a placeholder description for the show or movie.
s618,Movie,Title_618,Bong Joon Ho,"Leonardo DiCaprio, Millie Bobby Brown",South Korea,TV-MA,2023,"January 6, 2023",105 min,Action & Adventure,This is a placeholder description for the show or movie.
s619,TV Show,Title_619,David Fincher,"Zendaya, Henry Cavill, Song Kang",United States,TV-14,2019,"January 21, 2019",5 Seasons,Docuseries,This is a placeholder description for the show or movie.
s620,TV Show,Title_620,nan,"Leonardo DiCaprio, Song Kang, Henry Cavill",United Kingdom,TV-PG,2014,"January 28, 2019",4 Seasons,TV Dramas,This is a placeholder description for the show or movie.
s621,Movie,Title_621,nan,Henry Cavill,United States,TV-PG,2016,"July 26, 2020",103 min,Dramas,This is a placeholder description for the show or movie.
s622,Movie,Title_622,Martin Scorsese,"Song Kang, Leonardo DiCaprio, Henry Cavill",South Korea,R,2014,"October 14, 2016",126 min,Action & Adventure,This is a placeholder description for the show or movie.
s623,Movie,Title_623,Greta Gerwig,"Shah Rukh Khan, Zendaya",France,TV-14,2017,"December 13, 2023",138 min,Action & Adventure,This is a placeholder description for the show or movie.
s624,Movie,Title_624,nan,Song Kang,United States,PG-13,2018,"July 2, 2019",139 min,Dramas,This is a placeholder description for the show or movie.
s625,Movie,Title_625,Martin Scorsese,Song Kang,United States,R,2021,"July 21, 2021",116 min,Documentaries,This is a placeholder description for the show or movie.
s626,Movie,Title_626,Mike Flanagan,"Song Kang, Leonardo DiCaprio, Shah Rukh Khan",South Korea,TV-14,2023,"January 7, 2023",114 min,Dramas,This is a placeholder description for the show or movie.
s627,Movie,Title_627,Mike Flanagan,"Song Kang, Shah Rukh Khan",United States,R,2021,"December 14, 2021",90 min,Documentaries,This is a placeholder description for the show or movie.
s628,TV Show,Title_628,Mike Flanagan,"Song Kang, Shah Rukh Khan, Millie Bobby Brown",United States,TV-MA,2020,"January 17, 2020",4 Seasons,Docuseries,This is a placeholder description for the show or movie.
s629,Movie,Title_629,Martin Scorsese,"Millie Bobby Brown, Shah Rukh Khan",South Korea,TV-14,2017,"January 22, 2018",93 min,Dramas,This is a placeholder description for the show or movie.
s630,Movie,Title_630,Bong Joon Ho,"Millie Bobby Brown, Song Kang, Shah Rukh Khan",France,PG-13,2014,"July 14, 2020",145 min,Thrillers,This is a placeholder description for the show or movie.
s631,TV Show,Title_631,Greta Gerwig,"Leonardo DiCaprio, Millie Bobby Brown, Song Kang",India,PG-13,2021,"July 23, 2021",5 Seasons,TV Comedies,This is a placeholder description for the show or movie.
s632,TV Show,Title_632,Martin Scorsese,Song Kang,United States,TV-14,2019,"July 18, 2019",2 Seasons,Crime TV Shows,This is a placeholder description for the show or movie.
s633,Movie,Title_633,Bong Joon Ho,"Millie Bobby Brown, Zendaya, Shah Rukh Khan",United States,R,2018,"July 6, 2019",144 min,Comedies,This is a placeholder description for the show or movie.
s634,Movie,Title_634,Bong Joon Ho,"Shah Rukh Khan, Millie Bobby Brown",United States,TV-PG,2018,"October 12, 2023",119 min,Documentaries,This is a placeholder description for the show or movie.
s635,Movie,Title_635,nan,"Zendaya, Henry Cavill",South Korea,TV-14,2019,"January 26, 2021",118 min,Documentaries,This is a placeholder description for the show or movie.
s636,Movie,Title_636,Martin Scorsese,Song Kang,South Korea,PG-13,2020,"October 22, 2020",89 min,Dramas,This is a placeholder description for the show or movie.
s637,Movie,Title_637,Martin Scorsese,Millie Bobby Brown,Japan,TV-MA,2023,"January 5, 2023",128 min,Thrillers,This is a placeholder description for the show or movie.
s638,Movie,Title_638,Bong Joon Ho,Shah Rukh Khan,United States,PG-13,2023,"December 3, 2023",125 min,Documentaries,This is a placeholder description for the show or movie.
s639,Movie,Title_639,Bong Joon Ho,Henry Cavill,India,TV-PG,2013,"July 24, 2021",129 min,Dramas,This is a placeholder description for the show or movie.
s640,Movie,Title_640,Bong Joon Ho,"Henry Cavill, Song Kang, Millie Bobby Brown",United States,PG-13,2012,"July 14, 2021",121 min,Dramas,This is a placeholder description for the show or movie.
s641,Movie,Title_641,nan,"Millie Bobby Brown, Leonardo DiCaprio, Song Kang",United States,TV-PG,2012,"January 4, 2019",115 min,Action & Adventure,This is a placeholder description for the show or movie.
s642,Movie,Title_642,Martin Scorsese,"Millie Bobby Brown, Zendaya",South Korea,TV-14,2010,"October 9, 2023",125 min,Comedies,This is a placeholder description for the show or movie.
s643,Movie,Title_643,Bong Joon Ho,"Zendaya, Song Kang",United States,PG-13,2009,"October 23, 2020",84 min,Action & Adventure,This is a placeholder description for the show or movie.
s644,Movie,Title_644,Mike Flanagan,"Shah Rukh Khan, Millie Bobby Brown",United Kingdom,R,2023,"December 23, 2023",85 min,Dramas,This is a placeholder description for the show or movie.
s645,Movie,Title_645,Martin Scorsese,"Zendaya, Shah Rukh Khan, Millie Bobby Brown",United Kingdom,R,2022,"January 10, 2022",142 min,Action & Adventure,This is a placeholder description for the show or movie.
s646,TV Show,Title_646,nan,Zendaya,France,PG-13,2023,"October 13, 2023",5 Seasons,International TV Shows,This is a placeholder description for the show or movie.
s647,Movie,Title_647,Mike Flanagan,"Shah Rukh Khan, Leonardo DiCaprio, Song Kang",South Korea,PG-13,2019,"December 22, 2020",140 min,Action & Adventure,This is a placeholder description for the show or movie.
s648,TV Show,Title_648,David Fincher,Shah Rukh Khan,South Korea,TV-MA,2016,"July 18, 2017",4 Seasons,TV Dramas,This is a placeholder description for the show or movie.
s649,TV Show,Title_649,Martin Scorsese,"Leonardo DiCaprio, Song Kang",India,PG-13,2023,"December 26, 2023",2 Seasons,Crime TV Shows,This is a placeholder description for the show or movie.
s650,Movie,Title_650,David Fincher,Zendaya,United States,TV-MA,2013,"July 17, 2019",107 min,Thrillers,This is a placeholder description for the show or movie.
s651,Movie,Title_651,Bong Joon Ho,"Henry Cavill, Shah Rukh Khan, Millie Bobby Brown",India,TV-MA,2017,"July 18, 2019",126 min,Dramas,This is a placeholder description for the show or movie.
s652,Movie,Title_652,nan,"Henry Cavill, Millie Bobby Brown, Zendaya",India,TV-MA,2018,"January 23, 2022",94 min,Comedies,This is a placeholder description for the show or movie.
s653,Movie,Title_653,Bong Joon Ho,Shah Rukh Khan,United Kingdom,TV-MA,2014,"January 5, 2017",100 min,Dramas,This is a placeholder description for the show or movie.
s654,TV Show,Title_654,nan,Henry Cavill,United Kingdom,TV-14,2023,"January 18, 2023",3 Seasons,Docuseries,This is a placeholder description for the show or movie.
s655,Movie,Title_655,Greta Gerwig,Millie Bobby Brown,United States,R,2011,"December 2, 2018",96 min,Action & Adventure,This is a placeholder description for the show or movie.
s656,Movie,Title_656,Bong Joon Ho,"Leonardo DiCaprio, Millie Bobby Brown, Song Kang",United States,TV-MA,2016,"October 18, 2023",129 min,Documentaries,This is a placeholder description for the show or movie.
s657,Movie,Title_657,David Fincher,Shah Rukh Khan,United States,R,2022,"July 21, 2023",92 min,Dramas,This is a placeholder description for the show or movie.
s658,Movie,Title_658,nan,Song Kang,United Kingdom,TV-MA,2022,"October 16, 2022",90 min,Comedies,This is a placeholder description for the show or movie.
s659,Movie,Title_659,Bong Joon Ho,"Millie Bobby Brown, Song Kang",United Kingdom,R,2014,"December 14, 2019",85 min,Thrillers,This is a placeholder description for the show or movie.
s660,Movie,Title_660,Martin Scorsese,"Zendaya, Henry Cavill",United Kingdom,PG-13,2013,"January 11, 2019",125 min,Comedies,This is a placeholder description for the show or movie.
s661,Movie,Title_661,nan,Zendaya,United States,PG-13,2021,"December 15, 2021",138 min,Comedies,This is a placeholder description for the show or movie.
s662,TV Show,Title_662,nan,Shah Rukh Khan,United States,R,2023,"December 6, 2023",3 Seasons,International TV Shows,This is a placeholder description for the show or movie.
s663,Movie,Title_663,Bong Joon Ho,"Song Kang, Leonardo DiCaprio, Henry Cavill",South Korea,TV-MA,2020,"July 25, 2020",137 min,Comedies,This is a placeholder description for the show or movie.
s664,Movie,Title_664,Greta Gerwig,"Leonardo DiCaprio, Zendaya",South Korea,TV-14,2018,"July 8, 2022",126 min,Dramas,This is a placeholder description for the show or movie.
s665,Movie,Title_665,Bong Joon Ho,Millie Bobby Brown,India,R,2016,"July 21, 2021",85 min,Thrillers,This is a placeholder description for the show or movie.
s666,Movie,Title_666,David Fincher,"Zendaya, Millie Bobby Brown",United Kingdom,TV-PG,2013,"January 26, 2015",99 min,Comedies,This is a placeholder description for the show or movie.
s667,Movie,Title_667,David Fincher,Leonardo DiCaprio,United States,TV-14,2020,"July 28, 2023",124 min,Action & Adventure,This is a placeholder description for the show or movie.
s668,Movie,Title_668,nan,"Henry Cavill, Zendaya, Song Kang",Canada,TV-PG,2013,"July 27, 2023",96 min,Comedies,This is a placeholder description for the show or movie.
s669,Movie,Title_669,nan,"Millie Bobby Brown, Song Kang",South Korea,R,2018,"July 12, 2018",87 min,Comedies,This is a placeholder description for the show or movie.
s670,Movie,Title_670,Bong Joon Ho,Zendaya,United Kingdom,TV-MA,2012,"July 20, 2020",104 min,Comedies,This is a placeholder description for the show or movie.
s671,Movie,Title_671,David Fincher,"Henry Cavill, Millie Bobby Brown, Shah Rukh Khan",India,TV-PG,2015,"July 13, 2016",138 min,Comedies,This is a placeholder description for the show or movie.
s672,TV Show,Title_672,David Fincher,Zendaya,India,R,2009,"July 12, 2017",1 Seasons,Crime TV Shows,This is a placeholder description for the show or movie.
s673,Movie,Title_673,Greta Gerwig,"Leonardo DiCaprio, Shah Rukh Khan, Zendaya",United Kingdom,TV-14,2018,"October 3, 2019",110 min,Action & Adventure,This is a placeholder description for the show or movie.
s674,Movie,Title_674,Martin Scorsese,"Millie Bobby Brown, Song Kang, Leonardo DiCaprio",United Kingdom,TV-MA,2015,"January 23, 2020",136 min,Dramas,This is a placeholder description for the show or movie.
s675,Movie,Title_675,Greta Gerwig,Millie Bobby Brown,India,TV-PG,2023,"December 1, 2023",84 min,Documentaries,This is a placeholder description for the show or movie.
s676,TV Show,Title_676,Mike Flanagan,"Shah Rukh Khan, Leonardo DiCaprio, Henry Cavill",United Kingdom,R,2017,"January 5, 2022",4 Seasons,TV Comedies,This is a placeholder description for the show or movie.
s677,Movie,Title_677,Greta Gerwig,"Henry Cavill, Shah Rukh Khan, Leonardo DiCaprio",United States,TV-MA,2013,"January 7, 2019",107 min,Action & Adventure,This is a placeholder description for the show or movie.
s678,Movie,Title_678,Bong Joon Ho,Millie Bobby Brown,France,TV-MA,2016,"January 23, 2016",91 min,Thrillers,This is a placeholder description for the show or movie.
s679,TV Show,Title_679,Martin Scorsese,Leonardo DiCaprio,South Korea,PG-13,2015,"July 25, 2015",1 Seasons,International TV Shows,This is a placeholder description for the show or movie.
s680,TV Show,Title_680,Bong Joon Ho,"Shah Rukh Khan, Henry Cavill",United States,TV-MA,2023,"July 17, 2023",1 Seasons,TV Dramas,This is a placeholder description for the show or movie.
s681,TV Show,Title_681,Mike Flanagan,"Shah Rukh Khan, Leonardo DiCaprio",India,R,2023,"July 11, 2023",3 Seasons,TV Comedies,This is a placeholder description for the show or movie.
s682,Movie,Title_682,Martin Scorsese,Millie Bobby Brown,United States,TV-14,2020,"July 15, 2020",82 min,Action & Adventure,This is a placeholder description for the show or movie.
s683,Movie,Title_683,nan,"Millie Bobby Brown, Leonardo DiCaprio",United States,PG-13,2019,"October 12, 2021",130 min,Dramas,This is a placeholder description for the show or movie.
s684,TV Show,Title_684,David Fincher,"Song Kang, Shah Rukh Khan, Leonardo DiCaprio",United States,R,2021,"July 1, 2022",1 Seasons,TV Dramas,This is a placeholder description for the show or movie.
s685,TV Show,Title_685,Greta Gerwig,"Millie Bobby Brown, Shah Rukh Khan, Zendaya",United Kingdom,R,2016,"January 28, 2018",1 Seasons,International TV Shows,This is a placeholder description for the show or movie.
s686,Movie,Title_686,Bong Joon Ho,Millie Bobby Brown,Japan,R,2010,"October 24, 2021",90 min,Thrillers,This is a placeholder description for the show or movie.
s687,Movie,Title_687,Mike Flanagan,Henry Cavill,India,TV-PG,2023,"October 16, 2023",80 min,Comedies,This is a placeholder description for the show or movie.
s688,Movie,Title_688,David Fincher,Henry Cavill,India,TV-PG,2019,"October 18, 2019",126 min,Action & Adventure,This is a placeholder description for the show or movie.
s689,TV Show,Title_689,Greta Gerwig,"Shah Rukh Khan, Millie Bobby Brown",India,TV-14,2009,"January 16, 2023",1 Seasons,TV Dramas,This is a placeholder description for the show or movie.
s690,Movie,Title_690,David Fincher,Song Kang,United States,R,2009,"January 18, 2018",101 min,Action & Adventure,This is a placeholder description for the show or movie.
s691,Movie,Title_691,Greta Gerwig,"Leonardo DiCaprio, Song Kang, Millie Bobby Brown",United States,TV-PG,2016,"January 11, 2019",90 min,Comedies,This is a placeholder description for the show or movie.
s692,Movie,Title_692,nan,"Song Kang, Henry Cavill",South Korea,TV-PG,2018,"January 20, 2020",142 min,Comedies,This is a placeholder description for the show or movie.
s693,Movie,Title_693,Martin Scorsese,"Leonardo DiCaprio, Millie Bobby Brown, Zendaya",France,TV-PG,2005,"January 16, 2020",126 min,Documentaries,This is a placeholder description for the show or movie.
s694,Movie,Title_694,David Fincher,"Zendaya, Henry Cavill",India,TV-14,2006,"December 6, 2022",146 min,Comedies,This is a placeholder description for the show or movie.
s695,Movie,Title_695,David Fincher,"Song Kang, Leonardo DiCaprio",United Kingdom,TV-14,2015,"July 27, 2015",124 min,Thrillers,This is a placeholder description for the show or movie.
s696,Movie,Title_696,David Fincher,Leonardo DiCaprio,France,R,2013,"December 25, 2018",110 min,Comedies,This is a placeholder description for the show or movie.
s697,Movie,Title_697,Martin Scorsese,Zendaya,United States,PG-13,2023,"December 1, 2023",90 min,Thrillers,This is a placeholder description for the show or movie.
s698,Movie,Title_698,Mike Flanagan,"Song Kang, Millie Bobby Brown, Henry Cavill",South Korea,R,2019,"December 13, 2023",144 min,Documentaries,This is a placeholder description for the show or movie.
s699,Movie,Title_699,Greta Gerwig,Song Kang,United Kingdom,TV-PG,2017,"October 28, 2022",143 min,Documentaries,This is a placeholder description for the show or movie.
s700,Movie,Title_700,nan,Leonardo DiCaprio,India,TV-PG,2021,"December 13, 2021",107 min,Comedies,This is a placeholder description for the show or movie.
s701,Movie,Title_701,David Fincher,Henry Cavill,United States,TV-MA,2023,"December 26, 2023",120 min,Comedies,This is a placeholder description for the show or movie.
s702,Movie,Title_702,Martin Scorsese,"Millie Bobby Brown, Shah Rukh Khan",United Kingdom,R,2022,"December 9, 2022",106 min,Dramas,This is a placeholder description for the show or movie.
s703,Movie,Title_703,Mike Flanagan,"Song Kang, Henry Cavill",South Korea,TV-PG,2021,"October 3, 2023",100 min,Action & Adventure,This is a placeholder description for the show or movie.
s704,Movie,Title_704,Greta Gerwig,"Millie Bobby Brown, Song Kang, Leonardo DiCaprio",United States,TV-PG,2016,"December 20, 2019",87 min,Thrillers,This is a placeholder description for the show or movie.
s705,Movie,Title_705,Martin Scorsese,Song Kang,India,PG-13,2021,"July 20, 2021",92 min,Dramas,This is a placeholder description for the show or movie.
s706,TV Show,Title_706,nan,"Song Kang, Shah Rukh Khan, Millie Bobby Brown",United States,TV-MA,2023,"July 7, 2023",3 Seasons,International TV Shows,This is a placeholder description for the show or movie.
s707,Movie,Title_707,nan,"Zendaya, Millie Bobby Brown",Japan,R,2016,"December 26, 2018",85 min,Action & Adventure,This is a placeholder description for the show or movie.
s708,TV Show,Title_708,Greta Gerwig,"Zendaya, Leonardo DiCaprio, Song Kang",India,TV-14,2013,"January 2, 2018",3 Seasons,International TV Shows,This is a placeholder description for the show or movie.
s709,Movie,Title_709,David Fincher,"Zendaya, Henry Cavill",South Korea,R,2016,"January 17, 2018",90 min,Comedies,This is a placeholder description for the show or movie.
s710,TV Show,Title_710,nan,"Leonardo DiCaprio, Henry Cavill",United States,R,2014,"October 4, 2023",4 Seasons,Crime TV Shows,This is a placeholder description for the show or movie.
s711,TV Show,Title_711,Mike Flanagan,"Leonardo DiCaprio, Zendaya",United States,PG-13,2012,"July 8, 2020",3 Seasons,TV Dramas,This is a placeholder description for the show or movie.
s712,Movie,Title_712,Martin Scorsese,Song Kang,United States,R,2020,"July 15, 2021",136 min,Action & Adventure,This is a placeholder description for the show or movie.
s713,Movie,Title_713,Mike Flanagan,"Henry Cavill, Shah Rukh Khan",United States,PG-13,2017,"October 20, 2019",118 min,Action & Adventure,This is a placeholder description for the show or movie.
s714,Movie,Title_714,David Fincher,"Henry Cavill, Shah Rukh Khan",United States,PG-13,2020,"October 19, 2020",93 min,Dramas,This is a placeholder description for the show or movie.
s715,Movie,Title_715,Mike Flanagan,"Shah Rukh Khan, Zendaya, Millie Bobby Brown",India,TV-PG,2016,"December 19, 2016",118 min,Documentaries,This is a placeholder description for the show or movie.
s716,TV Show,Title_716,Mike Flanagan,"Millie Bobby Brown, Zendaya",United States,TV-14,2015,"December 24, 2016",4 Seasons,International TV Shows,This is a placeholder description for the show or movie.
s717,TV Show,Title_717,Bong Joon Ho,"Millie Bobby Brown, Henry Cavill",India,PG-13,2014,"January 1, 2020",2 Seasons,TV Dramas,This is a placeholder description for the show or movie.
s718,TV Show,Title_718,Mike Flanagan,"Leonardo DiCaprio, Shah Rukh Khan",United States,TV-MA,2019,"July 28, 2023",2 Seasons,TV Dramas,This is a placeholder description for the show or movie.
s719,Movie,Title_719,Greta Gerwig,"Leonardo DiCaprio, Henry Cavill",India,TV-MA,2015,"July 4, 2022",137 min,Dramas,This is a placeholder description for the show or movie.
s720,TV Show,Title_720,Martin Scorsese,"Leonardo DiCaprio, Shah Rukh Khan",Canada,TV-14,2019,"January 27, 2023",4 Seasons,Docuseries,This is a placeholder description for the show or movie.
s721,TV Show,Title_721,Bong Joon Ho,Henry Cavill,United Kingdom,PG-13,2020,"January 1, 2020",2 Seasons,Crime TV Shows,This is a placeholder description for the show or movie.
s722,Movie,Title_722,Martin Scorsese,Leonardo DiCaprio,France,TV-14,2009,"July 3, 2020",92 min,Action & Adventure,This is a placeholder description for the show or movie.
s723,Movie,Title_723,Martin Scorsese,"Millie Bobby Brown, Zendaya",United States,TV-PG,2015,"October 12, 2017",102 min,Comedies,This is a placeholder description for the show or movie.
s724,TV Show,Title_724,David Fincher,"Henry Cavill, Zendaya, Song Kang",India,TV-MA,2011,"October 20, 2020",5 Seasons,International TV Shows,This is a placeholder description for the show or movie.
s725,Movie,Title_725,David Fincher,"Leonardo DiCaprio, Song Kang",India,R,2023,"December 4, 2023",137 min,Comedies,This is a placeholder description for the show or movie.
s726,TV Show,Title_726,Bong Joon Ho,Song Kang,India,TV-MA,2020,"January 23, 2020",1 Seasons,Crime TV Shows,This is a placeholder description for the show or movie.
s727,Movie,Title_727,nan,Leonardo DiCaprio,United Kingdom,PG-13,2011,"January 20, 2022",122 min,Thrillers,This is a placeholder description for the show or movie.
s728,TV Show,Title_728,David Fincher,Song Kang,India,TV-14,2012,"January 17, 2020",5 Seasons,TV Comedies,This is a placeholder description for the show or movie.
s729,Movie,Title_729,David Fincher,"Song Kang, Henry Cavill, Zendaya",India,TV-MA,2016,"October 17, 2022",116 min,Dramas,This is a placeholder description for the show or movie.
s730,Movie,Title_730,David Fincher,"Leonardo DiCaprio, Song Kang, Shah Rukh Khan",India,R,2012,"October 6, 2021",143 min,Action & Adventure,This is a placeholder description for the show or movie.
s731,Movie,Title_731,Martin Scorsese,Shah Rukh Khan,France,R,2013,"July 19, 2018",131 min,Comedies,This is a placeholder description for the show or movie.
s732,TV Show,Title_732,Bong Joon Ho,"Millie Bobby Brown, Leonardo DiCaprio, Shah Rukh Khan",France,TV-14,1999,"December 20, 2023",2 Seasons,Docuseries,This is a placeholder description for the show or movie.
s733,TV Show,Title_733,Martin Scorsese,Shah Rukh Khan,United States,TV-14,2020,"July 19, 2020",3 Seasons,Crime TV Shows,This is a placeholder description for the show or movie.
s734,Movie,Title_734,Greta Gerwig,"Millie Bobby Brown, Song Kang",United States,TV-MA,2012,"January 11, 2018",84 min,Comedies,This is a placeholder description for the show or movie.
s735,Movie,Title_735,Martin Scorsese,"Leonardo DiCaprio, Henry Cavill",South Korea,PG-13,2021,"July 10, 2021",131 min,Documentaries,This is a placeholder description for the show or movie.
s736,TV Show,Title_736,Greta Gerwig,"Henry Cavill, Millie Bobby Brown, Zendaya",France,TV-PG,2017,"December 22, 2023",3 Seasons,TV Comedies,This is a placeholder description for the show or movie.
s737,Movie,Title_737,Mike Flanagan,Song Kang,United States,R,2012,"July 28, 2020",126 min,Comedies,This is a placeholder description for the show or movie.
s738,TV Show,Title_738,Mike Flanagan,Leonardo DiCaprio,United States,TV-14,2023,"December 5, 2023",3 Seasons,Docuseries,This is a placeholder description for the show or movie.
s739,Movie,Title_739,Greta Gerwig,"Zendaya, Song Kang",France,TV-PG,2018,"January 6, 2021",137 min,Action & Adventure,This is a placeholder description for the show or movie.
s740,Movie,Title_740,Greta Gerwig,Leonardo DiCaprio,Canada,TV-PG,2015,"July 3, 2023",135 min,Thrillers,This is a placeholder description for the show or movie.
s741,Movie,Title_741,Martin Scorsese,"Shah Rukh Khan, Leonardo DiCaprio",United States,TV-PG,2016,"October 13, 2016",102 min,Comedies,This is a placeholder description for the show or movie.
s742,Movie,Title_742,Greta Gerwig,"Henry Cavill, Millie Bobby Brown, Shah Rukh Khan",India,PG-13,2016,"January 19, 2017",148 min,Action & Adventure,This is a placeholder description for the show or movie.
s743,TV Show,Title_743,Bong Joon Ho,"Song Kang, Shah Rukh Khan",France,TV-14,2016,"July 18, 2019",2 Seasons,Docuseries,This is a placeholder description for the show or movie.
s744,Movie,Title_744,Mike Flanagan,"Shah Rukh Khan, Millie Bobby Brown, Song Kang",South Korea,R,2023,"January 18, 2023",83 min,Thrillers,This is a placeholder description for the show or movie.
s745,Movie,Title_745,Mike Flanagan,Henry Cavill,Canada,TV-14,2019,"January 12, 2019",108 min,Action & Adventure,This is a placeholder description for the show or movie.
s746,TV Show,Title_746,nan,Shah Rukh Khan,Canada,TV-MA,2012,"July 28, 2013",3 Seasons,Crime TV Shows,This is a placeholder description for the show or movie.
s747,Movie,Title_747,Greta Gerwig,"Henry Cavill, Shah Rukh Khan",United States,R,2018,"October 11, 2022",106 min,Action & Adventure,This is a placeholder description for the show or movie.
s748,Movie,Title_748,David Fincher,"Song Kang, Millie Bobby Brown, Zendaya",South Korea,TV-14,2017,"January 13, 2018",117 min,Action & Adventure,This is a placeholder description for the show or movie.
s749,TV Show,Title_749,David Fincher,"Zendaya, Millie Bobby Brown, Henry Cavill",United States,R,2020,"January 27, 2020",4 Seasons,International TV Shows,This is a placeholder description for the show or movie.
s750,Movie,Title_750,Greta Gerwig,"Song Kang, Henry Cavill, Leonardo DiCaprio",France,TV-MA,2023,"December 16, 2023",120 min,Dramas,This is a placeholder description for the show or movie.
s751,Movie,Title_751,Bong Joon Ho,"Zendaya, Millie Bobby Brown, Leonardo DiCaprio",United States,R,2022,"July 28, 2022",123 min,Documentaries,This is a placeholder description for the show or movie.
s752,TV Show,Title_752,David Fincher,"Shah Rukh Khan, Henry Cavill",Japan,TV-PG,2011,"July 18, 2021",3 Seasons,TV Dramas,This is a placeholder description for the show or movie.
s753,Movie,Title_753,nan,"Zendaya, Henry Cavill",United States,PG-13,2019,"December 22, 2021",118 min,Dramas,This is a placeholder description for the show or movie.
s754,Movie,Title_754,Greta Gerwig,Zendaya,India,TV-MA,2020,"December 15, 2021",101 min,Comedies,This is a placeholder description for the show or movie.
s755,Movie,Title_755,Bong Joon Ho,"Henry Cavill, Leonardo DiCaprio",United States,R,2023,"October 4, 2023",137 min,Comedies,This is a placeholder description for the show or movie.
s756,TV Show,Title_756,Bong Joon Ho,"Song Kang, Millie Bobby Brown, Leonardo DiCaprio",United Kingdom,TV-MA,2022,"December 11, 2022",2 Seasons,Crime TV Shows,This is a placeholder description for the show or movie.
s757,Movie,Title_757,Martin Scorsese,"Millie Bobby Brown, Zendaya",South Korea,TV-PG,2021,"October 2, 2022",107 min,Comedies,This is a placeholder description for the show or movie.
s758,Movie,Title_758,Bong Joon Ho,Millie Bobby Brown,Canada,PG-13,2019,"July 20, 2023",143 min,Thrillers,This is a placeholder description for the show or movie.
s759,TV Show,Title_759,David Fincher,"Shah Rukh Khan, Millie Bobby Brown",India,TV-MA,2013,"January 12, 2018",1 Seasons,International TV Shows,This is a placeholder description for the show or movie.
s760,TV Show,Title_760,David Fincher,"Song Kang, Henry Cavill, Leonardo DiCaprio",United States,TV-PG,2019,"January 13, 2022",4 Seasons,Docuseries,This is a placeholder description for the show or movie.
s761,Movie,Title_761,Greta Gerwig,"Zendaya, Shah Rukh Khan",France,TV-PG,2018,"January 23, 2023",125 min,Action & Adventure,This is a placeholder description for the show or movie.
s762,Movie,Title_762,Greta Gerwig,"Shah Rukh Khan, Millie Bobby Brown, Zendaya",Canada,TV-PG,2014,"December 8, 2016",112 min,Thrillers,This is a placeholder description for the show or movie.
s763,Movie,Title_763,Bong Joon Ho,"Millie Bobby Brown, Leonardo DiCaprio",Canada,R,2019,"December 27, 2019",81 min,Documentaries,This is a placeholder description for the show or movie.
s764,TV Show,Title_764,nan,"Henry Cavill, Song Kang, Millie Bobby Brown",South Korea,TV-14,2020,"January 9, 2020",3 Seasons,TV Dramas,This is a placeholder description for the show or movie.
s765,Movie,Title_765,Mike Flanagan,"Zendaya, Shah Rukh Khan, Leonardo DiCaprio",Canada,TV-MA,2016,"December 13, 2019",98 min,Thrillers,This is a placeholder description for the show or movie.
s766,Movie,Title_766,Martin Scorsese,Millie Bobby Brown,India,TV-14,2018,"January 12, 2019",150 min,Thrillers,This is a placeholder description for the show or movie.
s767,TV Show,Title_767,Mike Flanagan,"Song Kang, Leonardo DiCaprio, Henry Cavill",Canada,TV-PG,2016,"December 20, 2018",1 Seasons,Crime TV Shows,This is a placeholder description for the show or movie.
s768,TV Show,Title_768,Bong Joon Ho,"Millie Bobby Brown, Shah Rukh Khan, Zendaya",United Kingdom,TV-14,2022,"October 1, 2022",4 Seasons,Crime TV Shows,This is a placeholder description for the show or movie.
s769,Movie,Title_769,Bong Joon Ho,"Shah Rukh Khan, Leonardo DiCaprio",Japan,TV-PG,2023,"January 2, 2023",90 min,Thrillers,This is a placeholder description for the show or movie.
s770,TV Show,Title_770,Mike Flanagan,"Henry Cavill, Song Kang, Millie Bobby Brown",South Korea,TV-PG,2015,"July 25, 2023",3 Seasons,TV Dramas,This is a placeholder description for the show or movie.
s771,Movie,Title_771,Martin Scorsese,Shah Rukh Khan,United States,PG-13,2020,"January 18, 2022",138 min,Dramas,This is a placeholder description for the show or movie.
s772,TV Show,Title_772,Mike Flanagan,"Millie Bobby Brown, Henry Cavill, Zendaya",United States,PG-13,2020,"January 27, 2021",1 Seasons,Crime TV Shows,This is a placeholder description for the show or movie.
s773,Movie,Title_773,Greta Gerwig,"Song Kang, Leonardo DiCaprio",United States,TV-14,2020,"December 25, 2020",119 min,Comedies,This is a placeholder description for the show or movie.
s774,Movie,Title_774,David Fincher,"Shah Rukh Khan, Henry Cavill",United States,TV-MA,2019,"January 20, 2019",98 min,Thrillers,This is a placeholder description for the show or movie.
s775,TV Show,Title_775,nan,Song Kang,United Kingdom,TV-14,2017,"October 28, 2017",2 Seasons,Crime TV Shows,This is a placeholder description for the show or movie.
s776,Movie,Title_776,Greta Gerwig,"Millie Bobby Brown, Song Kang",Japan,TV-MA,2019,"October 11, 2021",123 min,Documentaries,This is a placeholder description for the show or movie.
s777,Movie,Title_777,David Fincher,"Song Kang, Millie Bobby Brown, Zendaya",United States,TV-14,2020,"July 23, 2020",143 min,Comedies,This is a placeholder description for the show or movie.
s778,TV Show,Title_778,nan,Henry Cavill,India,R,2014,"December 18, 2019",2 Seasons,TV Comedies,This is a placeholder description for the show or movie.
s779,TV Show,Title_779,nan,"Henry Cavill, Leonardo DiCaprio",France,R,2022,"December 9, 2023",5 Seasons,Crime TV Shows,This is a placeholder description for the show or movie.
s780,Movie,Title_780,nan,"Zendaya, Millie Bobby Brown, Leonardo DiCaprio",South Korea,TV-MA,2012,"January 19, 2015",110 min,Thrillers,This is a placeholder description for the show or movie.
s781,TV Show,Title_781,Bong Joon Ho,"Shah Rukh Khan, Leonardo DiCaprio, Song Kang",India,PG-13,2014,"January 7, 2023",4 Seasons,TV Comedies,This is a placeholder description for the show or movie.
s782,Movie,Title_782,nan,"Leonardo DiCaprio, Zendaya, Henry Cavill",South Korea,TV-MA,2023,"July 24, 2023",139 min,Documentaries,This is a placeholder description for the show or movie.
s783,Movie,Title_783,Martin Scorsese,"Millie Bobby Brown, Zendaya",India,TV-14,2019,"October 14, 2023",119 min,Dramas,This is a placeholder description for the show or movie.
s784,Movie,Title_784,Mike Flanagan,Shah Rukh Khan,United States,TV-PG,2020,"January 2, 2023",124 min,Dramas,This is a placeholder description for the show or movie.
s785,Movie,Title_785,Martin Scorsese,Zendaya,United States,R,2022,"October 13, 2022",116 min,Action & Adventure,This is a placeholder description for the show or movie.
s786,TV Show,Title_786,Mike Flanagan,"Leonardo DiCaprio, Zendaya, Millie Bobby Brown",United States,TV-PG,2017,"December 22, 2020",5 Seasons,TV Dramas,This is a placeholder description for the show or movie.
s787,Movie,Title_787,Greta Gerwig,"Song Kang, Henry Cavill",United States,R,2018,"December 10, 2022",129 min,Dramas,This is a placeholder description for the show or movie.
s788,Movie,Title_788,Greta Gerwig,Song Kang,France,TV-14,2020,"December 12, 2020",99 min,Thrillers,This is a placeholder description for the show or movie.
s789,Movie,Title_789,Mike Flanagan,"Leonardo DiCaprio, Millie Bobby Brown, Song Kang",South Korea,R,2011,"December 24, 2013",132 min,Thrillers,This is a placeholder description for the show or movie.
s790,TV Show,Title_790,Martin Scorsese,"Shah Rukh Khan, Leonardo DiCaprio, Song Kang",India,TV-MA,2018,"December 13, 2020",2 Seasons,Crime TV Shows,This is a placeholder description for the show or movie.
s791,Movie,Title_791,Mike Flanagan,"Millie Bobby Brown, Zendaya, Song Kang",India,TV-PG,2019,"January 28, 2019",116 min,Dramas,This is a placeholder description for the show or movie.
s792,Movie,Title_792,nan,"Song Kang, Zendaya, Henry Cavill",United States,TV-PG,2021,"July 6, 2022",130 min,Thrillers,This is a placeholder description for the show or movie.
s793,Movie,Title_793,Bong Joon Ho,"Millie Bobby Brown, Song Kang",Canada,TV-14,2011,"July 28, 2015",145 min,Thrillers,This is a placeholder description for the show or movie.
s794,Movie,Title_794,Greta Gerwig,"Shah Rukh Khan, Leonardo DiCaprio",South Korea,TV-PG,2017,"January 21, 2023",104 min,Documentaries,This is a placeholder description for the show or movie.
s795,Movie,Title_795,Bong Joon Ho,"Millie Bobby Brown, Zendaya, Song Kang",United States,TV-14,2023,"December 14, 2023",97 min,Dramas,This is a placeholder description for the show or movie.
s796,TV Show,Title_796,nan,"Shah Rukh Khan, Song Kang, Henry Cavill",United States,PG-13,2014,"July 17, 2022",5 Seasons,TV Comedies,This is a placeholder description for the show or movie.
s797,TV Show,Title_797,nan,Henry Cavill,United Kingdom,TV-MA,2015,"January 18, 2017",4 Seasons,TV Comedies,This is a placeholder description for the show or movie.
s798,Movie,Title_798,Greta Gerwig,"Millie Bobby Brown, Zendaya",India,R,2007,"October 25, 2020",118 min,Dramas,This is a placeholder description for the show or movie.
s799,TV Show,Title_799,Greta Gerwig,Song Kang,India,R,2014,"December 3, 2020",3 Seasons,TV Dramas,This is a placeholder description for the show or movie.
s800,TV Show,Title_800,nan,"Shah Rukh Khan, Song Kang, Zendaya",United Kingdom,R,2006,"October 8, 2020",2 Seasons,Crime TV Shows,This is a placeholder description for the show or movie.
s801,TV Show,Title_801,David Fincher,"Song Kang, Millie Bobby Brown",India,PG-13,2005,"October 4, 2023",5 Seasons,Crime TV Shows,This is a placeholder description for the show or movie.
s802,Movie,Title_802,Bong Joon Ho,"Henry Cavill, Shah Rukh Khan",United States,TV-MA,2020,"January 5, 2020",129 min,Thrillers,This is a placeholder description for the show or movie.
s803,Movie,Title_803,Bong Joon Ho,Shah Rukh Khan,United States,TV-PG,2020,"October 21, 2020",85 min,Dramas,This is a placeholder description for the show or movie.
s804,Movie,Title_804,David Fincher,"Song Kang, Henry Cavill, Millie Bobby Brown",India,TV-PG,2018,"January 7, 2022",130 min,Documentaries,This is a placeholder description for the show or movie.
s805,Movie,Title_805,Martin Scorsese,"Song Kang, Leonardo DiCaprio, Henry Cavill",Japan,TV-MA,2002,"July 11, 2018",144 min,Documentaries,This is a placeholder description for the show or movie.
s806,TV Show,Title_806,Bong Joon Ho,"Shah Rukh Khan, Song Kang, Leonardo DiCaprio",France,TV-MA,2017,"July 12, 2019",4 Seasons,TV Dramas,This is a placeholder description for the show or movie.
s807,TV Show,Title_807,Mike Flanagan,"Zendaya, Leonardo DiCaprio, Millie Bobby Brown",Japan,R,2023,"July 19, 2023",4 Seasons,Crime TV Shows,This is a placeholder description for the show or movie.
s808,TV Show,Title_808,nan,Henry Cavill,Canada,TV-PG,2014,"January 7, 2014",4 Seasons,Docuseries,This is a placeholder description for the show or movie.
s809,Movie,Title_809,nan,"Millie Bobby Brown, Shah Rukh Khan",India,TV-MA,2023,"December 2, 2023",127 min,Comedies,This is a placeholder description for the show or movie.
s810,Movie,Title_810,David Fincher,Millie Bobby Brown,United Kingdom,TV-PG,2015,"July 9, 2019",90 min,Comedies,This is a placeholder description for the show or movie.
s811,TV Show,Title_811,Bong Joon Ho,"Leonardo DiCaprio, Song Kang, Shah Rukh Khan",France,TV-MA,2021,"October 18, 2021",2 Seasons,TV Dramas,This is a placeholder description for the show or movie.
s812,TV Show,Title_812,Martin Scorsese,"Millie Bobby Brown, Leonardo DiCaprio",United States,TV-14,2023,"January 13, 2023",2 Seasons,TV Dramas,This is a placeholder description for the show or movie.
s813,Movie,Title_813,Bong Joon Ho,"Song Kang, Millie Bobby Brown",India,R,2015,"December 11, 2018",113 min,Documentaries,This is a placeholder description for the show or movie.
s814,TV Show,Title_814,nan,"Millie Bobby Brown, Song Kang, Henry Cavill",United Kingdom,TV-MA,2016,"July 4, 2016",5 Seasons,Crime TV Shows,This is a placeholder description for the show or movie.
s815,TV Show,Title_815,Greta Gerwig,"Shah Rukh Khan, Zendaya",United Kingdom,PG-13,2018,"July 15, 2022",1 Seasons,TV Dramas,This is a placeholder description for the show or movie.
s816,Movie,Title_816,Mike Flanagan,"Millie Bobby Brown, Shah Rukh Khan, Song Kang",United States,TV-MA,2014,"July 13, 2017",130 min,Thrillers,This is a placeholder description for the show or movie.
s817,Movie,Title_817,David Fincher,Henry Cavill,India,TV-14,2023,"October 16, 2023",93 min,Documentaries,This is a placeholder description for the show or movie.
s818,Movie,Title_818,Greta Gerwig,"Zendaya, Shah Rukh Khan, Henry Cavill",South Korea,PG-13,2007,"October 4, 2016",123 min,Thrillers,This is a placeholder description for the show or movie.
s819,Movie,Title_819,Martin Scorsese,Leonardo DiCaprio,India,PG-13,2010,"January 25, 2021",143 min,Action & Adventure,This is a placeholder description for the show or movie.
s820,Movie,Title_820,Greta Gerwig,"Millie Bobby Brown, Zendaya",South Korea,TV-MA,2016,"December 7, 2019",148 min,Dramas,This is a placeholder description for the show or movie.
s821,TV Show,Title_821,Greta Gerwig,"Millie Bobby Brown, Henry Cavill, Shah Rukh Khan",United States,TV-14,2023,"July 28, 2023",4 Seasons,TV Dramas,This is a placeholder description for the show or movie.
s822,Movie,Title_822,Martin Scorsese,"Leonardo DiCaprio, Song Kang, Henry Cavill",France,PG-13,2021,"July 18, 2023",131 min,Dramas,This is a placeholder description for the show or movie.
s823,Movie,Title_823,Greta Gerwig,"Leonardo DiCaprio, Henry Cavill, Zendaya",India,R,2015,"October 1, 2022",124 min,Documentaries,This is a placeholder description for the show or movie.
s824,Movie,Title_824,David Fincher,"Song Kang, Henry Cavill, Shah Rukh Khan",India,R,2016,"July 18, 2022",127 min,Thrillers,This is a placeholder description for the show or movie.
s825,Movie,Title_825,nan,"Leonardo DiCaprio, Song Kang, Shah Rukh Khan",United States,TV-PG,2010,"January 20, 2015",143 min,Thrillers,This is a placeholder description for the show or movie.
s826,TV Show,Title_826,Bong Joon Ho,Henry Cavill,United States,TV-PG,2016,"December 6, 2017",4 Seasons,Docuseries,This is a placeholder description for the show or movie.
s827,Movie,Title_827,Greta Gerwig,Leonardo DiCaprio,United Kingdom,TV-14,2015,"October 26, 2019",82 min,Comedies,This is a placeholder description for the show or movie.
s828,Movie,Title_828,David Fincher,"Henry Cavill, Song Kang",India,PG-13,2021,"July 16, 2021",144 min,Dramas,This is a placeholder description for the show or movie.
s829,TV Show,Title_829,Bong Joon Ho,"Henry Cavill, Zendaya",India,R,2013,"January 6, 2018",2 Seasons,International TV Shows,This is a placeholder description for the show or movie.
s830,Movie,Title_830,Bong Joon Ho,"Leonardo DiCaprio, Millie Bobby Brown",United States,R,2014,"January 20, 2017",82 min,Dramas,This is a placeholder description for the show or movie.
s831,Movie,Title_831,Greta Gerwig,Leonardo DiCaprio,South Korea,TV-14,2009,"October 7, 2020",89 min,Comedies,This is a placeholder description for the show or movie.
s832,Movie,Title_832,David Fincher,"Zendaya, Song Kang, Henry Cavill",South Korea,PG-13,2015,"January 13, 2022",115 min,Documentaries,This is a placeholder description for the show or movie.
s833,Movie,Title_833,nan,"Henry Cavill, Shah Rukh Khan",United States,TV-14,2010,"December 12, 2018",127 min,Dramas,This is a placeholder description for the show or movie.
s834,Movie,Title_834,Greta Gerwig,Shah Rukh Khan,United Kingdom,TV-MA,2023,"December 12, 2023",90 min,Dramas,This is a placeholder description for the show or movie.
s835,Movie,Title_835,Martin Scorsese,Leonardo DiCaprio,South Korea,R,2016,"January 1, 2016",101 min,Documentaries,This is a placeholder description for the show or movie.
s836,Movie,Title_836,Bong Joon Ho,"Shah Rukh Khan, Song Kang, Henry Cavill",United Kingdom,TV-14,2011,"December 21, 2023",128 min,Thrillers,This is a placeholder description for the show or movie.
s837,TV Show,Title_837,Greta Gerwig,Leonardo DiCaprio,United States,TV-14,2018,"December 10, 2020",1 Seasons,TV Dramas,This is a placeholder description for the show or movie.
s838,Movie,Title_838,Bong Joon Ho,"Millie Bobby Brown, Zendaya",United Kingdom,TV-MA,2009,"July 13, 2021",107 min,Thrillers,This is a placeholder description for the show or movie.
s839,Movie,Title_839,David Fincher,Shah Rukh Khan,United States,TV-PG,2023,"October 4, 2023",133 min,Dramas,This is a placeholder description for the show or movie.
s840,Movie,Title_840,Mike Flanagan,"Henry Cavill, Shah Rukh Khan",United States,R,2021,"December 6, 2021",145 min,Comedies,This is a placeholder description for the show or movie.
s841,Movie,Title_841,Greta Gerwig,"Henry Cavill, Song Kang, Shah Rukh Khan",United States,TV-14,2019,"December 6, 2022",142 min,Dramas,This is a placeholder description for the show or movie.
s842,TV Show,Title_842,nan,"Shah Rukh Khan, Leonardo DiCaprio",India,R,2009,"January 13, 2016",2 Seasons,International TV Shows,This is a placeholder description for the show or movie.
s843,Movie,Title_843,Greta Gerwig,"Song Kang, Leonardo DiCaprio",United States,TV-PG,2022,"October 11, 2022",122 min,Thrillers,This is a placeholder description for the show or movie.
s844,TV Show,Title_844,Bong Joon Ho,Leonardo DiCaprio,France,TV-14,2010,"January 24, 2022",2 Seasons,Crime TV Shows,This is a placeholder description for the show or movie.
s845,Movie,Title_845,David Fincher,"Zendaya, Leonardo DiCaprio, Millie Bobby Brown",United States,TV-MA,2018,"July 19, 2022",95 min,Documentaries,This is a placeholder description for the show or movie.
s846,Movie,Title_846,Martin Scorsese,"Zendaya, Millie Bobby Brown",United States,R,2014,"December 8, 2021",96 min,Thrillers,This is a placeholder description for the show or movie.
s847,Movie,Title_847,nan,"Shah Rukh Khan, Zendaya",India,TV-MA,2022,"July 11, 2022",105 min,Thrillers,This is a placeholder description for the show or movie.
s848,TV Show,Title_848,David Fincher,Zendaya,United States,TV-PG,2018,"January 4, 2018",1 Seasons,Crime TV Shows,This is a placeholder description for the show or movie.
s849,Movie,Title_849,Greta Gerwig,Henry Cavill,India,TV-PG,2023,"October 21, 2023",85 min,Action & Adventure,This is a placeholder description for the show or movie.
s850,Movie,Title_850,Martin Scorsese,Millie Bobby Brown,United States,R,2013,"January 12, 2017",106 min,Action & Adventure,This is a placeholder description for the show or movie.
s851,Movie,Title_851,David Fincher,Song Kang,United States,TV-PG,2018,"October 26, 2022",131 min,Comedies,This is a placeholder description for the show or movie.
s852,TV Show,Title_852,Mike Flanagan,"Millie Bobby Brown, Song Kang, Henry Cavill",United States,PG-13,2011,"October 3, 2023",5 Seasons,TV Dramas,This is a placeholder description for the show or movie.
s853,Movie,Title_853,nan,"Leonardo DiCaprio, Zendaya",India,R,2019,"October 11, 2021",121 min,Thrillers,This is a placeholder description for the show or movie.
s854,TV Show,Title_854,Bong Joon Ho,Song Kang,United States,PG-13,2017,"July 8, 2020",4 Seasons,International TV Shows,This is a placeholder description for the show or movie.
s855,Movie,Title_855,David Fincher,"Shah Rukh Khan, Millie Bobby Brown, Henry Cavill",South Korea,TV-PG,2017,"October 19, 2023",97 min,Thrillers,This is a placeholder description for the show or movie.
s856,Movie,Title_856,David Fincher,"Song Kang, Shah Rukh Khan",United Kingdom,R,2017,"January 6, 2022",133 min,Thrillers,This is a placeholder description for the show or movie.
s857,Movie,Title_857,Mike Flanagan,Shah Rukh Khan,United Kingdom,PG-13,2015,"January 28, 2020",118 min,Documentaries,This is a placeholder description for the show or movie.
s858,Movie,Title_858,Greta Gerwig,Millie Bobby Brown,India,TV-PG,2013,"July 6, 2023",91 min,Dramas,This is a placeholder description for the show or movie.
s859,Movie,Title_859,nan,Zendaya,India,TV-14,2013,"January 15, 2019",103 min,Dramas,This is a placeholder description for the show or movie.
s860,Movie,Title_860,nan,Shah Rukh Khan,France,TV-14,2016,"January 23, 2018",138 min,Action & Adventure,This is a placeholder description for the show or movie.
s861,TV Show,Title_861,Bong Joon Ho,"Henry Cavill, Leonardo DiCaprio",United States,TV-MA,2021,"December 2, 2021",2 Seasons,International TV Shows,This is a placeholder description for the show or movie.
s862,Movie,Title_862,David Fincher,Millie Bobby Brown,United States,TV-14,2023,"July 10, 2023",99 min,Action & Adventure,This is a placeholder description for the show or movie.
s863,Movie,Title_863,Martin Scorsese,Henry Cavill,United States,PG-13,2018,"July 2, 2018",110 min,Action & Adventure,This is a placeholder description for the show or movie.
s864,Movie,Title_864,David Fincher,"Song Kang, Millie Bobby Brown",United States,TV-14,2020,"December 28, 2020",139 min,Dramas,This is a placeholder description for the show or movie.
s865,Movie,Title_865,Bong Joon Ho,"Leonardo DiCaprio, Millie Bobby Brown, Henry Cavill",United States,R,2017,"December 6, 2023",138 min,Dramas,This is a placeholder description for the show or movie.
s866,Movie,Title_866,David Fincher,"Shah Rukh Khan, Zendaya",United Kingdom,R,2014,"December 25, 2021",105 min,Comedies,This is a placeholder description for the show or movie.
s867,Movie,Title_867,Mike Flanagan,"Millie Bobby Brown, Song Kang",India,R,2014,"January 5, 2020",112 min,Dramas,This is a placeholder description for the show or movie.
s868,Movie,Title_868,David Fincher,"Shah Rukh Khan, Henry Cavill, Song Kang",France,TV-14,2012,"July 5, 2018",116 min,Documentaries,This is a placeholder description for the show or movie.
s869,TV Show,Title_869,David Fincher,"Song Kang, Leonardo DiCaprio",United States,TV-14,2017,"October 18, 2023",1 Seasons,TV Dramas,This is a placeholder description for the show or movie.
s870,TV Show,Title_870,Martin Scorsese,"Henry Cavill, Millie Bobby Brown, Zendaya",United States,TV-MA,2018,"July 10, 2023",3 Seasons,TV Dramas,This is a placeholder description for the show or movie.
s871,Movie,Title_871,Mike Flanagan,Leonardo DiCaprio,France,TV-PG,2019,"July 28, 2019",129 min,Documentaries,This is a placeholder description for the show or movie.
s872,Movie,Title_872,Mike Flanagan,Leonardo DiCaprio,South Korea,TV-MA,2023,"January 26, 2023",103 min,Documentaries,This is a placeholder description for the show or movie.
s873,Movie,Title_873,David Fincher,Leonardo DiCaprio,India,PG-13,2014,"December 27, 2021",123 min,Comedies,This is a placeholder description for the show or movie.
s874,Movie,Title_874,nan,"Shah Rukh Khan, Henry Cavill",India,R,2016,"January 15, 2016",146 min,Thrillers,This is a placeholder description for the show or movie.
s875,Movie,Title_875,Martin Scorsese,Millie Bobby Brown,South Korea,TV-14,2022,"January 23, 2023",112 min,Dramas,This is a placeholder description for the show or movie.
s876,Movie,Title_876,David Fincher,Millie Bobby Brown,India,TV-PG,2023,"December 25, 2023",124 min,Documentaries,This is a placeholder description for the show or movie.
s877,TV Show,Title_877,David Fincher,Leonardo DiCaprio,United States,TV-PG,2016,"December 14, 2022",5 Seasons,TV Comedies,This is a placeholder description for the show or movie.
s878,TV Show,Title_878,Bong Joon Ho,Leonardo DiCaprio,South Korea,TV-14,2022,"January 28, 2023",5 Seasons,Crime TV Shows,This is a placeholder description for the show or movie.
s879,Movie,Title_879,Bong Joon Ho,"Song Kang, Henry Cavill, Shah Rukh Khan",India,TV-MA,2017,"January 23, 2019",84 min,Comedies,This is a placeholder description for the show or movie.
s880,Movie,Title_880,nan,Henry Cavill,United States,TV-PG,2014,"July 27, 2021",139 min,Documentaries,This is a placeholder description for the show or movie.
s881,Movie,Title_881,Martin Scorsese,Henry Cavill,India,TV-MA,2010,"December 9, 2022",96 min,Thrillers,This is a placeholder description for the show or movie.
s882,TV Show,Title_882,Greta Gerwig,"Zendaya, Henry Cavill",India,TV-14,2020,"October 9, 2021",1 Seasons,Docuseries,This is a placeholder description for the show or movie.
s883,Movie,Title_883,Bong Joon Ho,"Song Kang, Henry Cavill",Japan,TV-MA,2018,"July 10, 2023",137 min,Comedies,This is a placeholder description for the show or movie.
s884,Movie,Title_884,Greta Gerwig,"Song Kang, Zendaya",United States,R,2022,"January 18, 2022",116 min,Thrillers,This is a placeholder description for the show or movie.
s885,TV Show,Title_885,Mike Flanagan,"Leonardo DiCaprio, Song Kang",Japan,TV-14,2015,"January 14, 2017",3 Seasons,TV Comedies,This is a placeholder description for the show or movie.
s886,Movie,Title_886,Bong Joon Ho,"Millie Bobby Brown, Henry Cavill",India,TV-14,2020,"December 13, 2020",143 min,Thrillers,This is a placeholder description for the show or movie.
s887,TV Show,Title_887,Bong Joon Ho,"Zendaya, Shah Rukh Khan, Henry Cavill",India,TV-PG,2023,"October 15, 2023",4 Seasons,International TV Shows,This is a placeholder description for the show or movie.
s888,Movie,Title_888,Martin Scorsese,"Henry Cavill, Song Kang, Millie Bobby Brown",United States,TV-PG,2013,"December 1, 2019",91 min,Action & Adventure,This is a placeholder description for the show or movie.
s889,Movie,Title_889,nan,Millie Bobby Brown,Canada,TV-PG,2018,"October 12, 2022",111 min,Comedies,This is a placeholder description for the show or movie.
s890,Movie,Title_890,Greta Gerwig,"Millie Bobby Brown, Shah Rukh Khan, Leonardo DiCaprio",France,R,2023,"July 22, 2023",83 min,Documentaries,This is a placeholder description for the show or movie.
s891,TV Show,Title_891,Bong Joon Ho,"Zendaya, Leonardo DiCaprio, Millie Bobby Brown",United States,R,2016,"December 5, 2019",3 Seasons,TV Comedies,This is a placeholder description for the show or movie.
s892,TV Show,Title_892,Bong Joon Ho,"Henry Cavill, Zendaya",United States,PG-13,2010,"October 28, 2018",5 Seasons,TV Comedies,This is a placeholder description for the show or movie.
s893,TV Show,Title_893,Martin Scorsese,"Henry Cavill, Millie Bobby Brown, Zendaya",India,TV-14,2020,"January 8, 2020",2 Seasons,TV Comedies,This is a placeholder description for the show or movie.
s894,Movie,Title_894,Martin Scorsese,Millie Bobby Brown,South Korea,TV-PG,2010,"January 6, 2023",86 min,Action & Adventure,This is a placeholder description for the show or movie.
s895,TV Show,Title_895,nan,"Millie Bobby Brown, Leonardo DiCaprio",United States,TV-14,2019,"October 9, 2020",1 Seasons,TV Comedies,This is a placeholder description for the show or movie.
s896,Movie,Title_896,Greta Gerwig,"Song Kang, Shah Rukh Khan",United Kingdom,TV-MA,2012,"July 12, 2020",83 min,Documentaries,This is a placeholder description for the show or movie.
s897,Movie,Title_897,Mike Flanagan,Zendaya,India,R,2017,"January 25, 2017",118 min,Documentaries,This is a placeholder description for the show or movie.
s898,TV Show,Title_898,nan,Millie Bobby Brown,United States,PG-13,2012,"July 4, 2022",5 Seasons,TV Comedies,This is a placeholder description for the show or movie.
s899,Movie,Title_899,Mike Flanagan,Leonardo DiCaprio,India,TV-MA,2023,"December 18, 2023",147 min,Dramas,This is a placeholder description for the show or movie.
s900,Movie,Title_900,David Fincher,"Henry Cavill, Millie Bobby Brown, Zendaya",United States,TV-14,2023,"July 14, 2023",107 min,Action & Adventure,This is a placeholder description for the show or movie.
s901,Movie,Title_901,Bong Joon Ho,Shah Rukh Khan,South Korea,R,2017,"July 9, 2023",121 min,Thrillers,This is a placeholder description for the show or movie.
s902,Movie,Title_902,Greta Gerwig,"Henry Cavill, Millie Bobby Brown",United Kingdom,TV-PG,2023,"December 27, 2023",136 min,Action & Adventure,This is a placeholder description for the show or movie.
s903,Movie,Title_903,nan,Leonardo DiCaprio,India,TV-MA,2012,"December 24, 2019",94 min,Comedies,This is a placeholder description for the show or movie.
s904,Movie,Title_904,Bong Joon Ho,"Leonardo DiCaprio, Song Kang",United States,R,2019,"October 5, 2019",117 min,Dramas,This is a placeholder description for the show or movie.
s905,Movie,Title_905,Greta Gerwig,"Leonardo DiCaprio, Zendaya, Shah Rukh Khan",United States,TV-14,2019,"January 25, 2022",127 min,Comedies,This is a placeholder description for the show or movie.
s906,TV Show,Title_906,Greta Gerwig,"Shah Rukh Khan, Henry Cavill, Millie Bobby Brown",South Korea,TV-14,2023,"July 23, 2023",5 Seasons,Docuseries,This is a placeholder description for the show or movie.
s907,TV Show,Title_907,Greta Gerwig,"Song Kang, Henry Cavill",India,TV-MA,2016,"October 4, 2016",2 Seasons,TV Dramas,This is a placeholder description for the show or movie.
s908,Movie,Title_908,Bong Joon Ho,Zendaya,India,TV-MA,2019,"January 13, 2023",135 min,Action & Adventure,This is a placeholder description for the show or movie.
s909,Movie,Title_909,nan,"Shah Rukh Khan, Henry Cavill",India,TV-MA,2015,"October 23, 2022",130 min,Action & Adventure,This is a placeholder description for the show or movie.
s910,Movie,Title_910,Martin Scorsese,Leonardo DiCaprio,India,PG-13,2021,"October 23, 2021",149 min,Dramas,This is a placeholder description for the show or movie.
s911,Movie,Title_911,Bong Joon Ho,"Leonardo DiCaprio, Henry Cavill, Song Kang",United States,TV-PG,2018,"December 25, 2018",99 min,Dramas,This is a placeholder description for the show or movie.
s912,Movie,Title_912,Greta Gerwig,Millie Bobby Brown,United States,R,2006,"January 21, 2016",104 min,Action & Adventure,This is a placeholder description for the show or movie.
s913,Movie,Title_913,nan,"Millie Bobby Brown, Song Kang, Leonardo DiCaprio",United States,TV-14,2016,"July 12, 2023",127 min,Comedies,This is a placeholder description for the show or movie.
s914,Movie,Title_914,David Fincher,Leonardo DiCaprio,South Korea,TV-14,2017,"July 3, 2018",105 min,Documentaries,This is a placeholder description for the show or movie.
s915,Movie,Title_915,Mike Flanagan,"Song Kang, Henry Cavill, Millie Bobby Brown",United States,TV-PG,2013,"October 10, 2021",143 min,Comedies,This is a placeholder description for the show or movie.
s916,Movie,Title_916,Greta Gerwig,"Zendaya, Song Kang, Henry Cavill",United States,TV-MA,2023,"January 18, 2023",88 min,Dramas,This is a placeholder description for the show or movie.
s917,Movie,Title_917,David Fincher,Song Kang,South Korea,TV-MA,2021,"January 26, 2021",111 min,Dramas,This is a placeholder description for the show or movie.
s918,TV Show,Title_918,Martin Scorsese,"Shah Rukh Khan, Zendaya, Henry Cavill",United States,TV-14,2016,"December 8, 2023",3 Seasons,TV Comedies,This is a placeholder description for the show or movie.
s919,TV Show,Title_919,Greta Gerwig,Leonardo DiCaprio,United Kingdom,TV-PG,2023,"October 18, 2023",1 Seasons,TV Dramas,This is a placeholder description for the show or movie.
s920,Movie,Title_920,David Fincher,Leonardo DiCaprio,United States,TV-14,2017,"October 5, 2021",149 min,Documentaries,This is a placeholder description for the show or movie.
s921,TV Show,Title_921,Greta Gerwig,"Shah Rukh Khan, Song Kang, Leonardo DiCaprio",United States,TV-MA,2014,"October 16, 2014",3 Seasons,TV Dramas,This is a placeholder description for the show or movie.
s922,Movie,Title_922,Bong Joon Ho,"Zendaya, Millie Bobby Brown",India,R,2018,"October 20, 2018",90 min,Documentaries,This is a placeholder description for the show or movie.
s923,TV Show,Title_923,nan,"Leonardo DiCaprio, Shah Rukh Khan",United States,TV-MA,2014,"October 25, 2018",4 Seasons,TV Comedies,This is a placeholder description for the show or movie.
s924,TV Show,Title_924,David Fincher,"Millie Bobby Brown, Shah Rukh Khan, Leonardo DiCaprio",South Korea,R,2017,"October 23, 2019",3 Seasons,TV Dramas,This is a placeholder description for the show or movie.
s925,Movie,Title_925,nan,Millie Bobby Brown,India,PG-13,2013,"December 16, 2019",119 min,Action & Adventure,This is a placeholder description for the show or movie.
s926,Movie,Title_926,Bong Joon Ho,"Shah Rukh Khan, Song Kang",United States,TV-PG,2009,"January 14, 2020",100 min,Action & Adventure,This is a placeholder description for the show or movie.
s927,Movie,Title_927,Bong Joon Ho,Henry Cavill,United States,PG-13,2003,"December 8, 2019",117 min,Thrillers,This is a placeholder description for the show or movie.
s928,Movie,Title_928,nan,Song Kang,India,TV-MA,2022,"December 9, 2022",111 min,Dramas,This is a placeholder description for the show or movie.
s929,Movie,Title_929,David Fincher,"Leonardo DiCaprio, Zendaya, Millie Bobby Brown",United States,TV-PG,2021,"July 8, 2023",89 min,Dramas,This is a placeholder description for the show or movie.
s930,Movie,Title_930,nan,Song Kang,United States,TV-MA,2001,"October 5, 2019",108 min,Documentaries,This is a placeholder description for the show or movie.
s931,Movie,Title_931,nan,"Millie Bobby Brown, Henry Cavill, Zendaya",India,TV-PG,2003,"October 2, 2019",147 min,Action & Adventure,This is a placeholder description for the show or movie.
s932,TV Show,Title_932,Mike Flanagan,"Millie Bobby Brown, Leonardo DiCaprio",South Korea,TV-PG,2017,"December 15, 2017",1 Seasons,Crime TV Shows,This is a placeholder description for the show or movie.
s933,TV Show,Title_933,David Fincher,"Shah Rukh Khan, Henry Cavill, Leonardo DiCaprio",India,TV-MA,2023,"December 27, 2023",4 Seasons,International TV Shows,This is a placeholder description for the show or movie.
s934,Movie,Title_934,Mike Flanagan,"Zendaya, Song Kang, Leonardo DiCaprio",Canada,TV-MA,2013,"December 22, 2023",101 min,Dramas,This is a placeholder description for the show or movie.
s935,Movie,Title_935,Greta Gerwig,"Henry Cavill, Shah Rukh Khan",Japan,TV-PG,2009,"December 19, 2016",80 min,Thrillers,This is a placeholder description for the show or movie.
s936,Movie,Title_936,nan,Henry Cavill,United States,TV-PG,2006,"January 19, 2023",112 min,Dramas,This is a placeholder description for the show or movie.
s937,Movie,Title_937,Greta Gerwig,"Shah Rukh Khan, Millie Bobby Brown, Leonardo DiCaprio",South Korea,TV-MA,2019,"July 25, 2021",120 min,Documentaries,This is a placeholder description for the show or movie.
s938,TV Show,Title_938,David Fincher,"Song Kang, Leonardo DiCaprio",South Korea,TV-MA,2019,"January 17, 2021",4 Seasons,TV Comedies,This is a placeholder description for the show or movie.
s939,Movie,Title_939,nan,"Zendaya, Henry Cavill, Millie Bobby Brown",United States,TV-14,2018,"October 4, 2020",88 min,Documentaries,This is a placeholder description for the show or movie.
s940,Movie,Title_940,Greta Gerwig,"Henry Cavill, Shah Rukh Khan, Song Kang",France,TV-14,2018,"July 8, 2018",120 min,Action & Adventure,This is a placeholder description for the show or movie.
s941,Movie,Title_941,Martin Scorsese,"Shah Rukh Khan, Henry Cavill, Millie Bobby Brown",United States,TV-14,2017,"January 25, 2020",148 min,Documentaries,This is a placeholder description for the show or movie.
s942,Movie,Title_942,Bong Joon Ho,"Zendaya, Shah Rukh Khan, Millie Bobby Brown",United States,PG-13,2018,"January 13, 2018",142 min,Action & Adventure,This is a placeholder description for the show or movie.
s943,TV Show,Title_943,nan,"Shah Rukh Khan, Henry Cavill",South Korea,TV-PG,2011,"January 13, 2023",4 Seasons,Crime TV Shows,This is a placeholder description for the show or movie.
s944,TV Show,Title_944,Bong Joon Ho,Millie Bobby Brown,India,R,2016,"December 11, 2021",4 Seasons,TV Dramas,This is a placeholder description for the show or movie.
s945,Movie,Title_945,Mike Flanagan,Henry Cavill,United States,PG-13,2012,"July 6, 2015",147 min,Documentaries,This is a placeholder description for the show or movie.
s946,Movie,Title_946,Greta Gerwig,"Zendaya, Song Kang",United States,TV-PG,2013,"January 8, 2019",97 min,Dramas,This is a placeholder description for the show or movie.
s947,Movie,Title_947,Mike Flanagan,"Henry Cavill, Shah Rukh Khan, Zendaya",South Korea,R,2014,"December 5, 2023",125 min,Comedies,This is a placeholder description for the show or movie.
s948,TV Show,Title_948,nan,"Song Kang, Zendaya",South Korea,TV-14,2018,"December 23, 2023",3 Seasons,TV Dramas,This is a placeholder description for the show or movie.
s949,TV Show,Title_949,Bong Joon Ho,"Millie Bobby Brown, Shah Rukh Khan",India,R,2020,"October 16, 2020",3 Seasons,Docuseries,This is a placeholder description for the show or movie.
s950,Movie,Title_950,Bong Joon Ho,"Henry Cavill, Zendaya, Millie Bobby Brown",France,TV-MA,2023,"October 26, 2023",145 min,Thrillers,This is a placeholder description for the show or movie.
s951,Movie,Title_951,Greta Gerwig,Millie Bobby Brown,United States,TV-MA,2019,"January 13, 2019",93 min,Documentaries,This is a placeholder description for the show or movie.
s952,TV Show,Title_952,nan,"Millie Bobby Brown, Henry Cavill, Leonardo DiCaprio",United States,TV-PG,2023,"July 5, 2023",4 Seasons,International TV Shows,This is a placeholder description for the show or movie.
s953,Movie,Title_953,Martin Scorsese,"Song Kang, Leonardo DiCaprio",United Kingdom,PG-13,2014,"October 24, 2019",115 min,Documentaries,This is a placeholder description for the show or movie.
s954,TV Show,Title_954,Martin Scorsese,"Leonardo DiCaprio, Shah Rukh Khan",South Korea,TV-14,2019,"October 16, 2022",2 Seasons,International TV Shows,This is a placeholder description for the show or movie.
s955,Movie,Title_955,Greta Gerwig,Song Kang,United States,TV-PG,2018,"October 14, 2018",150 min,Dramas,This is a placeholder description for the show or movie.
s956,Movie,Title_956,nan,"Zendaya, Henry Cavill",United States,TV-14,2014,"July 12, 2019",147 min,Dramas,This is a placeholder description for the show or movie.
s957,Movie,Title_957,Greta Gerwig,"Leonardo DiCaprio, Millie Bobby Brown, Song Kang",South Korea,TV-MA,2023,"January 13, 2023",104 min,Documentaries,This is a placeholder description for the show or movie.
s958,Movie,Title_958,nan,"Henry Cavill, Song Kang",France,PG-13,2014,"July 11, 2021",82 min,Action & Adventure,This is a placeholder description for the show or movie.
s959,Movie,Title_959,Mike Flanagan,"Song Kang, Millie Bobby Brown, Zendaya",United Kingdom,PG-13,2016,"January 9, 2022",101 min,Dramas,This is a placeholder description for the show or movie.
s960,TV Show,Title_960,Greta Gerwig,Millie Bobby Brown,United States,TV-MA,2023,"October 9, 2023",5 Seasons,TV Dramas,This is a placeholder description for the show or movie.
s961,Movie,Title_961,nan,"Shah Rukh Khan, Zendaya, Song Kang",France,R,2022,"October 10, 2022",90 min,Documentaries,This is a placeholder description for the show or movie.
s962,Movie,Title_962,Martin Scorsese,"Leonardo DiCaprio, Song Kang",Japan,PG-13,2017,"January 14, 2020",119 min,Thrillers,This is a placeholder description for the show or movie.
s963,Movie,Title_963,nan,"Zendaya, Song Kang, Henry Cavill",India,R,2017,"October 27, 2023",96 min,Documentaries,This is a placeholder description for the show or movie.
s964,Movie,Title_964,nan,"Leonardo DiCaprio, Henry Cavill",South Korea,TV-14,2016,"July 12, 2021",117 min,Documentaries,This is a placeholder description for the show or movie.
s965,Movie,Title_965,Greta Gerwig,"Leonardo DiCaprio, Song Kang, Millie Bobby Brown",South Korea,PG-13,2008,"January 22, 2021",122 min,Comedies,This is a placeholder description for the show or movie.
s966,Movie,Title_966,Mike Flanagan,Leonardo DiCaprio,France,TV-MA,2023,"January 16, 2023",138 min,Documentaries,This is a placeholder description for the show or movie.
s967,TV Show,Title_967,Mike Flanagan,Shah Rukh Khan,South Korea,R,2005,"January 18, 2019",4 Seasons,Docuseries,This is a placeholder description for the show or movie.
s968,Movie,Title_968,Mike Flanagan,"Millie Bobby Brown, Leonardo DiCaprio, Zendaya",United Kingdom,TV-14,2018,"January 6, 2022",141 min,Action & Adventure,This is a placeholder description for the show or movie.
s969,Movie,Title_969,Mike Flanagan,"Song Kang, Zendaya",United Kingdom,TV-14,2023,"December 20, 2023",82 min,Dramas,This is a placeholder description for the show or movie.
s970,Movie,Title_970,David Fincher,Millie Bobby Brown,India,PG-13,2013,"July 13, 2016",113 min,Comedies,This is a placeholder description for the show or movie.
s971,TV Show,Title_971,Greta Gerwig,Shah Rukh Khan,United Kingdom,PG-13,2018,"July 28, 2021",4 Seasons,International TV Shows,This is a placeholder description for the show or movie.
s972,TV Show,Title_972,Bong Joon Ho,"Shah Rukh Khan, Zendaya",South Korea,TV-PG,2015,"December 4, 2022",5 Seasons,International TV Shows,This is a placeholder description for the show or movie.
s973,TV Show,Title_973,Greta Gerwig,Shah Rukh Khan,France,TV-PG,2020,"July 19, 2020",1 Seasons,TV Comedies,This is a placeholder description for the show or movie.
s974,Movie,Title_974,David Fincher,"Song Kang, Leonardo DiCaprio",India,PG-13,2013,"December 21, 2018",127 min,Documentaries,This is a placeholder description for the show or movie.
s975,Movie,Title_975,Mike Flanagan,Shah Rukh Khan,India,TV-PG,2005,"December 20, 2020",149 min,Thrillers,This is a placeholder description for the show or movie.
s976,Movie,Title_976,David Fincher,"Zendaya, Song Kang",India,TV-MA,2018,"October 24, 2020",119 min,Dramas,This is a placeholder description for the show or movie.
s977,Movie,Title_977,Martin Scorsese,"Zendaya, Millie Bobby Brown",United Kingdom,TV-MA,2020,"July 13, 2021",134 min,Dramas,This is a placeholder description for the show or movie.
s978,Movie,Title_978,Martin Scorsese,"Millie Bobby Brown, Song Kang",United Kingdom,TV-PG,2017,"December 1, 2020",80 min,Thrillers,This is a placeholder description for the show or movie.
s979,Movie,Title_979,Greta Gerwig,"Leonardo DiCaprio, Henry Cavill",United States,PG-13,2010,"January 11, 2018",132 min,Comedies,This is a placeholder description for the show or movie.
s980,Movie,Title_980,Greta Gerwig,Henry Cavill,India,TV-MA,2018,"January 9, 2018",122 min,Comedies,This is a placeholder description for the show or movie.
s981,Movie,Title_981,Bong Joon Ho,"Henry Cavill, Shah Rukh Khan, Leonardo DiCaprio",United States,TV-14,2022,"July 21, 2022",139 min,Comedies,This is a placeholder description for the show or movie.
s982,TV Show,Title_982,Bong Joon Ho,"Leonardo DiCaprio, Zendaya",United States,PG-13,2019,"December 22, 2020",2 Seasons,International TV Shows,This is a placeholder description for the show or movie.
s983,Movie,Title_983,Martin Scorsese,"Song Kang, Shah Rukh Khan, Leonardo DiCaprio",South Korea,R,2021,"December 6, 2022",110 min,Thrillers,This is a placeholder description for the show or movie.
s984,Movie,Title_984,Mike Flanagan,"Song Kang, Zendaya, Henry Cavill",United States,R,2021,"December 14, 2021",85 min,Documentaries,This is a placeholder description for the show or movie.
s985,TV Show,Title_985,David Fincher,"Leonardo DiCaprio, Shah Rukh Khan",United States,PG-13,2023,"January 6, 2023",3 Seasons,Crime TV Shows,This is a placeholder description for the show or movie.
s986,Movie,Title_986,Bong Joon Ho,"Zendaya, Henry Cavill",United States,TV-PG,2015,"January 17, 2020",137 min,Comedies,This is a placeholder description for the show or movie.
s987,TV Show,Title_987,nan,"Shah Rukh Khan, Leonardo DiCaprio",United States,TV-MA,2013,"October 3, 2014",4 Seasons,Crime TV Shows,This is a placeholder description for the show or movie.
s988,Movie,Title_988,Bong Joon Ho,"Henry Cavill, Zendaya",South Korea,TV-MA,2014,"December 11, 2018",121 min,Comedies,This is a placeholder description for the show or movie.
s989,Movie,Title_989,Mike Flanagan,"Millie Bobby Brown, Zendaya, Henry Cavill",India,PG-13,2016,"January 14, 2017",82 min,Thrillers,This is a placeholder description for the show or movie.
s990,TV Show,Title_990,Mike Flanagan,Millie Bobby Brown,Japan,TV-14,2014,"July 28, 2019",4 Seasons,TV Comedies,This is a placeholder description for the show or movie.
s991,TV Show,Title_991,Greta Gerwig,Zendaya,United States,TV-PG,2014,"December 20, 2021",4 Seasons,International TV Shows,This is a placeholder description for the show or movie.
s992,TV Show,Title_992,David Fincher,"Song Kang, Millie Bobby Brown, Leonardo DiCaprio",United States,TV-14,2021,"October 9, 2023",3 Seasons,TV Dramas,This is a placeholder description for the show or movie.
s993,Movie,Title_993,Mike Flanagan,Zendaya,United States,PG-13,2023,"October 18, 2023",150 min,Documentaries,This is a placeholder description for the show or movie.
s994,Movie,Title_994,Bong Joon Ho,"Henry Cavill, Shah Rukh Khan, Zendaya",Canada,PG-13,2014,"July 20, 2020",139 min,Action & Adventure,This is a placeholder description for the show or movie.
s995,Movie,Title_995,Bong Joon Ho,"Song Kang, Henry Cavill, Leonardo DiCaprio",India,TV-14,2019,"December 16, 2019",83 min,Thrillers,This is a placeholder description for the show or movie.
s996,Movie,Title_996,Martin Scorsese,"Shah Rukh Khan, Millie Bobby Brown",France,R,2021,"October 16, 2021",138 min,Documentaries,This is a placeholder description for the show or movie.
s997,TV Show,Title_997,Mike Flanagan,Shah Rukh Khan,United Kingdom,PG-13,2016,"October 17, 2021",4 Seasons,TV Comedies,This is a placeholder description for the show or movie.
s998,Movie,Title_998,nan,"Millie Bobby Brown, Leonardo DiCaprio",India,TV-PG,2016,"January 1, 2019",85 min,Dramas,This is a placeholder description for the show or movie.
s999,TV Show,Title_999,Greta Gerwig,"Song Kang, Millie Bobby Brown",South Korea,TV-14,2017,"January 24, 2017",2 Seasons,TV Comedies,This is a placeholder description for the show or movie.
s1000,Movie,Title_1000,David Fincher,"Henry Cavill, Shah Rukh Khan",France,R,2023,"July 5, 2023",104 min,Dramas,This is a placeholder description for the show or movie.
s1001,Movie,Title_1001,nan,"Millie Bobby Brown, Zendaya",United States,TV-14,2019,"July 22, 2021",100 min,Thrillers,This is a placeholder description for the show or movie.
s1002,Movie,Title_1002,Greta Gerwig,"Leonardo DiCaprio, Millie Bobby Brown",United States,R,2013,"December 23, 2020",134 min,Action & Adventure,This is a placeholder description for the show or movie.
s1003,TV Show,Title_1003,Bong Joon Ho,"Henry Cavill, Zendaya",United Kingdom,R,2013,"July 22, 2023",2 Seasons,International TV Shows,This is a placeholder description for the show or movie.
s1004,TV Show,Title_1004,nan,"Shah Rukh Khan, Millie Bobby Brown, Song Kang",India,TV-PG,2012,"January 20, 2018",2 Seasons,TV Comedies,This is a placeholder description for the show or movie.
s1005,TV Show,Title_1005,Greta Gerwig,"Zendaya, Song Kang",France,PG-13,2011,"October 4, 2015",2 Seasons,Docuseries,This is a placeholder description for the show or movie.
s1006,TV Show,Title_1006,Bong Joon Ho,"Henry Cavill, Song Kang",India,R,2023,"December 27, 2023",5 Seasons,TV Dramas,This is a placeholder description for the show or movie.
s1007,TV Show,Title_1007,Bong Joon Ho,Song Kang,United States,PG-13,2018,"July 7, 2018",2 Seasons,Docuseries,This is a placeholder description for the show or movie.
s1008,TV Show,Title_1008,Bong Joon Ho,"Zendaya, Song Kang, Henry Cavill",France,TV-PG,2022,"December 11, 2022",4 Seasons,Docuseries,This is a placeholder description for the show or movie.
s1009,Movie,Title_1009,Bong Joon Ho,"Leonardo DiCaprio, Shah Rukh Khan",South Korea,PG-13,2021,"January 1, 2021",93 min,Action & Adventure,This is a placeholder description for the show or movie.
s1010,Movie,Title_1010,Bong Joon Ho,"Zendaya, Shah Rukh Khan, Millie Bobby Brown",United States,TV-MA,2014,"October 22, 2022",91 min,Dramas,This is a placeholder description for the show or movie.
s1011,Movie,Title_1011,Martin Scorsese,"Song Kang, Shah Rukh Khan, Leonardo DiCaprio",France,R,2022,"October 21, 2022",90 min,Documentaries,This is a placeholder description for the show or movie.
s1012,TV Show,Title_1012,nan,Henry Cavill,United States,TV-PG,2012,"October 18, 2018",4 Seasons,International TV Shows,This is a placeholder description for the show or movie.
s1013,TV Show,Title_1013,Greta Gerwig,Shah Rukh Khan,United States,TV-14,2018,"July 27, 2018",3 Seasons,Crime TV Shows,This is a placeholder description for the show or movie.
s1014,Movie,Title_1014,Martin Scorsese,"Leonardo DiCaprio, Zendaya",France,TV-PG,2023,"January 22, 2023",101 min,Documentaries,This is a placeholder description for the show or movie.
s1015,TV Show,Title_1015,Martin Scorsese,"Zendaya, Millie Bobby Brown, Shah Rukh Khan",India,R,2014,"January 24, 2018",5 Seasons,International TV Shows,This is a placeholder description for the show or movie.
s1016,TV Show,Title_1016,Mike Flanagan,Shah Rukh Khan,United States,TV-PG,2003,"December 2, 2015",3 Seasons,International TV Shows,This is a placeholder description for the show or movie.
s1017,Movie,Title_1017,Mike Flanagan,Millie Bobby Brown,United States,TV-14,2021,"October 8, 2021",80 min,Dramas,This is a placeholder description for the show or movie.
s1018,Movie,Title_1018,Mike Flanagan,Leonardo DiCaprio,Canada,TV-MA,2023,"January 18, 2023",130 min,Dramas,This is a placeholder description for the show or movie.
s1019,TV Show,Title_1019,David Fincher,"Henry Cavill, Millie Bobby Brown, Leonardo DiCaprio",United States,R,2020,"October 19, 2020",3 Seasons,Crime TV Shows,This is a placeholder description for the show or movie.
s1020,Movie,Title_1020,Mike Flanagan,"Song Kang, Shah Rukh Khan, Leonardo DiCaprio",India,R,2018,"January 23, 2018",120 min,Thrillers,This is a placeholder description for the show or movie.
s1021,TV Show,Title_1021,Greta Gerwig,Millie Bobby Brown,United Kingdom,TV-PG,2011,"December 16, 2020",4 Seasons,Docuseries,This is a placeholder description for the show or movie.
s1022,Movie,Title_1022,Martin Scorsese,"Millie Bobby Brown, Song Kang, Shah Rukh Khan",United States,PG-13,2021,"January 3, 2021",111 min,Thrillers,This is a placeholder description for the show or movie.
s1023,TV Show,Title_1023,Greta Gerwig,Shah Rukh Khan,United Kingdom,PG-13,2013,"January 24, 2022",2 Seasons,TV Dramas,This is a placeholder description for the show or movie.
s1024,TV Show,Title_1024,nan,Henry Cavill,Japan,TV-14,2023,"December 1, 2023",3 Seasons,Crime TV Shows,This is a placeholder description for the show or movie.
s1025,TV Show,Title_1025,Mike Flanagan,"Song Kang, Henry Cavill",India,TV-MA,2022,"December 25, 2022",5 Seasons,Docuseries,This is a placeholder description for the show or movie.
s1026,Movie,Title_1026,David Fincher,"Zendaya, Henry Cavill",United States,TV-MA,2023,"July 11, 2023",80 min,Action & Adventure,This is a placeholder description for the show or movie.
s1027,TV Show,Title_1027,nan,Millie Bobby Brown,United States,TV-PG,2020,"July 2, 2021",3 Seasons,TV Comedies,This is a placeholder description for the show or movie.
s1028,TV Show,Title_1028,David Fincher,"Millie Bobby Brown, Henry Cavill, Song Kang",United Kingdom,TV-PG,2017,"October 19, 2017",5 Seasons,Crime TV Shows,This is a placeholder description for the show or movie.
s1029,Movie,Title_1029,nan,"Leonardo DiCaprio, Zendaya, Henry Cavill",Japan,PG-13,2017,"July 11, 2022",137 min,Comedies,This is a placeholder description for the show or movie.
s1030,TV Show,Title_1030,Martin Scorsese,Shah Rukh Khan,United States,TV-MA,2015,"December 18, 2022",5 Seasons,TV Comedies,This is a placeholder description for the show or movie.
s1031,Movie,Title_1031,Greta Gerwig,"Zendaya, Millie Bobby Brown, Song Kang",United States,TV-MA,2021,"October 14, 2021",147 min,Dramas,This is a placeholder description for the show or movie.
s1032,Movie,Title_1032,Bong Joon Ho,"Millie Bobby Brown, Leonardo DiCaprio",India,TV-MA,2023,"December 2, 2023",88 min,Comedies,This is a placeholder description for the show or movie.
s1033,Movie,Title_1033,Greta Gerwig,Zendaya,India,TV-14,2023,"December 21, 2023",82 min,Documentaries,This is a placeholder description for the show or movie.
s1034,Movie,Title_1034,Mike Flanagan,Leonardo DiCaprio,United States,TV-14,2017,"July 28, 2017",122 min,Thrillers,This is a placeholder description for the show or movie.
s1035,Movie,Title_1035,Bong Joon Ho,"Henry Cavill, Leonardo DiCaprio, Millie Bobby Brown",South Korea,TV-PG,2017,"December 2, 2019",138 min,Documentaries,This is a placeholder description for the show or movie.
s1036,TV Show,Title_1036,David Fincher,Song Kang,United States,PG-13,2011,"October 6, 2019",3 Seasons,International TV Shows,This is a placeholder description for the show or movie.
s1037,Movie,Title_1037,Martin Scorsese,"Shah Rukh Khan, Song Kang",Canada,R,2013,"December 10, 2021",150 min,Documentaries,This is a placeholder description for the show or movie.
s1038,TV Show,Title_1038,Martin Scorsese,"Zendaya, Henry Cavill, Leonardo DiCaprio",India,PG-13,2023,"January 1, 2023",3 Seasons,International TV Shows,This is a placeholder description for the show or movie.
s1039,Movie,Title_1039,David Fincher,"Song Kang, Henry Cavill",India,TV-14,2023,"January 5, 2023",113 min,Thrillers,This is a placeholder description for the show or movie.
s1040,Movie,Title_1040,Mike Flanagan,Henry Cavill,United States,TV-14,2013,"October 18, 2022",109 min,Action & Adventure,This is a placeholder description for the show or movie.
s1041,Movie,Title_1041,David Fincher,"Henry Cavill, Leonardo DiCaprio, Song Kang",Canada,TV-PG,2015,"January 10, 2019",85 min,Thrillers,This is a placeholder description for the show or movie.
s1042,TV Show,Title_1042,nan,"Millie Bobby Brown, Henry Cavill, Shah Rukh Khan",United States,R,2015,"December 1, 2017",2 Seasons,TV Comedies,This is a placeholder description for the show or movie.
s1043,Movie,Title_1043,Mike Flanagan,Song Kang,United States,TV-MA,2021,"October 8, 2021",90 min,Documentaries,This is a placeholder description for the show or movie.
s1044,Movie,Title_1044,Bong Joon Ho,Henry Cavill,India,R,2010,"October 7, 2021",113 min,Action & Adventure,This is a placeholder description for the show or movie.
s1045,TV Show,Title_1045,David Fincher,"Zendaya, Leonardo DiCaprio, Song Kang",Canada,R,2011,"July 23, 2016",4 Seasons,Docuseries,This is a placeholder description for the show or movie.
s1046,Movie,Title_1046,Mike Flanagan,Millie Bobby Brown,United States,R,2023,"July 17, 2023",98 min,Action & Adventure,This is a placeholder description for the show or movie.
s1047,Movie,Title_1047,Bong Joon Ho,"Leonardo DiCaprio, Zendaya, Song Kang",United States,TV-PG,2006,"October 12, 2021",95 min,Dramas,This is a placeholder description for the show or movie.
s1048,Movie,Title_1048,David Fincher,Song Kang,South Korea,TV-14,2016,"December 17, 2019",137 min,Dramas,This is a placeholder description for the show or movie.
s1049,TV Show,Title_1049,Martin Scorsese,"Song Kang, Shah Rukh Khan, Millie Bobby Brown",South Korea,TV-MA,2016,"January 27, 2020",2 Seasons,International TV Shows,This is a placeholder description for the show or movie.
s1050,Movie,Title_1050,David Fincher,"Song Kang, Millie Bobby Brown",United States,R,2014,"January 7, 2023",139 min,Thrillers,This is a placeholder description for the show or movie.
s1051,TV Show,Title_1051,Greta Gerwig,Millie Bobby Brown,United Kingdom,TV-MA,2010,"October 27, 2021",4 Seasons,International TV Shows,This is a placeholder description for the show or movie.
s1052,Movie,Title_1052,David Fincher,Leonardo DiCaprio,India,R,2021,"December 18, 2021",109 min,Comedies,This is a placeholder description for the show or movie.
s1053,TV Show,Title_1053,Greta Gerwig,Millie Bobby Brown,United Kingdom,TV-14,2012,"July 9, 2023",4 Seasons,Crime TV Shows,This is a placeholder description for the show or movie.
s1054,TV Show,Title_1054,Bong Joon Ho,"Henry Cavill, Millie Bobby Brown",Japan,TV-MA,2013,"December 16, 2018",1 Seasons,Crime TV Shows,This is a placeholder description for the show or movie.
s1055,TV Show,Title_1055,David Fincher,Song Kang,United States,PG-13,2022,"October 7, 2022",4 Seasons,Docuseries,This is a placeholder description for the show or movie.
s1056,Movie,Title_1056,Bong Joon Ho,Song Kang,South Korea,TV-14,2009,"December 24, 2023",128 min,Thrillers,This is a placeholder description for the show or movie.
s1057,TV Show,Title_1057,Bong Joon Ho,"Shah Rukh Khan, Millie Bobby Brown",India,TV-MA,2015,"January 21, 2018",4 Seasons,Docuseries,This is a placeholder description for the show or movie.
s1058,Movie,Title_1058,Mike Flanagan,"Leonardo DiCaprio, Henry Cavill",India,R,2019,"July 3, 2021",104 min,Comedies,This is a placeholder description for the show or movie.
s1059,Movie,Title_1059,Bong Joon Ho,Millie Bobby Brown,United Kingdom,R,2023,"October 28, 2023",112 min,Action & Adventure,This is a placeholder description for the show or movie.
s1060,Movie,Title_1060,Bong Joon Ho,"Song Kang, Zendaya, Millie Bobby Brown",France,TV-14,2022,"January 16, 2022",131 min,Documentaries,This is a placeholder description for the show or movie.
s1061,TV Show,Title_1061,David Fincher,Shah Rukh Khan,United States,TV-14,2017,"July 2, 2022",3 Seasons,TV Dramas,This is a placeholder description for the show or movie.
s1062,TV Show,Title_1062,David Fincher,Henry Cavill,United States,R,2022,"December 13, 2022",1 Seasons,Docuseries,This is a placeholder description for the show or movie.
s1063,TV Show,Title_1063,Martin Scorsese,Henry Cavill,United States,TV-MA,2023,"December 11, 2023",5 Seasons,International TV Shows,This is a placeholder description for the show or movie.
s1064,Movie,Title_1064,Mike Flanagan,Zendaya,France,PG-13,2012,"December 25, 2019",113 min,Comedies,This is a placeholder description for the show or movie.
s1065,Movie,Title_1065,Bong Joon Ho,"Shah Rukh Khan, Leonardo DiCaprio, Zendaya",Canada,TV-PG,2023,"January 18, 2023",142 min,Dramas,This is a placeholder description for the show or movie.
s1066,TV Show,Title_1066,Mike Flanagan,"Leonardo DiCaprio, Henry Cavill",United Kingdom,TV-14,2017,"October 9, 2023",4 Seasons,International TV Shows,This is a placeholder description for the show or movie.
s1067,Movie,Title_1067,Greta Gerwig,"Leonardo DiCaprio, Zendaya, Song Kang",United States,R,2016,"January 13, 2016",116 min,Thrillers,This is a placeholder description for the show or movie.
s1068,Movie,Title_1068,Bong Joon Ho,Leonardo DiCaprio,Japan,TV-MA,2015,"October 26, 2023",96 min,Comedies,This is a placeholder description for the show or movie.
s1069,Movie,Title_1069,Mike Flanagan,"Shah Rukh Khan, Henry Cavill",South Korea,TV-14,2018,"January 7, 2023",111 min,Action & Adventure,This is a placeholder description for the show or movie.
s1070,Movie,Title_1070,Martin Scorsese,Leonardo DiCaprio,United Kingdom,TV-MA,2021,"July 18, 2021",141 min,Comedies,This is a placeholder description for the show or movie.
s1071,Movie,Title_1071,Martin Scorsese,"Henry Cavill, Shah Rukh Khan",United States,TV-14,2018,"October 18, 2018",99 min,Dramas,This is a placeholder description for the show or movie.
s1072,Movie,Title_1072,Bong Joon Ho,"Henry Cavill, Zendaya",United States,R,2014,"October 28, 2023",145 min,Comedies,This is a placeholder description for the show or movie.
s1073,Movie,Title_1073,Greta Gerwig,"Zendaya, Leonardo DiCaprio, Henry Cavill",India,TV-MA,2023,"July 8, 2023",124 min,Thrillers,This is a placeholder description for the show or movie.
s1074,Movie,Title_1074,Martin Scorsese,Zendaya,Canada,R,2014,"December 26, 2023",85 min,Action & Adventure,This is a placeholder description for the show or movie.
s1075,TV Show,Title_1075,Martin Scorsese,"Millie Bobby Brown, Zendaya, Leonardo DiCaprio",United States,TV-MA,2023,"July 11, 2023",1 Seasons,Docuseries,This is a placeholder description for the show or movie.
s1076,Movie,Title_1076,Greta Gerwig,Zendaya,United Kingdom,TV-14,2023,"July 24, 2023",121 min,Action & Adventure,This is a placeholder description for the show or movie.
s1077,Movie,Title_1077,Mike Flanagan,"Song Kang, Leonardo DiCaprio",United States,TV-PG,2012,"July 17, 2016",125 min,Dramas,This is a placeholder description for the show or movie.
s1078,TV Show,Title_1078,Martin Scorsese,"Song Kang, Millie Bobby Brown, Zendaya",South Korea,TV-PG,2013,"July 26, 2020",4 Seasons,Docuseries,This is a placeholder description for the show or movie.
s1079,Movie,Title_1079,David Fincher,"Song Kang, Henry Cavill, Shah Rukh Khan",India,PG-13,2015,"January 14, 2023",116 min,Action & Adventure,This is a placeholder description for the show or movie.
s1080,TV Show,Title_1080,nan,"Song Kang, Shah Rukh Khan, Henry Cavill",United States,PG-13,2023,"December 27, 2023",3 Seasons,TV Dramas,This is a placeholder description for the show or movie.
s1081,TV Show,Title_1081,nan,"Song Kang, Shah Rukh Khan, Leonardo DiCaprio",India,R,2023,"January 28, 2023",3 Seasons,Crime TV Shows,This is a placeholder description for the show or movie.
s1082,Movie,Title_1082,Martin Scorsese,"Zendaya, Shah Rukh Khan, Millie Bobby Brown",United States,TV-MA,2015,"January 28, 2015",149 min,Thrillers,This is a placeholder description for the show or movie.
s1083,Movie,Title_1083,Mike Flanagan,"Leonardo DiCaprio, Zendaya, Millie Bobby Brown",United States,PG-13,2016,"July 13, 2018",149 min,Documentaries,This is a placeholder description for the show or movie.
s1084,TV Show,Title_1084,Mike Flanagan,"Song Kang, Leonardo DiCaprio",South Korea,TV-14,2019,"January 9, 2020",5 Seasons,TV Dramas,This is a placeholder description for the show or movie.
s1085,TV Show,Title_1085,Bong Joon Ho,"Shah Rukh Khan, Zendaya",United States,TV-PG,2018,"December 21, 2021",5 Seasons,Docuseries,This is a placeholder description for the show or movie.
s1086,Movie,Title_1086,David Fincher,"Shah Rukh Khan, Song Kang, Leonardo DiCaprio",United States,TV-MA,2011,"July 23, 2021",147 min,Thrillers,This is a placeholder description for the show or movie.
s1087,Movie,Title_1087,Mike Flanagan,"Shah Rukh Khan, Song Kang, Zendaya",United States,TV-PG,2015,"December 13, 2020",112 min,Comedies,This is a placeholder description for the show or movie.
s1088,Movie,Title_1088,Greta Gerwig,Leonardo DiCaprio,United States,TV-MA,2022,"October 12, 2022",127 min,Thrillers,This is a placeholder description for the show or movie.
s1089,TV Show,Title_1089,David Fincher,"Song Kang, Shah Rukh Khan",United States,PG-13,2016,"December 22, 2019",1 Seasons,Crime TV Shows,This is a placeholder description for the show or movie.
s1090,Movie,Title_1090,nan,Leonardo DiCaprio,United States,PG-13,2015,"July 24, 2022",91 min,Action & Adventure,This is a placeholder description for the show or movie.
s1091,TV Show,Title_1091,David Fincher,"Zendaya, Leonardo DiCaprio",India,R,2014,"July 17, 2018",4 Seasons,TV Dramas,This is a placeholder description for the show or movie.
s1092,Movie,Title_1092,Greta Gerwig,"Zendaya, Leonardo DiCaprio",United States,TV-MA,2014,"July 19, 2023",133 min,Dramas,This is a placeholder description for the show or movie.
s1093,Movie,Title_1093,Martin Scorsese,Henry Cavill,Canada,TV-14,2015,"October 11, 2021",135 min,Action & Adventure,This is a placeholder description for the show or movie.
s1094,Movie,Title_1094,Greta Gerwig,Song Kang,United States,PG-13,2023,"July 7, 2023",135 min,Documentaries,This is a placeholder description for the show or movie.
s1095,Movie,Title_1095,Greta Gerwig,"Zendaya, Millie Bobby Brown",United States,R,2023,"October 15, 2023",147 min,Dramas,This is a placeholder description for the show or movie.
s1096,Movie,Title_1096,Martin Scorsese,"Henry Cavill, Shah Rukh Khan",United States,PG-13,2023,"December 2, 2023",91 min,Thrillers,This is a placeholder description for the show or movie.
s1097,Movie,Title_1097,Martin Scorsese,"Leonardo DiCaprio, Shah Rukh Khan, Henry Cavill",Japan,TV-PG,2021,"July 2, 2021",99 min,Documentaries,This is a placeholder description for the show or movie.
s1098,Movie,Title_1098,Martin Scorsese,"Leonardo DiCaprio, Shah Rukh Khan, Zendaya",United Kingdom,PG-13,2014,"December 1, 2018",94 min,Dramas,This is a placeholder description for the show or movie.
s1099,TV Show,Title_1099,Martin Scorsese,"Henry Cavill, Leonardo DiCaprio, Millie Bobby Brown",South Korea,TV-MA,2023,"December 2, 2023",5 Seasons,Docuseries,This is a placeholder description for the show or movie.
s1100,Movie,Title_1100,Martin Scorsese,"Shah Rukh Khan, Henry Cavill",United States,R,2013,"December 14, 2016",92 min,Documentaries,This is a placeholder description for the show or movie.
s1101,Movie,Title_1101,Greta Gerwig,"Shah Rukh Khan, Song Kang, Zendaya",South Korea,TV-MA,2020,"January 19, 2020",87 min,Action & Adventure,This is a placeholder description for the show or movie.
s1102,TV Show,Title_1102,Bong Joon Ho,Henry Cavill,United States,TV-14,2023,"October 16, 2023",3 Seasons,International TV Shows,This is a placeholder description for the show or movie.
s1103,TV Show,Title_1103,Bong Joon Ho,Song Kang,United States,TV-14,2011,"December 21, 2017",2 Seasons,TV Comedies,This is a placeholder description for the show or movie.
s1104,TV Show,Title_1104,Mike Flanagan,Shah Rukh Khan,United Kingdom,PG-13,2023,"July 22, 2023",2 Seasons,TV Dramas,This is a placeholder description for the show or movie.
s1105,TV Show,Title_1105,Bong Joon Ho,"Henry Cavill, Zendaya, Shah Rukh Khan",United States,R,2023,"December 5, 2023",4 Seasons,Docuseries,This is a placeholder description for the show or movie.
s1106,Movie,Title_1106,nan,"Millie Bobby Brown, Shah Rukh Khan, Leonardo DiCaprio",France,R,2013,"January 4, 2019",143 min,Thrillers,This is a placeholder description for the show or movie.
s1107,Movie,Title_1107,Bong Joon Ho,Shah Rukh Khan,United States,R,2013,"December 3, 2018",115 min,Thrillers,This is a placeholder description for the show or movie.
s1108,TV Show,Title_1108,Greta Gerwig,Zendaya,France,R,2019,"December 11, 2021",2 Seasons,TV Dramas,This is a placeholder description for the show or movie.
s1109,TV Show,Title_1109,Martin Scorsese,Henry Cavill,United Kingdom,PG-13,2010,"July 16, 2019",4 Seasons,TV Dramas,This is a placeholder description for the show or movie.
s1110,Movie,Title_1110,Martin Scorsese,"Millie Bobby Brown, Zendaya, Leonardo DiCaprio",India,TV-MA,2015,"October 27, 2018",99 min,Action & Adventure,This is a placeholder description for the show or movie.
s1111,TV Show,Title_1111,Greta Gerwig,"Zendaya, Henry Cavill",United States,PG-13,2018,"December 9, 2018",4 Seasons,International TV Shows,This is a placeholder description for the show or movie.
s1112,Movie,Title_1112,nan,"Shah Rukh Khan, Millie Bobby Brown, Henry Cavill",United States,TV-MA,2023,"October 8, 2023",103 min,Comedies,This is a placeholder description for the show or movie.
s1113,Movie,Title_1113,Bong Joon Ho,"Zendaya, Leonardo DiCaprio",France,TV-PG,2023,"July 14, 2023",109 min,Thrillers,This is a placeholder description for the show or movie.
s1114,Movie,Title_1114,Greta Gerwig,"Millie Bobby Brown, Shah Rukh Khan",United States,TV-PG,2013,"October 23, 2020",101 min,Dramas,This is a placeholder description for the show or movie.
s1115,Movie,Title_1115,Mike Flanagan,"Leonardo DiCaprio, Shah Rukh Khan, Song Kang",United Kingdom,TV-MA,2017,"December 14, 2018",91 min,Documentaries,This is a placeholder description for the show or movie.
s1116,Movie,Title_1116,Martin Scorsese,"Song Kang, Millie Bobby Brown",France,PG-13,2012,"January 12, 2019",82 min,Thrillers,This is a placeholder description for the show or movie.
s1117,Movie,Title_1117,David Fincher,Leonardo DiCaprio,United States,TV-14,2015,"July 16, 2022",118 min,Thrillers,This is a placeholder description for the show or movie.
s1118,TV Show,Title_1118,Mike Flanagan,"Millie Bobby Brown, Leonardo DiCaprio, Song Kang",India,PG-13,2021,"October 1, 2023",5 Seasons,Crime TV Shows,This is a placeholder description for the show or movie.
s1119,Movie,Title_1119,nan,Zendaya,United Kingdom,TV-14,2011,"January 2, 2021",150 min,Documentaries,This is a placeholder description for the show or movie.
s1120,Movie,Title_1120,Mike Flanagan,"Song Kang, Henry Cavill, Shah Rukh Khan",United States,PG-13,2014,"January 25, 2016",122 min,Dramas,This is a placeholder description for the show or movie.
s1121,TV Show,Title_1121,Greta Gerwig,"Leonardo DiCaprio, Shah Rukh Khan, Zendaya",United States,R,2015,"January 17, 2023",1 Seasons,TV Comedies,This is a placeholder description for the show or movie.
s1122,TV Show,Title_1122,Bong Joon Ho,"Song Kang, Shah Rukh Khan, Leonardo DiCaprio",India,R,2016,"July 25, 2023",3 Seasons,TV Comedies,This is a placeholder description for the show or movie.
s1123,TV Show,Title_1123,Martin Scorsese,"Song Kang, Leonardo DiCaprio",United States,TV-PG,2020,"December 22, 2020",3 Seasons,Docuseries,This is a placeholder description for the show or movie.
s1124,TV Show,Title_1124,nan,"Song Kang, Shah Rukh Khan",Canada,TV-PG,2023,"December 1, 2023",1 Seasons,International TV Shows,This is a placeholder description for the show or movie.
s1125,TV Show,Title_1125,nan,"Leonardo DiCaprio, Shah Rukh Khan",United States,TV-MA,2013,"January 24, 2023",4 Seasons,TV Dramas,This is a placeholder description for the show or movie.
s1126,Movie,Title_1126,David Fincher,Leonardo DiCaprio,France,TV-14,2019,"October 5, 2020",119 min,Comedies,This is a placeholder description for the show or movie.
s1127,Movie,Title_1127,Mike Flanagan,"Song Kang, Leonardo DiCaprio, Henry Cavill",United States,R,2013,"July 5, 2023",105 min,Comedies,This is a placeholder description for the show or movie.
s1128,Movie,Title_1128,David Fincher,"Leonardo DiCaprio, Zendaya",United Kingdom,PG-13,2020,"July 20, 2021",100 min,Thrillers,This is a placeholder description for the show or movie.
s1129,Movie,Title_1129,Bong Joon Ho,Shah Rukh Khan,India,TV-MA,2015,"January 16, 2022",99 min,Thrillers,This is a placeholder description for the show or movie.
s1130,Movie,Title_1130,Bong Joon Ho,"Leonardo DiCaprio, Song Kang",United States,PG-13,2022,"January 9, 2022",82 min,Thrillers,This is a placeholder description for the show or movie.
s1131,TV Show,Title_1131,David Fincher,Shah Rukh Khan,United States,R,2010,"January 6, 2021",5 Seasons,Crime TV Shows,This is a placeholder description for the show or movie.
s1132,Movie,Title_1132,Martin Scorsese,"Henry Cavill, Leonardo DiCaprio, Zendaya",South Korea,R,2010,"December 5, 2020",150 min,Action & Adventure,This is a placeholder description for the show or movie.
s1133,Movie,Title_1133,Bong Joon Ho,Song Kang,Japan,R,2015,"January 24, 2023",80 min,Dramas,This is a placeholder description for the show or movie.
s1134,Movie,Title_1134,David Fincher,"Song Kang, Shah Rukh Khan",United States,R,2016,"December 15, 2023",102 min,Dramas,This is a placeholder description for the show or movie.
s1135,TV Show,Title_1135,Mike Flanagan,"Henry Cavill, Shah Rukh Khan, Leonardo DiCaprio",India,PG-13,2015,"October 18, 2022",2 Seasons,Crime TV Shows,This is a placeholder description for the show or movie.
s1136,Movie,Title_1136,David Fincher,"Millie Bobby Brown, Henry Cavill, Leonardo DiCaprio",United States,TV-MA,2023,"July 13, 2023",142 min,Action & Adventure,This is a placeholder description for the show or movie.
s1137,TV Show,Title_1137,David Fincher,"Shah Rukh Khan, Leonardo DiCaprio",United States,R,2019,"October 7, 2023",5 Seasons,Docuseries,This is a placeholder description for the show or movie.
s1138,Movie,Title_1138,Greta Gerwig,"Henry Cavill, Song Kang",United Kingdom,TV-PG,2018,"January 24, 2020",98 min,Action & Adventure,This is a placeholder description for the show or movie.
s1139,Movie,Title_1139,Bong Joon Ho,Leonardo DiCaprio,South Korea,TV-MA,2021,"July 8, 2021",148 min,Documentaries,This is a placeholder description for the show or movie.
s1140,Movie,Title_1140,Martin Scorsese,"Song Kang, Shah Rukh Khan",United States,TV-PG,2009,"July 7, 2023",97 min,Documentaries,This is a placeholder description for the show or movie.
s1141,TV Show,Title_1141,Martin Scorsese,"Zendaya, Song Kang, Millie Bobby Brown",France,PG-13,2007,"January 21, 2018",1 Seasons,TV Dramas,This is a placeholder description for the show or movie.
s1142,Movie,Title_1142,Greta Gerwig,"Shah Rukh Khan, Zendaya",United States,R,2023,"July 24, 2023",137 min,Thrillers,This is a placeholder description for the show or movie.
s1143,TV Show,Title_1143,nan,"Zendaya, Shah Rukh Khan",United Kingdom,TV-MA,2014,"October 4, 2022",2 Seasons,Crime TV Shows,This is a placeholder description for the show or movie.
s1144,Movie,Title_1144,Martin Scorsese,"Millie Bobby Brown, Zendaya, Song Kang",India,R,2013,"October 1, 2016",113 min,Thrillers,This is a placeholder description for the show or movie.
s1145,Movie,Title_1145,David Fincher,"Leonardo DiCaprio, Zendaya",India,R,2019,"January 28, 2019",142 min,Thrillers,This is a placeholder description for the show or movie.
s1146,TV Show,Title_1146,Greta Gerwig,"Leonardo DiCaprio, Shah Rukh Khan",India,TV-MA,2011,"October 15, 2021",5 Seasons,TV Comedies,This is a placeholder description for the show or movie.
s1147,TV Show,Title_1147,Mike Flanagan,"Shah Rukh Khan, Henry Cavill, Zendaya",United States,R,2020,"December 9, 2020",4 Seasons,Crime TV Shows,This is a placeholder description for the show or movie.
s1148,TV Show,Title_1148,Bong Joon Ho,Henry Cavill,Canada,R,2016,"October 24, 2021",4 Seasons,TV Comedies,This is a placeholder description for the show or movie.
s1149,TV Show,Title_1149,Bong Joon Ho,Millie Bobby Brown,Canada,TV-14,2023,"December 9, 2023",3 Seasons,International TV Shows,This is a placeholder description for the show or movie.
s1150,TV Show,Title_1150,Bong Joon Ho,"Song Kang, Leonardo DiCaprio",United States,TV-14,2021,"July 3, 2021",2 Seasons,TV Dramas,This is a placeholder description for the show or movie.
s1151,TV Show,Title_1151,David Fincher,Zendaya,South Korea,TV-MA,2022,"December 2, 2022",5 Seasons,TV Comedies,This is a placeholder description for the show or movie.
s1152,TV Show,Title_1152,Mike Flanagan,Shah Rukh Khan,United States,TV-MA,2013,"October 3, 2018",5 Seasons,Docuseries,This is a placeholder description for the show or movie.
s1153,TV Show,Title_1153,Greta Gerwig,Leonardo DiCaprio,Canada,R,2019,"January 15, 2023",1 Seasons,TV Comedies,This is a placeholder description for the show or movie.
s1154,TV Show,Title_1154,Greta Gerwig,Shah Rukh Khan,United States,TV-PG,2015,"July 20, 2022",1 Seasons,Docuseries,This is a placeholder description for the show or movie.
s1155,Movie,Title_1155,Bong Joon Ho,Millie Bobby Brown,United States,TV-MA,2016,"December 3, 2020",120 min,Dramas,This is a placeholder description for the show or movie.
s1156,TV Show,Title_1156,Mike Flanagan,"Zendaya, Shah Rukh Khan, Song Kang",United States,R,2023,"December 11, 2023",3 Seasons,International TV Shows,This is a placeholder description for the show or movie.
s1157,Movie,Title_1157,Mike Flanagan,"Song Kang, Zendaya",India,TV-PG,2011,"October 27, 2018",91 min,Action & Adventure,This is a placeholder description for the show or movie.
s1158,TV Show,Title_1158,Mike Flanagan,"Millie Bobby Brown, Shah Rukh Khan",United Kingdom,TV-14,2023,"July 8, 2023",5 Seasons,International TV Shows,This is a placeholder description for the show or movie.
s1159,TV Show,Title_1159,Martin Scorsese,Zendaya,United States,TV-MA,2012,"January 7, 2017",4 Seasons,International TV Shows,This is a placeholder description for the show or movie.
s1160,Movie,Title_1160,Martin Scorsese,"Leonardo DiCaprio, Zendaya",United States,R,2021,"October 8, 2022",141 min,Thrillers,This is a placeholder description for the show or movie.
s1161,TV Show,Title_1161,Bong Joon Ho,Zendaya,United States,TV-14,2018,"January 7, 2023",1 Seasons,Docuseries,This is a placeholder description for the show or movie.
s1162,Movie,Title_1162,Mike Flanagan,"Zendaya, Henry Cavill, Shah Rukh Khan",United Kingdom,PG-13,2022,"July 6, 2022",101 min,Comedies,This is a placeholder description for the show or movie.
s1163,Movie,Title_1163,nan,"Henry Cavill, Millie Bobby Brown, Leonardo DiCaprio",United Kingdom,TV-14,2013,"October 12, 2017",100 min,Documentaries,This is a placeholder description for the show or movie.
s1164,TV Show,Title_1164,Mike Flanagan,"Shah Rukh Khan, Millie Bobby Brown",United States,R,2019,"July 26, 2019",5 Seasons,TV Comedies,This is a placeholder description for the show or movie.
s1165,Movie,Title_1165,Greta Gerwig,"Zendaya, Song Kang, Henry Cavill",United States,TV-PG,2023,"January 6, 2023",122 min,Thrillers,This is a placeholder description for the show or movie.
s1166,TV Show,Title_1166,Greta Gerwig,Song Kang,South Korea,PG-13,2021,"October 22, 2021",1 Seasons,Crime TV Shows,This is a placeholder description for the show or movie.
s1167,TV Show,Title_1167,Bong Joon Ho,"Millie Bobby Brown, Henry Cavill, Leonardo DiCaprio",United States,PG-13,2014,"October 9, 2023",4 Seasons,International TV Shows,This is a placeholder description for the show or movie.
s1168,Movie,Title_1168,nan,"Millie Bobby Brown, Henry Cavill",United States,PG-13,2015,"January 27, 2023",110 min,Action & Adventure,This is a placeholder description for the show or movie.
s1169,Movie,Title_1169,Mike Flanagan,"Shah Rukh Khan, Millie Bobby Brown, Song Kang",United States,TV-MA,2020,"July 4, 2020",83 min,Action & Adventure,This is a placeholder description for the show or movie.
s1170,Movie,Title_1170,nan,"Song Kang, Millie Bobby Brown",India,R,2014,"December 19, 2019",118 min,Thrillers,This is a placeholder description for the show or movie.
s1171,Movie,Title_1171,Bong Joon Ho,"Leonardo DiCaprio, Henry Cavill, Shah Rukh Khan",India,PG-13,2018,"October 2, 2023",94 min,Thrillers,This is a placeholder description for the show or movie.
s1172,TV Show,Title_1172,Greta Gerwig,"Song Kang, Millie Bobby Brown, Shah Rukh Khan",United Kingdom,TV-14,2013,"October 9, 2019",1 Seasons,TV Comedies,This is a placeholder description for the show or movie.
s1173,Movie,Title_1173,Greta Gerwig,Song Kang,United States,TV-PG,2018,"July 16, 2021",136 min,Dramas,This is a placeholder description for the show or movie.
s1174,Movie,Title_1174,Martin Scorsese,Song Kang,Canada,R,2013,"December 21, 2016",139 min,Dramas,This is a placeholder description for the show or movie.
s1175,Movie,Title_1175,Bong Joon Ho,"Song Kang, Zendaya",United States,TV-14,2021,"October 24, 2021",143 min,Dramas,This is a placeholder description for the show or movie.
s1176,Movie,Title_1176,Bong Joon Ho,Leonardo DiCaprio,South Korea,TV-MA,2023,"December 6, 2023",116 min,Documentaries,This is a placeholder description for the show or movie.
s1177,TV Show,Title_1177,Mike Flanagan,"Zendaya, Leonardo DiCaprio, Henry Cavill",India,PG-13,2010,"July 25, 2018",4 Seasons,International TV Shows,This is a placeholder description for the show or movie.
s1178,Movie,Title_1178,Mike Flanagan,"Song Kang, Leonardo DiCaprio",India,TV-14,2019,"October 7, 2019",87 min,Documentaries,This is a placeholder description for the show or movie.
s1179,TV Show,Title_1179,Martin Scorsese,"Henry Cavill, Leonardo DiCaprio",United States,R,2018,"January 21, 2022",2 Seasons,TV Dramas,This is a placeholder description for the show or movie.
s1180,Movie,Title_1180,David Fincher,"Millie Bobby Brown, Shah Rukh Khan",United States,TV-14,2016,"October 5, 2017",93 min,Documentaries,This is a placeholder description for the show or movie.
s1181,TV Show,Title_1181,nan,"Zendaya, Song Kang, Shah Rukh Khan",India,TV-MA,2016,"July 27, 2023",2 Seasons,TV Comedies,This is a placeholder description for the show or movie.
s1182,Movie,Title_1182,David Fincher,Shah Rukh Khan,United Kingdom,TV-PG,2023,"October 23, 2023",125 min,Action & Adventure,This is a placeholder description for the show or movie.
s1183,Movie,Title_1183,David Fincher,Song Kang,United States,PG-13,2023,"July 20, 2023",104 min,Thrillers,This is a placeholder description for the show or movie.
s1184,TV Show,Title_1184,Bong Joon Ho,"Shah Rukh Khan, Henry Cavill, Zendaya",France,R,2022,"July 14, 2022",3 Seasons,TV Comedies,This is a placeholder description for the show or movie.
s1185,Movie,Title_1185,nan,Song Kang,France,PG-13,2009,"December 19, 2021",148 min,Thrillers,This is a placeholder description for the show or movie.
s1186,TV Show,Title_1186,Bong Joon Ho,"Song Kang, Henry Cavill",India,PG-13,2013,"October 22, 2015",2 Seasons,International TV Shows,This is a placeholder description for the show or movie.
s1187,TV Show,Title_1187,nan,"Millie Bobby Brown, Leonardo DiCaprio, Zendaya",France,PG-13,2011,"January 22, 2021",2 Seasons,Docuseries,This is a placeholder description for the show or movie.
s1188,Movie,Title_1188,Greta Gerwig,"Leonardo DiCaprio, Zendaya, Millie Bobby Brown",United States,TV-14,2018,"December 25, 2022",89 min,Documentaries,This is a placeholder description for the show or movie.
s1189,Movie,Title_1189,Bong Joon Ho,"Shah Rukh Khan, Millie Bobby Brown, Song Kang",United States,TV-14,2021,"December 20, 2021",133 min,Comedies,This is a placeholder description for the show or movie.
s1190,TV Show,Title_1190,Bong Joon Ho,"Shah Rukh Khan, Zendaya, Leonardo DiCaprio",United States,TV-PG,2017,"December 25, 2018",5 Seasons,Crime TV Shows,This is a placeholder description for the show or movie.
s1191,Movie,Title_1191,Bong Joon Ho,Shah Rukh Khan,India,TV-MA,2016,"December 23, 2017",108 min,Comedies,This is a placeholder description for the show or movie.
s1192,Movie,Title_1192,Martin Scorsese,Zendaya,United States,R,2019,"January 27, 2023",112 min,Dramas,This is a placeholder description for the show or movie.
s1193,Movie,Title_1193,Bong Joon Ho,"Zendaya, Henry Cavill, Leonardo DiCaprio",France,TV-14,2013,"October 17, 2023",93 min,Comedies,This is a placeholder description for the show or movie.
s1194,Movie,Title_1194,Mike Flanagan,"Leonardo DiCaprio, Millie Bobby Brown",United States,PG-13,2018,"October 4, 2020",138 min,Thrillers,This is a placeholder description for the show or movie.
s1195,Movie,Title_1195,Mike Flanagan,Shah Rukh Khan,United States,TV-MA,2009,"July 15, 2014",115 min,Thrillers,This is a placeholder description for the show or movie.
s1196,TV Show,Title_1196,nan,Zendaya,South Korea,R,2018,"July 17, 2022",3 Seasons,International TV Shows,This is a placeholder description for the show or movie.
s1197,TV Show,Title_1197,Greta Gerwig,"Leonardo DiCaprio, Henry Cavill",United States,R,2014,"July 15, 2023",4 Seasons,TV Comedies,This is a placeholder description for the show or movie.
s1198,TV Show,Title_1198,Martin Scorsese,Millie Bobby Brown,United States,R,2021,"December 14, 2021",2 Seasons,TV Dramas,This is a placeholder description for the show or movie.
s1199,TV Show,Title_1199,nan,Henry Cavill,United Kingdom,R,2018,"January 23, 2023",5 Seasons,Crime TV Shows,This is a placeholder description for the show or movie.
s1200,Movie,Title_1200,Mike Flanagan,"Zendaya, Henry Cavill, Shah Rukh Khan",United States,TV-PG,2011,"October 1, 2021",103 min,Dramas,This is a placeholder description for the show or movie.
s1201,TV Show,Title_1201,Martin Scorsese,"Henry Cavill, Song Kang, Millie Bobby Brown",United States,R,2016,"January 7, 2022",5 Seasons,Crime TV Shows,This is a placeholder description for the show or movie.
s1202,Movie,Title_1202,Martin Scorsese,"Millie Bobby Brown, Zendaya",United States,TV-MA,2023,"December 10, 2023",119 min,Action & Adventure,This is a placeholder description for the show or movie.
s1203,Movie,Title_1203,Greta Gerwig,"Millie Bobby Brown, Song Kang",India,TV-14,2023,"October 15, 2023",118 min,Comedies,This is a placeholder description for the show or movie.
s1204,Movie,Title_1204,Martin Scorsese,"Millie Bobby Brown, Henry Cavill, Zendaya",France,TV-MA,2018,"January 25, 2022",115 min,Thrillers,This is a placeholder description for the show or movie.
s1205,Movie,Title_1205,Bong Joon Ho,"Henry Cavill, Leonardo DiCaprio, Shah Rukh Khan",South Korea,PG-13,2015,"January 9, 2020",141 min,Action & Adventure,This is a placeholder description for the show or movie.
s1206,TV Show,Title_1206,Martin Scorsese,"Song Kang, Leonardo DiCaprio",United States,TV-PG,2017,"January 4, 2022",5 Seasons,International TV Shows,This is a placeholder description for the show or movie.
s1207,TV Show,Title_1207,Greta Gerwig,"Henry Cavill, Millie Bobby Brown",United States,TV-PG,2023,"December 7, 2023",1 Seasons,International TV Shows,This is a placeholder description for the show or movie.
s1208,Movie,Title_1208,nan,Leonardo DiCaprio,India,PG-13,2023,"October 26, 2023",146 min,Documentaries,This is a placeholder description for the show or movie.
s1209,Movie,Title_1209,Greta Gerwig,Millie Bobby Brown,France,TV-MA,2022,"December 9, 2022",105 min,Documentaries,This is a placeholder description for the show or movie.
s1210,TV Show,Title_1210,Greta Gerwig,"Shah Rukh Khan, Leonardo DiCaprio",United States,TV-MA,2014,"October 24, 2017",4 Seasons,TV Comedies,This is a placeholder description for the show or movie.
s1211,Movie,Title_1211,Mike Flanagan,"Leonardo DiCaprio, Shah Rukh Khan, Zendaya",United States,PG-13,2022,"January 17, 2022",124 min,Thrillers,This is a placeholder description for the show or movie.
s1212,Movie,Title_1212,Bong Joon Ho,"Henry Cavill, Millie Bobby Brown",Canada,R,2021,"July 15, 2021",98 min,Dramas,This is a placeholder description for the show or movie.
s1213,Movie,Title_1213,Mike Flanagan,"Song Kang, Shah Rukh Khan, Leonardo DiCaprio",France,R,2022,"July 18, 2022",99 min,Dramas,This is a placeholder description for the show or movie.
s1214,TV Show,Title_1214,nan,Millie Bobby Brown,United States,TV-14,2023,"December 16, 2023",1 Seasons,TV Dramas,This is a placeholder description for the show or movie.
s1215,TV Show,Title_1215,David Fincher,Leonardo DiCaprio,United States,TV-MA,2023,"January 10, 2023",5 Seasons,Crime TV Shows,This is a placeholder description for the show or movie.
s1216,Movie,Title_1216,nan,"Song Kang, Millie Bobby Brown, Henry Cavill",United States,TV-MA,2018,"October 13, 2018",139 min,Action & Adventure,This is a placeholder description for the show or movie.
s1217,Movie,Title_1217,Bong Joon Ho,Song Kang,United States,PG-13,2012,"July 11, 2013",99 min,Dramas,This is a placeholder description for the show or movie.
s1218,TV Show,Title_1218,Martin Scorsese,"Song Kang, Leonardo DiCaprio",United Kingdom,PG-13,2012,"January 6, 2020",5 Seasons,International TV Shows,This is a placeholder description for the show or movie.
s1219,TV Show,Title_1219,Greta Gerwig,Shah Rukh Khan,United Kingdom,R,2015,"December 10, 2019",1 Seasons,TV Dramas,This is a placeholder description for the show or movie.
s1220,Movie,Title_1220,David Fincher,"Song Kang, Shah Rukh Khan",United Kingdom,TV-MA,2020,"October 6, 2020",116 min,Thrillers,This is a placeholder description for the show or movie.
s1221,TV Show,Title_1221,Bong Joon Ho,"Henry Cavill, Millie Bobby Brown",United States,TV-MA,2012,"December 7, 2019",2 Seasons,TV Dramas,This is a placeholder description for the show or movie.
s1222,Movie,Title_1222,Mike Flanagan,"Henry Cavill, Song Kang",United States,TV-PG,2013,"January 15, 2019",146 min,Dramas,This is a placeholder description for the show or movie.
s1223,Movie,Title_1223,Greta Gerwig,"Shah Rukh Khan, Song Kang, Henry Cavill",United States,TV-14,2023,"July 20, 2023",89 min,Action & Adventure,This is a placeholder description for the show or movie.
s1224,TV Show,Title_1224,nan,"Shah Rukh Khan, Henry Cavill",United States,TV-14,2023,"July 15, 2023",5 Seasons,Docuseries,This is a placeholder description for the show or movie.
s1225,Movie,Title_1225,Mike Flanagan,Millie Bobby Brown,South Korea,R,2015,"December 8, 2016",144 min,Dramas,This is a placeholder description for the show or movie.
s1226,Movie,Title_1226,Bong Joon Ho,"Shah Rukh Khan, Leonardo DiCaprio, Millie Bobby Brown",United States,TV-MA,2017,"January 8, 2023",103 min,Documentaries,This is a placeholder description for the show or movie.
s1227,Movie,Title_1227,Bong Joon Ho,"Henry Cavill, Song Kang, Leonardo DiCaprio",United States,TV-PG,2015,"December 22, 2022",101 min,Thrillers,This is a placeholder description for the show or movie.
s1228,Movie,Title_1228,nan,"Zendaya, Henry Cavill, Millie Bobby Brown",United States,TV-MA,2023,"January 9, 2023",108 min,Thrillers,This is a placeholder description for the show or movie.
s1229,TV Show,Title_1229,David Fincher,"Shah Rukh Khan, Henry Cavill",India,PG-13,2014,"July 14, 2022",4 Seasons,Crime TV Shows,This is a placeholder description for the show or movie.
s1230,Movie,Title_1230,nan,"Millie Bobby Brown, Song Kang",India,R,2018,"January 28, 2018",139 min,Documentaries,This is a placeholder description for the show or movie.
s1231,TV Show,Title_1231,Martin Scorsese,Millie Bobby Brown,South Korea,TV-14,2016,"July 13, 2019",2 Seasons,Crime TV Shows,This is a placeholder description for the show or movie.
s1232,Movie,Title_1232,Mike Flanagan,"Song Kang, Leonardo DiCaprio",United States,TV-MA,2010,"January 20, 2022",107 min,Action & Adventure,This is a placeholder description for the show or movie.
s1233,Movie,Title_1233,David Fincher,Henry Cavill,Canada,R,2015,"January 13, 2015",140 min,Thrillers,This is a placeholder description for the show or movie.
s1234,Movie,Title_1234,Greta Gerwig,"Song Kang, Millie Bobby Brown",United States,TV-14,2017,"October 10, 2017",109 min,Thrillers,This is a placeholder description for the show or movie.
s1235,TV Show,Title_1235,Martin Scorsese,"Song Kang, Zendaya",United States,TV-MA,2023,"January 6, 2023",2 Seasons,TV Dramas,This is a placeholder description for the show or movie.
s1236,Movie,Title_1236,David Fincher,"Zendaya, Millie Bobby Brown",France,TV-PG,2012,"January 21, 2021",116 min,Comedies,This is a placeholder description for the show or movie.
s1237,TV Show,Title_1237,Mike Flanagan,"Henry Cavill, Millie Bobby Brown, Zendaya",United States,R,2014,"October 23, 2017",4 Seasons,TV Comedies,This is a placeholder description for the show or movie.
s1238,Movie,Title_1238,Bong Joon Ho,Leonardo DiCaprio,United Kingdom,TV-MA,2020,"October 28, 2020",139 min,Comedies,This is a placeholder description for the show or movie.
s1239,TV Show,Title_1239,Greta Gerwig,"Henry Cavill, Song Kang, Zendaya",United States,TV-14,2010,"July 13, 2023",4 Seasons,International TV Shows,This is a placeholder description for the show or movie.
s1240,Movie,Title_1240,nan,"Millie Bobby Brown, Henry Cavill, Leonardo DiCaprio",India,TV-14,2020,"July 12, 2020",145 min,Dramas,This is a placeholder description for the show or movie.
s1241,TV Show,Title_1241,Mike Flanagan,Zendaya,South Korea,TV-PG,2017,"October 6, 2021",4 Seasons,TV Comedies,This is a placeholder description for the show or movie.
s1242,TV Show,Title_1242,Martin Scorsese,"Henry Cavill, Shah Rukh Khan",Japan,R,2022,"December 19, 2022",2 Seasons,Crime TV Shows,This is a placeholder description for the show or movie.
s1243,TV Show,Title_1243,Martin Scorsese,"Song Kang, Zendaya",South Korea,R,2019,"December 22, 2019",1 Seasons,Docuseries,This is a placeholder description for the show or movie.
s1244,TV Show,Title_1244,Bong Joon Ho,Millie Bobby Brown,India,TV-MA,2017,"July 28, 2020",5 Seasons,International TV Shows,This is a placeholder description for the show or movie.
s1245,TV Show,Title_1245,Bong Joon Ho,Millie Bobby Brown,United States,TV-14,2017,"October 20, 2022",5 Seasons,TV Comedies,This is a placeholder description for the show or movie.
s1246,Movie,Title_1246,Greta Gerwig,Song Kang,United Kingdom,TV-14,2020,"July 8, 2020",119 min,Thrillers,This is a placeholder description for the show or movie.
s1247,Movie,Title_1247,nan,"Shah Rukh Khan, Henry Cavill",Canada,TV-PG,2011,"December 26, 2018",145 min,Thrillers,This is a placeholder description for the show or movie.
s1248,Movie,Title_1248,Greta Gerwig,"Shah Rukh Khan, Song Kang",United States,TV-PG,2023,"July 14, 2023",113 min,Dramas,This is a placeholder description for the show or movie.
s1249,TV Show,Title_1249,Bong Joon Ho,Zendaya,India,R,2016,"July 4, 2018",3 Seasons,TV Comedies,This is a placeholder description for the show or movie.
s1250,Movie,Title_1250,Bong Joon Ho,"Zendaya, Millie Bobby Brown",South Korea,TV-14,2015,"January 28, 2020",141 min,Action & Adventure,This is a placeholder description for the show or movie.
s1251,TV Show,Title_1251,Martin Scorsese,"Henry Cavill, Shah Rukh Khan, Zendaya",India,TV-MA,2023,"July 24, 2023",2 Seasons,TV Dramas,This is a placeholder description for the show or movie.
s1252,Movie,Title_1252,Bong Joon Ho,Leonardo DiCaprio,United States,PG-13,2013,"January 15, 2023",133 min,Action & Adventure,This is a placeholder description for the show or movie.
s1253,Movie,Title_1253,David Fincher,Shah Rukh Khan,Japan,TV-MA,2018,"July 5, 2018",133 min,Documentaries,This is a placeholder description for the show or movie.
s1254,Movie,Title_1254,Mike Flanagan,Zendaya,United States,TV-PG,2023,"December 18, 2023",149 min,Thrillers,This is a placeholder description for the show or movie.
s1255,TV Show,Title_1255,Bong Joon Ho,"Zendaya, Millie Bobby Brown",United States,TV-MA,2023,"July 19, 2023",3 Seasons,TV Dramas,This is a placeholder description for the show or movie.
s1256,Movie,Title_1256,Greta Gerwig,"Shah Rukh Khan, Zendaya, Song Kang",United Kingdom,TV-14,2023,"December 10, 2023",134 min,Thrillers,This is a placeholder description for the show or movie.
s1257,Movie,Title_1257,nan,Shah Rukh Khan,United States,R,2023,"October 7, 2023",125 min,Thrillers,This is a placeholder description for the show or movie.
s1258,Movie,Title_1258,nan,"Song Kang, Henry Cavill, Zendaya",Canada,PG-13,2012,"January 2, 2023",81 min,Dramas,This is a placeholder description for the show or movie.
s1259,Movie,Title_1259,nan,"Leonardo DiCaprio, Millie Bobby Brown, Shah Rukh Khan",United States,R,2010,"December 4, 2016",124 min,Thrillers,This is a placeholder description for the show or movie.
s1260,Movie,Title_1260,David Fincher,"Zendaya, Millie Bobby Brown",United States,PG-13,2013,"January 11, 2021",133 min,Comedies,This is a placeholder description for the show or movie.
s1261,Movie,Title_1261,Greta Gerwig,"Shah Rukh Khan, Zendaya, Millie Bobby Brown",United States,PG-13,2018,"October 20, 2019",86 min,Dramas,This is a placeholder description for the show or movie.
s1262,TV Show,Title_1262,David Fincher,"Leonardo DiCaprio, Henry Cavill",France,TV-14,2018,"January 26, 2021",5 Seasons,International TV Shows,This is a placeholder description for the show or movie.
s1263,Movie,Title_1263,Bong Joon Ho,"Leonardo DiCaprio, Zendaya, Henry Cavill",India,TV-14,2021,"October 5, 2023",121 min,Dramas,This is a placeholder description for the show or movie.
s1264,Movie,Title_1264,Mike Flanagan,Song Kang,United States,TV-PG,2023,"October 7, 2023",96 min,Action & Adventure,This is a placeholder description for the show or movie.
s1265,Movie,Title_1265,nan,"Henry Cavill, Zendaya",United States,TV-PG,2015,"January 17, 2021",83 min,Action & Adventure,This is a placeholder description for the show or movie.
s1266,Movie,Title_1266,Greta Gerwig,Leonardo DiCaprio,United States,PG-13,2012,"July 20, 2017",101 min,Documentaries,This is a placeholder description for the show or movie.
s1267,Movie,Title_1267,nan,Zendaya,India,TV-PG,2022,"January 1, 2022",85 min,Thrillers,This is a placeholder description for the show or movie.
s1268,Movie,Title_1268,David Fincher,"Millie Bobby Brown, Leonardo DiCaprio",United States,TV-14,2011,"December 14, 2015",97 min,Documentaries,This is a placeholder description for the show or movie.
s1269,Movie,Title_1269,Martin Scorsese,Shah Rukh Khan,India,TV-PG,2018,"January 12, 2023",106 min,Thrillers,This is a placeholder description for the show or movie.
s1270,Movie,Title_1270,Bong Joon Ho,"Zendaya, Millie Bobby Brown",India,PG-13,2023,"July 7, 2023",119 min,Dramas,This is a placeholder description for the show or movie.
s1271,TV Show,Title_1271,Mike Flanagan,"Millie Bobby Brown, Zendaya, Henry Cavill",South Korea,R,2023,"October 19, 2023",5 Seasons,TV Comedies,This is a placeholder description for the show or movie.
s1272,TV Show,Title_1272,Bong Joon Ho,"Zendaya, Millie Bobby Brown",United Kingdom,TV-MA,2017,"December 16, 2017",2 Seasons,TV Comedies,This is a placeholder description for the show or movie.
s1273,TV Show,Title_1273,Martin Scorsese,"Millie Bobby Brown, Leonardo DiCaprio",India,TV-PG,2015,"October 14, 2022",4 Seasons,International TV Shows,This is a placeholder description for the show or movie.
s1274,Movie,Title_1274,Mike Flanagan,"Leonardo DiCaprio, Song Kang, Zendaya",United States,TV-14,2023,"December 1, 2023",137 min,Action & Adventure,This is a placeholder description for the show or movie.
s1275,Movie,Title_1275,Martin Scorsese,Henry Cavill,Canada,R,2020,"October 18, 2023",104 min,Documentaries,This is a placeholder description for the show or movie.
s1276,Movie,Title_1276,Bong Joon Ho,"Song Kang, Leonardo DiCaprio, Henry Cavill",Canada,TV-14,2018,"December 19, 2018",138 min,Dramas,This is a placeholder description for the show or movie.
s1277,Movie,Title_1277,David Fincher,"Millie Bobby Brown, Zendaya, Shah Rukh Khan",United States,TV-PG,2019,"July 18, 2022",123 min,Comedies,This is a placeholder description for the show or movie.
s1278,TV Show,Title_1278,Bong Joon Ho,"Zendaya, Henry Cavill, Millie Bobby Brown",France,PG-13,2013,"October 5, 2019",4 Seasons,TV Comedies,This is a placeholder description for the show or movie.
s1279,Movie,Title_1279,Bong Joon Ho,Millie Bobby Brown,United States,TV-MA,2012,"October 10, 2012",97 min,Comedies,This is a placeholder description for the show or movie.
s1280,Movie,Title_1280,Bong Joon Ho,"Henry Cavill, Song Kang",United States,TV-MA,2023,"October 10, 2023",112 min,Dramas,This is a placeholder description for the show or movie.
s1281,Movie,Title_1281,Greta Gerwig,"Song Kang, Henry Cavill, Shah Rukh Khan",United States,R,2023,"January 28, 2023",140 min,Comedies,This is a placeholder description for the show or movie.
s1282,TV Show,Title_1282,Martin Scorsese,"Leonardo DiCaprio, Henry Cavill",France,TV-MA,2016,"January 20, 2019",5 Seasons,TV Comedies,This is a placeholder description for the show or movie.
s1283,Movie,Title_1283,Martin Scorsese,"Leonardo DiCaprio, Millie Bobby Brown",India,PG-13,2020,"July 28, 2022",98 min,Comedies,This is a placeholder description for the show or movie.
s1284,Movie,Title_1284,nan,"Leonardo DiCaprio, Song Kang",South Korea,TV-14,2019,"October 1, 2023",149 min,Thrillers,This is a placeholder description for the show or movie.
s1285,Movie,Title_1285,Martin Scorsese,"Leonardo DiCaprio, Song Kang",United States,PG-13,2016,"October 18, 2017",148 min,Dramas,This is a placeholder description for the show or movie.
s1286,Movie,Title_1286,nan,Song Kang,India,R,2017,"October 26, 2020",141 min,Action & Adventure,This is a placeholder description for the show or movie.
s1287,Movie,Title_1287,Greta Gerwig,"Song Kang, Leonardo DiCaprio, Henry Cavill",United States,R,2011,"December 24, 2015",142 min,Thrillers,This is a placeholder description for the show or movie.
s1288,Movie,Title_1288,David Fincher,Shah Rukh Khan,South Korea,TV-MA,2020,"January 17, 2020",148 min,Documentaries,This is a placeholder description for the show or movie.
s1289,Movie,Title_1289,nan,Millie Bobby Brown,United States,PG-13,2017,"December 4, 2018",115 min,Documentaries,This is a placeholder description for the show or movie.
s1290,Movie,Title_1290,Bong Joon Ho,"Leonardo DiCaprio, Henry Cavill",United States,TV-14,2023,"October 7, 2023",117 min,Documentaries,This is a placeholder description for the show or movie.
s1291,Movie,Title_1291,David Fincher,Zendaya,United States,PG-13,2011,"July 21, 2018",104 min,Thrillers,This is a placeholder description for the show or movie.
s1292,Movie,Title_1292,Greta Gerwig,"Shah Rukh Khan, Millie Bobby Brown",Japan,TV-14,2022,"December 2, 2022",110 min,Thrillers,This is a placeholder description for the show or movie.
s1293,Movie,Title_1293,Martin Scorsese,"Leonardo DiCaprio, Song Kang, Zendaya",India,TV-14,2017,"December 19, 2017",143 min,Dramas,This is a placeholder description for the show or movie.
s1294,TV Show,Title_1294,nan,"Song Kang, Millie Bobby Brown, Shah Rukh Khan",India,PG-13,2014,"January 6, 2018",2 Seasons,Docuseries,This is a placeholder description for the show or movie.
s1295,TV Show,Title_1295,Bong Joon Ho,"Shah Rukh Khan, Leonardo DiCaprio",India,TV-PG,2019,"October 10, 2023",3 Seasons,TV Dramas,This is a placeholder description for the show or movie.
s1296,Movie,Title_1296,Mike Flanagan,Zendaya,France,PG-13,2014,"January 1, 2016",89 min,Documentaries,This is a placeholder description for the show or movie.
s1297,Movie,Title_1297,Mike Flanagan,"Zendaya, Song Kang",Japan,TV-14,2017,"October 7, 2023",108 min,Thrillers,This is a placeholder description for the show or movie.
s1298,Movie,Title_1298,David Fincher,"Song Kang, Zendaya",Canada,R,2010,"January 2, 2023",112 min,Action & Adventure,This is a placeholder description for the show or movie.
s1299,Movie,Title_1299,Martin Scorsese,"Leonardo DiCaprio, Shah Rukh Khan",United States,R,2017,"December 12, 2017",95 min,Thrillers,This is a placeholder description for the show or movie.
s1300,TV Show,Title_1300,Mike Flanagan,Henry Cavill,United States,TV-MA,2009,"January 7, 2022",2 Seasons,TV Dramas,This is a placeholder description for the show or movie.
s1301,Movie,Title_1301,David Fincher,"Song Kang, Leonardo DiCaprio",France,R,2017,"October 18, 2020",136 min,Action & Adventure,This is a placeholder description for the show or movie.
s1302,TV Show,Title_1302,Greta Gerwig,"Shah Rukh Khan, Millie Bobby Brown, Song Kang",India,TV-PG,2013,"October 22, 2019",4 Seasons,Docuseries,This is a placeholder description for the show or movie.
s1303,Movie,Title_1303,David Fincher,"Shah Rukh Khan, Zendaya",United States,TV-14,2015,"July 28, 2019",121 min,Thrillers,This is a placeholder description for the show or movie.
s1304,Movie,Title_1304,David Fincher,Shah Rukh Khan,India,PG-13,2014,"October 18, 2015",127 min,Action & Adventure,This is a placeholder description for the show or movie.
s1305,TV Show,Title_1305,David Fincher,"Millie Bobby Brown, Henry Cavill",France,PG-13,2023,"January 14, 2023",5 Seasons,TV Comedies,This is a placeholder description for the show or movie.
s1306,TV Show,Title_1306,Bong Joon Ho,"Shah Rukh Khan, Leonardo DiCaprio, Song Kang",United States,TV-PG,2018,"July 10, 2018",2 Seasons,TV Dramas,This is a placeholder description for the show or movie.
s1307,TV Show,Title_1307,David Fincher,"Zendaya, Song Kang",India,R,2008,"October 6, 2020",4 Seasons,Docuseries,This is a placeholder description for the show or movie.
s1308,TV Show,Title_1308,nan,"Zendaya, Song Kang",South Korea,TV-14,2018,"July 19, 2023",5 Seasons,Docuseries,This is a placeholder description for the show or movie.
s1309,Movie,Title_1309,David Fincher,"Henry Cavill, Shah Rukh Khan",India,R,2019,"October 28, 2019",86 min,Documentaries,This is a placeholder description for the show or movie.
s1310,TV Show,Title_1310,Bong Joon Ho,"Henry Cavill, Millie Bobby Brown, Zendaya",United States,TV-MA,2013,"October 15, 2023",1 Seasons,International TV Shows,This is a placeholder description for the show or movie.
s1311,Movie,Title_1311,Bong Joon Ho,"Millie Bobby Brown, Zendaya",France,R,2022,"October 25, 2022",93 min,Comedies,This is a placeholder description for the show or movie.
s1312,TV Show,Title_1312,Greta Gerwig,Millie Bobby Brown,France,TV-MA,2018,"October 9, 2020",4 Seasons,TV Dramas,This is a placeholder description for the show or movie.
s1313,Movie,Title_1313,Martin Scorsese,"Henry Cavill, Shah Rukh Khan, Zendaya",South Korea,PG-13,2016,"January 5, 2022",122 min,Thrillers,This is a placeholder description for the show or movie.
s1314,TV Show,Title_1314,Mike Flanagan,"Song Kang, Millie Bobby Brown, Shah Rukh Khan",United Kingdom,TV-14,2022,"December 11, 2022",3 Seasons,International TV Shows,This is a placeholder description for the show or movie.
s1315,Movie,Title_1315,Mike Flanagan,Henry Cavill,United States,TV-MA,2016,"July 14, 2023",137 min,Comedies,This is a placeholder description for the show or movie.
s1316,Movie,Title_1316,David Fincher,"Shah Rukh Khan, Leonardo DiCaprio, Song Kang",France,R,2022,"October 1, 2022",148 min,Comedies,This is a placeholder description for the show or movie.
s1317,Movie,Title_1317,Greta Gerwig,Leonardo DiCaprio,United States,R,2009,"July 19, 2021",135 min,Dramas,This is a placeholder description for the show or movie.
s1318,TV Show,Title_1318,David Fincher,"Millie Bobby Brown, Zendaya",South Korea,PG-13,2021,"January 3, 2021",2 Seasons,TV Dramas,This is a placeholder description for the show or movie.
s1319,Movie,Title_1319,Mike Flanagan,"Song Kang, Shah Rukh Khan, Millie Bobby Brown",France,TV-PG,2019,"July 2, 2019",86 min,Comedies,This is a placeholder description for the show or movie.
s1320,Movie,Title_1320,Bong Joon Ho,"Henry Cavill, Leonardo DiCaprio",United Kingdom,TV-PG,2016,"October 22, 2017",129 min,Dramas,This is a placeholder description for the show or movie.
s1321,Movie,Title_1321,Martin Scorsese,"Song Kang, Shah Rukh Khan, Zendaya",South Korea,R,2017,"October 6, 2023",91 min,Comedies,This is a placeholder description for the show or movie.
s1322,Movie,Title_1322,Greta Gerwig,"Zendaya, Shah Rukh Khan, Leonardo DiCaprio",South Korea,TV-PG,2015,"October 28, 2022",135 min,Dramas,This is a placeholder description for the show or movie.
s1323,TV Show,Title_1323,Bong Joon Ho,"Leonardo DiCaprio, Shah Rukh Khan",United States,TV-14,2013,"January 7, 2022",5 Seasons,International TV Shows,This is a placeholder description for the show or movie.
s1324,Movie,Title_1324,Martin Scorsese,Shah Rukh Khan,United Kingdom,TV-PG,2018,"October 1, 2021",120 min,Thrillers,This is a placeholder description for the show or movie.
s1325,TV Show,Title_1325,Greta Gerwig,"Leonardo DiCaprio, Millie Bobby Brown, Shah Rukh Khan",United States,TV-14,2018,"July 10, 2021",5 Seasons,TV Comedies,This is a placeholder description for the show or movie.
s1326,Movie,Title_1326,Greta Gerwig,"Zendaya, Millie Bobby Brown",India,R,2005,"January 7, 2015",139 min,Dramas,This is a placeholder description for the show or movie.
s1327,Movie,Title_1327,Mike Flanagan,Henry Cavill,United States,R,2020,"January 16, 2020",133 min,Action & Adventure,This is a placeholder description for the show or movie.
s1328,TV Show,Title_1328,Bong Joon Ho,Shah Rukh Khan,India,R,2015,"January 19, 2019",3 Seasons,Docuseries,This is a placeholder description for the show or movie.
s1329,TV Show,Title_1329,Greta Gerwig,"Zendaya, Song Kang, Leonardo DiCaprio",South Korea,PG-13,2013,"October 24, 2017",5 Seasons,TV Dramas,This is a placeholder description for the show or movie.
s1330,Movie,Title_1330,nan,Millie Bobby Brown,France,TV-PG,2019,"October 5, 2023",87 min,Documentaries,This is a placeholder description for the show or movie.
s1331,Movie,Title_1331,Greta Gerwig,"Leonardo DiCaprio, Shah Rukh Khan",United States,TV-MA,2013,"January 5, 2018",142 min,Thrillers,This is a placeholder description for the show or movie.
s1332,TV Show,Title_1332,Martin Scorsese,"Song Kang, Shah Rukh Khan, Zendaya",India,TV-MA,2014,"January 5, 2014",5 Seasons,Docuseries,This is a placeholder description for the show or movie.
s1333,Movie,Title_1333,Mike Flanagan,"Leonardo DiCaprio, Shah Rukh Khan, Millie Bobby Brown",India,R,2018,"July 10, 2022",85 min,Action & Adventure,This is a placeholder description for the show or movie.
s1334,TV Show,Title_1334,David Fincher,"Song Kang, Zendaya",France,TV-PG,2023,"December 26, 2023",5 Seasons,Crime TV Shows,This is a placeholder description for the show or movie.
s1335,TV Show,Title_1335,Mike Flanagan,"Millie Bobby Brown, Zendaya, Henry Cavill",India,TV-14,2011,"December 22, 2020",1 Seasons,TV Dramas,This is a placeholder description for the show or movie.
s1336,TV Show,Title_1336,David Fincher,"Shah Rukh Khan, Henry Cavill, Millie Bobby Brown",United Kingdom,TV-MA,2022,"January 23, 2022",3 Seasons,TV Comedies,This is a placeholder description for the show or movie.
s1337,Movie,Title_1337,Bong Joon Ho,"Henry Cavill, Millie Bobby Brown",France,R,2019,"October 8, 2023",119 min,Documentaries,This is a placeholder description for the show or movie.
s1338,TV Show,Title_1338,Bong Joon Ho,"Henry Cavill, Zendaya",United States,TV-MA,2014,"January 14, 2019",3 Seasons,TV Dramas,This is a placeholder description for the show or movie.
s1339,Movie,Title_1339,Greta Gerwig,"Zendaya, Leonardo DiCaprio, Henry Cavill",France,TV-MA,2023,"July 23, 2023",124 min,Thrillers,This is a placeholder description for the show or movie.
s1340,Movie,Title_1340,nan,Leonardo DiCaprio,France,TV-MA,2011,"July 22, 2017",124 min,Thrillers,This is a placeholder description for the show or movie.
s1341,Movie,Title_1341,Bong Joon Ho,"Zendaya, Leonardo DiCaprio",France,R,2013,"January 2, 2021",124 min,Action & Adventure,This is a placeholder description for the show or movie.
s1342,Movie,Title_1342,Greta Gerwig,"Leonardo DiCaprio, Song Kang, Millie Bobby Brown",United States,R,2013,"December 5, 2020",123 min,Thrillers,This is a placeholder description for the show or movie.
s1343,TV Show,Title_1343,Mike Flanagan,Henry Cavill,India,PG-13,2014,"October 18, 2014",4 Seasons,International TV Shows,This is a placeholder description for the show or movie.
s1344,TV Show,Title_1344,Bong Joon Ho,Shah Rukh Khan,Japan,PG-13,2019,"January 21, 2020",2 Seasons,TV Comedies,This is a placeholder description for the show or movie.
s1345,TV Show,Title_1345,Mike Flanagan,"Henry Cavill, Zendaya",United States,PG-13,2020,"July 6, 2020",5 Seasons,Crime TV Shows,This is a placeholder description for the show or movie.
s1346,Movie,Title_1346,Mike Flanagan,"Song Kang, Zendaya",United Kingdom,TV-MA,2014,"December 24, 2021",88 min,Dramas,This is a placeholder description for the show or movie.
s1347,Movie,Title_1347,nan,"Henry Cavill, Leonardo DiCaprio, Shah Rukh Khan",United States,TV-PG,2023,"December 21, 2023",84 min,Comedies,This is a placeholder description for the show or movie.
s1348,Movie,Title_1348,Bong Joon Ho,"Leonardo DiCaprio, Shah Rukh Khan, Millie Bobby Brown",United States,R,2020,"January 24, 2020",123 min,Documentaries,This is a placeholder description for the show or movie.
s1349,TV Show,Title_1349,Mike Flanagan,Song Kang,India,PG-13,2010,"October 6, 2022",2 Seasons,Crime TV Shows,This is a placeholder description for the show or movie.
s1350,Movie,Title_1350,nan,Zendaya,India,TV-PG,2022,"January 17, 2022",132 min,Thrillers,This is a placeholder description for the show or movie.
s1351,TV Show,Title_1351,nan,"Henry Cavill, Song Kang",United States,PG-13,2017,"July 21, 2021",4 Seasons,TV Comedies,This is a placeholder description for the show or movie.
s1352,Movie,Title_1352,Bong Joon Ho,Shah Rukh Khan,India,PG-13,2022,"January 20, 2023",120 min,Thrillers,This is a placeholder description for the show or movie.
s1353,Movie,Title_1353,nan,Leonardo DiCaprio,India,TV-PG,2022,"December 19, 2022",82 min,Thrillers,This is a placeholder description for the show or movie.
s1354,TV Show,Title_1354,Bong Joon Ho,"Henry Cavill, Leonardo DiCaprio, Zendaya",United Kingdom,PG-13,2011,"October 13, 2020",5 Seasons,TV Dramas,This is a placeholder description for the show or movie.
s1355,Movie,Title_1355,Bong Joon Ho,Millie Bobby Brown,United Kingdom,TV-MA,2019,"October 9, 2022",90 min,Action & Adventure,This is a placeholder description for the show or movie.
s1356,TV Show,Title_1356,David Fincher,Zendaya,India,TV-MA,2023,"October 11, 2023",2 Seasons,TV Dramas,This is a placeholder description for the show or movie.
s1357,TV Show,Title_1357,Mike Flanagan,Zendaya,India,TV-MA,2023,"December 11, 2023",5 Seasons,Crime TV Shows,This is a placeholder description for the show or movie.
s1358,Movie,Title_1358,Martin Scorsese,Millie Bobby Brown,United States,TV-14,2020,"July 15, 2020",94 min,Thrillers,This is a placeholder description for the show or movie.
s1359,Movie,Title_1359,Bong Joon Ho,"Shah Rukh Khan, Millie Bobby Brown",India,PG-13,2008,"January 4, 2019",109 min,Thrillers,This is a placeholder description for the show or movie.
s1360,Movie,Title_1360,Mike Flanagan,"Millie Bobby Brown, Zendaya, Henry Cavill",India,TV-14,2010,"July 11, 2019",88 min,Comedies,This is a placeholder description for the show or movie.
s1361,TV Show,Title_1361,nan,"Song Kang, Zendaya",India,R,2018,"July 22, 2023",4 Seasons,Docuseries,This is a placeholder description for the show or movie.
s1362,Movie,Title_1362,Greta Gerwig,Millie Bobby Brown,United States,TV-PG,2010,"July 12, 2022",118 min,Documentaries,This is a placeholder description for the show or movie.
s1363,Movie,Title_1363,Bong Joon Ho,"Leonardo DiCaprio, Shah Rukh Khan, Zendaya",Canada,R,2018,"January 5, 2023",137 min,Comedies,This is a placeholder description for the show or movie.
s1364,Movie,Title_1364,nan,"Shah Rukh Khan, Leonardo DiCaprio, Zendaya",United States,TV-14,2015,"October 16, 2016",145 min,Comedies,This is a placeholder description for the show or movie.
s1365,TV Show,Title_1365,nan,Millie Bobby Brown,France,TV-MA,2011,"October 20, 2016",5 Seasons,International TV Shows,This is a placeholder description for the show or movie.
s1366,Movie,Title_1366,nan,"Zendaya, Song Kang",United States,PG-13,2020,"January 7, 2023",129 min,Comedies,This is a placeholder description for the show or movie.
s1367,TV Show,Title_1367,nan,Shah Rukh Khan,France,PG-13,2015,"October 24, 2021",5 Seasons,Crime TV Shows,This is a placeholder description for the show or movie.
s1368,TV Show,Title_1368,nan,"Leonardo DiCaprio, Millie Bobby Brown, Song Kang",India,TV-MA,2010,"December 28, 2020",4 Seasons,Crime TV Shows,This is a placeholder description for the show or movie.
s1369,Movie,Title_1369,Bong Joon Ho,"Zendaya, Millie Bobby Brown, Song Kang",India,PG-13,2021,"July 18, 2021",106 min,Thrillers,This is a placeholder description for the show or movie.
s1370,Movie,Title_1370,Martin Scorsese,"Song Kang, Leonardo DiCaprio, Shah Rukh Khan",United States,TV-PG,2016,"July 20, 2022",122 min,Comedies,This is a placeholder description for the show or movie.
s1371,TV Show,Title_1371,David Fincher,"Zendaya, Song Kang, Leonardo DiCaprio",United States,TV-PG,2003,"January 1, 2023",5 Seasons,International TV Shows,This is a placeholder description for the show or movie.
s1372,Movie,Title_1372,nan,"Song Kang, Zendaya",United States,TV-PG,2019,"July 4, 2022",118 min,Comedies,This is a placeholder description for the show or movie.
s1373,TV Show,Title_1373,nan,"Zendaya, Shah Rukh Khan",United States,R,2015,"December 10, 2015",3 Seasons,Crime TV Shows,This is a placeholder description for the show or movie.
s1374,Movie,Title_1374,David Fincher,"Leonardo DiCaprio, Henry Cavill, Song Kang",United Kingdom,TV-MA,2020,"January 28, 2020",142 min,Dramas,This is a placeholder description for the show or movie.
s1375,Movie,Title_1375,Bong Joon Ho,Shah Rukh Khan,United States,TV-PG,2018,"December 10, 2023",101 min,Thrillers,This is a placeholder description for the show or movie.
s1376,TV Show,Title_1376,Mike Flanagan,"Shah Rukh Khan, Zendaya, Leonardo DiCaprio",South Korea,TV-14,2021,"July 6, 2023",2 Seasons,International TV Shows,This is a placeholder description for the show or movie.
s1377,Movie,Title_1377,Greta Gerwig,"Song Kang, Henry Cavill, Leonardo DiCaprio",United States,TV-PG,2018,"December 20, 2018",129 min,Documentaries,This is a placeholder description for the show or movie.
s1378,Movie,Title_1378,Greta Gerwig,"Zendaya, Shah Rukh Khan",France,R,2017,"July 10, 2021",131 min,Action & Adventure,This is a placeholder description for the show or movie.
s1379,Movie,Title_1379,Mike Flanagan,"Shah Rukh Khan, Millie Bobby Brown",India,TV-14,2023,"October 18, 2023",142 min,Dramas,This is a placeholder description for the show or movie.
s1380,Movie,Title_1380,Bong Joon Ho,Song Kang,United States,TV-MA,2018,"December 26, 2023",104 min,Documentaries,This is a placeholder description for the show or movie.
s1381,Movie,Title_1381,Greta Gerwig,Leonardo DiCaprio,India,TV-MA,2016,"December 26, 2022",91 min,Dramas,This is a placeholder description for the show or movie.
s1382,Movie,Title_1382,David Fincher,Song Kang,United States,TV-PG,2020,"January 18, 2022",100 min,Thrillers,This is a placeholder description for the show or movie.
s1383,TV Show,Title_1383,Mike Flanagan,"Song Kang, Shah Rukh Khan",United States,TV-14,2013,"December 10, 2017",3 Seasons,International TV Shows,This is a placeholder description for the show or movie.
s1384,Movie,Title_1384,Martin Scorsese,"Shah Rukh Khan, Zendaya",India,TV-14,2018,"December 12, 2018",145 min,Action & Adventure,This is a placeholder description for the show or movie.
s1385,TV Show,Title_1385,Bong Joon Ho,"Shah Rukh Khan, Millie Bobby Brown, Zendaya",United Kingdom,TV-PG,2016,"October 18, 2020",1 Seasons,TV Comedies,This is a placeholder description for the show or movie.
s1386,Movie,Title_1386,Mike Flanagan,Leonardo DiCaprio,France,TV-PG,2023,"January 9, 2023",141 min,Comedies,This is a placeholder description for the show or movie.
s1387,TV Show,Title_1387,Greta Gerwig,"Shah Rukh Khan, Millie Bobby Brown, Leonardo DiCaprio",India,PG-13,2021,"October 13, 2023",1 Seasons,Docuseries,This is a placeholder description for the show or movie.
s1388,Movie,Title_1388,Bong Joon Ho,"Song Kang, Henry Cavill, Millie Bobby Brown",France,PG-13,2013,"January 8, 2019",86 min,Thrillers,This is a placeholder description for the show or movie.
s1389,TV Show,Title_1389,David Fincher,"Millie Bobby Brown, Zendaya",France,TV-PG,2023,"July 25, 2023",3 Seasons,TV Dramas,This is a placeholder description for the show or movie.
s1390,Movie,Title_1390,Bong Joon Ho,Song Kang,Japan,R,2023,"January 28, 2023",118 min,Dramas,This is a placeholder description for the show or movie.
s1391,Movie,Title_1391,Bong Joon Ho,"Henry Cavill, Millie Bobby Brown, Leonardo DiCaprio",India,PG-13,2010,"October 1, 2020",132 min,Action & Adventure,This is a placeholder description for the show or movie.
s1392,Movie,Title_1392,David Fincher,Shah Rukh Khan,United States,TV-PG,2018,"January 16, 2020",129 min,Dramas,This is a placeholder description for the show or movie.
s1393,Movie,Title_1393,nan,"Shah Rukh Khan, Henry Cavill, Zendaya",United States,TV-14,2014,"January 23, 2016",88 min,Thrillers,This is a placeholder description for the show or movie.
s1394,Movie,Title_1394,David Fincher,Shah Rukh Khan,United Kingdom,PG-13,2015,"December 23, 2019",104 min,Thrillers,This is a placeholder description for the show or movie.
s1395,Movie,Title_1395,Bong Joon Ho,"Henry Cavill, Millie Bobby Brown",India,R,2023,"January 20, 2023",149 min,Documentaries,This is a placeholder description for the show or movie.
s1396,TV Show,Title_1396,David Fincher,"Henry Cavill, Shah Rukh Khan, Millie Bobby Brown",United States,TV-MA,2023,"December 5, 2023",2 Seasons,Docuseries,This is a placeholder description for the show or movie.
s1397,Movie,Title_1397,nan,"Zendaya, Song Kang",India,TV-14,2012,"December 2, 2018",140 min,Dramas,This is a placeholder description for the show or movie.
s1398,Movie,Title_1398,Mike Flanagan,"Shah Rukh Khan, Leonardo DiCaprio, Zendaya",United States,R,2019,"July 4, 2019",127 min,Thrillers,This is a placeholder description for the show or movie.
s1399,Movie,Title_1399,David Fincher,"Leonardo DiCaprio, Henry Cavill, Zendaya",Canada,R,2020,"January 4, 2022",119 min,Thrillers,This is a placeholder description for the show or movie.
s1400,TV Show,Title_1400,David Fincher,"Henry Cavill, Song Kang, Shah Rukh Khan",United States,R,2020,"July 5, 2023",4 Seasons,International TV Shows,This is a placeholder description for the show or movie.
s1401,Movie,Title_1401,Bong Joon Ho,"Song Kang, Shah Rukh Khan, Henry Cavill",United Kingdom,TV-14,2013,"December 14, 2022",139 min,Thrillers,This is a placeholder description for the show or movie.
s1402,Movie,Title_1402,Mike Flanagan,"Millie Bobby Brown, Henry Cavill, Leonardo DiCaprio",South Korea,R,2014,"July 7, 2017",139 min,Comedies,This is a placeholder description for the show or movie.
s1403,Movie,Title_1403,Martin Scorsese,Song Kang,United States,TV-MA,2020,"July 15, 2023",133 min,Documentaries,This is a placeholder description for the show or movie.
s1404,TV Show,Title_1404,Martin Scorsese,Zendaya,India,PG-13,2020,"July 12, 2020",2 Seasons,Docuseries,This is a placeholder description for the show or movie.
s1405,TV Show,Title_1405,Greta Gerwig,"Song Kang, Henry Cavill",South Korea,TV-14,2019,"October 4, 2020",2 Seasons,Crime TV Shows,This is a placeholder description for the show or movie.
s1406,Movie,Title_1406,David Fincher,"Millie Bobby Brown, Song Kang, Leonardo DiCaprio",United States,R,2012,"December 27, 2016",99 min,Thrillers,This is a placeholder description for the show or movie.
s1407,TV Show,Title_1407,David Fincher,"Leonardo DiCaprio, Shah Rukh Khan, Zendaya",United States,TV-PG,2017,"July 16, 2020",1 Seasons,International TV Shows,This is a placeholder description for the show or movie.
s1408,TV Show,Title_1408,Mike Flanagan,"Shah Rukh Khan, Millie Bobby Brown",United States,PG-13,2018,"October 9, 2022",1 Seasons,Docuseries,This is a placeholder description for the show or movie.
s1409,Movie,Title_1409,nan,"Henry Cavill, Shah Rukh Khan, Song Kang",India,TV-14,2016,"January 13, 2021",98 min,Thrillers,This is a placeholder description for the show or movie.
s1410,TV Show,Title_1410,Martin Scorsese,"Millie Bobby Brown, Shah Rukh Khan, Zendaya",India,TV-PG,2017,"October 28, 2023",4 Seasons,Docuseries,This is a placeholder description for the show or movie.
s1411,Movie,Title_1411,Greta Gerwig,"Millie Bobby Brown, Henry Cavill, Zendaya",United States,TV-PG,2018,"January 12, 2023",143 min,Action & Adventure,This is a placeholder description for the show or movie.
s1412,Movie,Title_1412,Mike Flanagan,Millie Bobby Brown,India,R,2019,"December 7, 2019",130 min,Dramas,This is a placeholder description for the show or movie.
s1413,Movie,Title_1413,David Fincher,"Song Kang, Henry Cavill",United States,TV-14,2013,"October 25, 2015",122 min,Thrillers,This is a placeholder description for the show or movie.
s1414,Movie,Title_1414,Martin Scorsese,"Leonardo DiCaprio, Henry Cavill, Zendaya",South Korea,R,2013,"December 27, 2017",110 min,Documentaries,This is a placeholder description for the show or movie.
s1415,Movie,Title_1415,Greta Gerwig,Song Kang,United States,TV-MA,2019,"October 12, 2019",148 min,Action & Adventure,This is a placeholder description for the show or movie.
s1416,TV Show,Title_1416,Bong Joon Ho,"Henry Cavill, Leonardo DiCaprio, Song Kang",South Korea,TV-PG,2018,"July 23, 2023",2 Seasons,Docuseries,This is a placeholder description for the show or movie.
s1417,Movie,Title_1417,Martin Scorsese,"Zendaya, Henry Cavill",India,TV-MA,2017,"July 8, 2023",122 min,Action & Adventure,This is a placeholder description for the show or movie.
s1418,Movie,Title_1418,Greta Gerwig,"Song Kang, Leonardo DiCaprio, Shah Rukh Khan",Canada,R,2012,"July 10, 2019",139 min,Dramas,This is a placeholder description for the show or movie.
s1419,Movie,Title_1419,Mike Flanagan,Shah Rukh Khan,India,PG-13,2015,"July 24, 2022",106 min,Thrillers,This is a placeholder description for the show or movie.
s1420,TV Show,Title_1420,Bong Joon Ho,"Millie Bobby Brown, Leonardo DiCaprio",United Kingdom,TV-PG,2006,"October 13, 2015",2 Seasons,Docuseries,This is a placeholder description for the show or movie.
s1421,Movie,Title_1421,Greta Gerwig,Shah Rukh Khan,United States,PG-13,2017,"July 21, 2023",130 min,Documentaries,This is a placeholder description for the show or movie.
s1422,Movie,Title_1422,Greta Gerwig,Leonardo DiCaprio,South Korea,TV-14,2019,"December 18, 2019",110 min,Comedies,This is a placeholder description for the show or movie.
s1423,Movie,Title_1423,David Fincher,"Henry Cavill, Millie Bobby Brown, Zendaya",India,TV-PG,2012,"January 18, 2023",136 min,Dramas,This is a placeholder description for the show or movie.
s1424,Movie,Title_1424,nan,"Henry Cavill, Song Kang, Millie Bobby Brown",India,TV-MA,2014,"December 3, 2017",134 min,Comedies,This is a placeholder description for the show or movie.
s1425,TV Show,Title_1425,Martin Scorsese,"Millie Bobby Brown, Song Kang, Zendaya",India,PG-13,2023,"October 15, 2023",2 Seasons,TV Comedies,This is a placeholder description for the show or movie.
s1426,TV Show,Title_1426,David Fincher,"Millie Bobby Brown, Shah Rukh Khan, Zendaya",South Korea,TV-14,2023,"January 15, 2023",4 Seasons,International TV Shows,This is a placeholder description for the show or movie.
s1427,Movie,Title_1427,Bong Joon Ho,"Zendaya, Song Kang",United Kingdom,TV-PG,2010,"December 9, 2020",118 min,Dramas,This is a placeholder description for the show or movie.
s1428,TV Show,Title_1428,nan,Henry Cavill,United States,TV-14,2019,"October 15, 2021",4 Seasons,International TV Shows,This is a placeholder description for the show or movie.
s1429,Movie,Title_1429,Greta Gerwig,"Henry Cavill, Shah Rukh Khan, Zendaya",United Kingdom,TV-MA,2023,"December 21, 2023",124 min,Dramas,This is a placeholder description for the show or movie.
s1430,TV Show,Title_1430,David Fincher,"Millie Bobby Brown, Shah Rukh Khan, Leonardo DiCaprio",United Kingdom,TV-PG,2022,"July 9, 2022",4 Seasons,Docuseries,This is a placeholder description for the show or movie.
s1431,Movie,Title_1431,nan,"Zendaya, Song Kang",France,TV-14,2022,"January 21, 2022",140 min,Dramas,This is a placeholder description for the show or movie.
s1432,Movie,Title_1432,Martin Scorsese,"Leonardo DiCaprio, Henry Cavill, Millie Bobby Brown",South Korea,R,2013,"January 1, 2018",90 min,Comedies,This is a placeholder description for the show or movie.
s1433,Movie,Title_1433,Bong Joon Ho,Millie Bobby Brown,United Kingdom,TV-PG,2010,"January 12, 2020",90 min,Thrillers,This is a placeholder description for the show or movie.
s1434,TV Show,Title_1434,Mike Flanagan,"Millie Bobby Brown, Shah Rukh Khan",United States,TV-PG,2014,"July 10, 2022",3 Seasons,Crime TV Shows,This is a placeholder description for the show or movie.
s1435,Movie,Title_1435,David Fincher,"Henry Cavill, Millie Bobby Brown",South Korea,TV-PG,2021,"July 14, 2023",83 min,Dramas,This is a placeholder description for the show or movie.
s1436,Movie,Title_1436,Bong Joon Ho,"Henry Cavill, Millie Bobby Brown",India,TV-PG,2019,"January 4, 2021",141 min,Dramas,This is a placeholder description for the show or movie.
s1437,Movie,Title_1437,Mike Flanagan,Shah Rukh Khan,France,R,2023,"January 28, 2023",105 min,Thrillers,This is a placeholder description for the show or movie.
s1438,TV Show,Title_1438,David Fincher,"Shah Rukh Khan, Leonardo DiCaprio, Song Kang",United States,TV-MA,2010,"January 27, 2020",4 Seasons,Crime TV Shows,This is a placeholder description for the show or movie.
s1439,Movie,Title_1439,Bong Joon Ho,"Millie Bobby Brown, Henry Cavill, Zendaya",United States,R,2010,"January 28, 2023",118 min,Action & Adventure,This is a placeholder description for the show or movie.
s1440,TV Show,Title_1440,Bong Joon Ho,"Henry Cavill, Leonardo DiCaprio, Millie Bobby Brown",United States,R,2023,"January 16, 2023",1 Seasons,Docuseries,This is a placeholder description for the show or movie.
s1441,TV Show,Title_1441,nan,Henry Cavill,United Kingdom,TV-14,2018,"October 17, 2021",5 Seasons,TV Dramas,This is a placeholder description for the show or movie.
s1442,Movie,Title_1442,David Fincher,"Leonardo DiCaprio, Millie Bobby Brown",France,PG-13,2015,"July 20, 2022",146 min,Comedies,This is a placeholder description for the show or movie.
s1443,TV Show,Title_1443,Bong Joon Ho,Henry Cavill,United States,PG-13,2011,"July 8, 2012",5 Seasons,TV Dramas,This is a placeholder description for the show or movie.
s1444,Movie,Title_1444,Greta Gerwig,"Henry Cavill, Shah Rukh Khan, Zendaya",Canada,TV-14,2014,"July 8, 2015",107 min,Dramas,This is a placeholder description for the show or movie.
s1445,TV Show,Title_1445,David Fincher,"Millie Bobby Brown, Leonardo DiCaprio",United Kingdom,R,2023,"December 10, 2023",4 Seasons,TV Dramas,This is a placeholder description for the show or movie.
s1446,Movie,Title_1446,Bong Joon Ho,Shah Rukh Khan,Canada,TV-14,2010,"December 6, 2023",141 min,Dramas,This is a placeholder description for the show or movie.
s1447,TV Show,Title_1447,nan,"Zendaya, Millie Bobby Brown, Song Kang",United States,TV-PG,2022,"July 14, 2022",2 Seasons,TV Dramas,This is a placeholder description for the show or movie.
s1448,TV Show,Title_1448,Mike Flanagan,Zendaya,South Korea,TV-14,2016,"December 21, 2018",1 Seasons,TV Dramas,This is a placeholder description for the show or movie.
s1449,TV Show,Title_1449,Mike Flanagan,"Millie Bobby Brown, Zendaya, Shah Rukh Khan",United States,TV-14,2021,"July 9, 2021",1 Seasons,TV Comedies,This is a placeholder description for the show or movie.
s1450,TV Show,Title_1450,Greta Gerwig,Leonardo DiCaprio,South Korea,TV-PG,2017,"January 6, 2017",1 Seasons,TV Dramas,This is a placeholder description for the show or movie.
s1451,Movie,Title_1451,David Fincher,Zendaya,United States,PG-13,2020,"January 15, 2020",90 min,Action & Adventure,This is a placeholder description for the show or movie.
s1452,Movie,Title_1452,nan,Henry Cavill,India,TV-PG,2015,"October 17, 2019",147 min,Comedies,This is a placeholder description for the show or movie.
s1453,TV Show,Title_1453,Bong Joon Ho,"Millie Bobby Brown, Song Kang",South Korea,TV-MA,2023,"July 24, 2023",2 Seasons,TV Comedies,This is a placeholder description for the show or movie.
s1454,Movie,Title_1454,Bong Joon Ho,"Shah Rukh Khan, Song Kang",United States,TV-14,2012,"December 16, 2021",126 min,Thrillers,This is a placeholder description for the show or movie.
s1455,Movie,Title_1455,Mike Flanagan,"Shah Rukh Khan, Zendaya, Leonardo DiCaprio",United States,TV-14,2017,"December 17, 2017",135 min,Dramas,This is a placeholder description for the show or movie.
s1456,TV Show,Title_1456,nan,"Zendaya, Shah Rukh Khan",United Kingdom,PG-13,2023,"October 22, 2023",3 Seasons,Crime TV Shows,This is a placeholder description for the show or movie.
s1457,TV Show,Title_1457,Greta Gerwig,"Millie Bobby Brown, Leonardo DiCaprio",India,R,2016,"December 9, 2020",3 Seasons,TV Comedies,This is a placeholder description for the show or movie.
s1458,TV Show,Title_1458,Mike Flanagan,Leonardo DiCaprio,India,TV-PG,2023,"January 8, 2023",4 Seasons,TV Dramas,This is a placeholder description for the show or movie.
s1459,Movie,Title_1459,Mike Flanagan,"Song Kang, Leonardo DiCaprio",United States,R,2019,"January 23, 2023",120 min,Comedies,This is a placeholder description for the show or movie.
s1460,TV Show,Title_1460,Greta Gerwig,Millie Bobby Brown,United States,TV-MA,2018,"July 6, 2018",4 Seasons,Docuseries,This is a placeholder description for the show or movie.
s1461,Movie,Title_1461,David Fincher,Henry Cavill,India,TV-PG,2014,"December 10, 2020",124 min,Comedies,This is a placeholder description for the show or movie.
s1462,TV Show,Title_1462,Bong Joon Ho,"Zendaya, Henry Cavill",United States,TV-MA,2023,"July 11, 2023",4 Seasons,TV Dramas,This is a placeholder description for the show or movie.
s1463,Movie,Title_1463,David Fincher,Henry Cavill,France,TV-MA,2022,"January 11, 2022",100 min,Dramas,This is a placeholder description for the show or movie.
s1464,TV Show,Title_1464,nan,Shah Rukh Khan,United States,TV-MA,2010,"January 6, 2018",2 Seasons,International TV Shows,This is a placeholder description for the show or movie.
s1465,TV Show,Title_1465,Martin Scorsese,"Song Kang, Shah Rukh Khan",India,TV-PG,2023,"October 18, 2023",5 Seasons,International TV Shows,This is a placeholder description for the show or movie.
s1466,Movie,Title_1466,Martin Scorsese,"Henry Cavill, Leonardo DiCaprio",United States,TV-PG,2019,"December 9, 2020",121 min,Comedies,This is a placeholder description for the show or movie.
s1467,TV Show,Title_1467,Martin Scorsese,Shah Rukh Khan,United States,PG-13,2023,"October 10, 2023",1 Seasons,International TV Shows,This is a placeholder description for the show or movie.
s1468,Movie,Title_1468,Greta Gerwig,"Millie Bobby Brown, Henry Cavill",United Kingdom,TV-14,2021,"July 19, 2021",141 min,Documentaries,This is a placeholder description for the show or movie.
s1469,TV Show,Title_1469,Mike Flanagan,"Song Kang, Millie Bobby Brown, Henry Cavill",United Kingdom,R,2023,"January 12, 2023",5 Seasons,Docuseries,This is a placeholder description for the show or movie.
s1470,TV Show,Title_1470,David Fincher,Shah Rukh Khan,United States,R,2013,"October 3, 2021",3 Seasons,Crime TV Shows,This is a placeholder description for the show or movie.
s1471,Movie,Title_1471,Bong Joon Ho,Zendaya,United States,TV-MA,2018,"October 5, 2020",105 min,Action & Adventure,This is a placeholder description for the show or movie.
s1472,TV Show,Title_1472,Martin Scorsese,"Leonardo DiCaprio, Song Kang, Shah Rukh Khan",United States,TV-PG,2019,"July 1, 2019",2 Seasons,TV Comedies,This is a placeholder description for the show or movie.
s1473,TV Show,Title_1473,David Fincher,Millie Bobby Brown,South Korea,TV-PG,2023,"July 20, 2023",5 Seasons,TV Comedies,This is a placeholder description for the show or movie.
s1474,Movie,Title_1474,Martin Scorsese,"Leonardo DiCaprio, Song Kang",India,TV-MA,2023,"December 22, 2023",144 min,Comedies,This is a placeholder description for the show or movie.
s1475,Movie,Title_1475,Martin Scorsese,Henry Cavill,United States,TV-14,2020,"July 9, 2020",95 min,Action & Adventure,This is a placeholder description for the show or movie.
s1476,TV Show,Title_1476,Bong Joon Ho,"Shah Rukh Khan, Millie Bobby Brown, Zendaya",India,R,2023,"July 10, 2023",2 Seasons,Crime TV Shows,This is a placeholder description for the show or movie.
s1477,TV Show,Title_1477,nan,"Shah Rukh Khan, Leonardo DiCaprio",Canada,PG-13,2018,"October 20, 2018",1 Seasons,International TV Shows,This is a placeholder description for the show or movie.
s1478,TV Show,Title_1478,nan,"Henry Cavill, Song Kang, Millie Bobby Brown",Japan,TV-14,2023,"October 21, 2023",3 Seasons,TV Dramas,This is a placeholder description for the show or movie.
s1479,TV Show,Title_1479,nan,"Shah Rukh Khan, Song Kang",France,TV-PG,2014,"January 27, 2021",4 Seasons,International TV Shows,This is a placeholder description for the show or movie.
s1480,Movie,Title_1480,Greta Gerwig,"Song Kang, Henry Cavill",United States,TV-MA,2010,"October 4, 2023",127 min,Documentaries,This is a placeholder description for the show or movie.
s1481,TV Show,Title_1481,Mike Flanagan,Henry Cavill,United States,R,2010,"October 13, 2019",1 Seasons,TV Comedies,This is a placeholder description for the show or movie.
s1482,Movie,Title_1482,Greta Gerwig,"Millie Bobby Brown, Leonardo DiCaprio, Shah Rukh Khan",United States,TV-MA,2019,"December 26, 2023",94 min,Dramas,This is a placeholder description for the show or movie.
s1483,Movie,Title_1483,David Fincher,"Leonardo DiCaprio, Song Kang",South Korea,TV-PG,2018,"December 27, 2021",88 min,Dramas,This is a placeholder description for the show or movie.
s1484,Movie,Title_1484,Greta Gerwig,"Leonardo DiCaprio, Zendaya",France,TV-MA,2017,"January 20, 2019",127 min,Thrillers,This is a placeholder description for the show or movie.
s1485,Movie,Title_1485,David Fincher,"Zendaya, Millie Bobby Brown, Leonardo DiCaprio",India,R,2018,"July 19, 2019",135 min,Dramas,This is a placeholder description for the show or movie.
s1486,Movie,Title_1486,David Fincher,"Millie Bobby Brown, Zendaya, Shah Rukh Khan",United States,TV-MA,2009,"January 17, 2017",118 min,Action & Adventure,This is a placeholder description for the show or movie.
s1487,Movie,Title_1487,Mike Flanagan,"Leonardo DiCaprio, Millie Bobby Brown",India,R,2019,"January 21, 2019",117 min,Thrillers,This is a placeholder description for the show or movie.
s1488,TV Show,Title_1488,Bong Joon Ho,"Leonardo DiCaprio, Zendaya",United States,TV-MA,2017,"October 14, 2019",1 Seasons,International TV Shows,This is a placeholder description for the show or movie.
s1489,Movie,Title_1489,Mike Flanagan,"Shah Rukh Khan, Henry Cavill, Song Kang",United States,TV-MA,2013,"July 5, 2018",109 min,Documentaries,This is a placeholder description for the show or movie.
s1490,Movie,Title_1490,nan,"Zendaya, Leonardo DiCaprio",India,R,2016,"January 6, 2020",120 min,Dramas,This is a placeholder description for the show or movie.
s1491,Movie,Title_1491,nan,Shah Rukh Khan,United States,TV-MA,2019,"January 8, 2019",122 min,Documentaries,This is a placeholder description for the show or movie.
s1492,Movie,Title_1492,Greta Gerwig,"Shah Rukh Khan, Millie Bobby Brown, Song Kang",United States,TV-14,2012,"December 14, 2015",93 min,Documentaries,This is a placeholder description for the show or movie.
s1493,Movie,Title_1493,David Fincher,"Song Kang, Leonardo DiCaprio",United Kingdom,PG-13,2023,"December 20, 2023",113 min,Dramas,This is a placeholder description for the show or movie.
s1494,Movie,Title_1494,Martin Scorsese,Shah Rukh Khan,United States,TV-14,2015,"January 17, 2021",110 min,Thrillers,This is a placeholder description for the show or movie.
s1495,Movie,Title_1495,Martin Scorsese,"Millie Bobby Brown, Leonardo DiCaprio",United States,PG-13,2019,"July 7, 2021",138 min,Action & Adventure,This is a placeholder description for the show or movie.
s1496,TV Show,Title_1496,David Fincher,"Shah Rukh Khan, Zendaya",United States,TV-14,2015,"January 19, 2020",4 Seasons,TV Dramas,This is a placeholder description for the show or movie.
s1497,Movie,Title_1497,Mike Flanagan,"Henry Cavill, Song Kang",Japan,PG-13,2018,"January 26, 2019",149 min,Documentaries,This is a placeholder description for the show or movie.
s1498,Movie,Title_1498,Bong Joon Ho,Millie Bobby Brown,South Korea,TV-MA,2019,"December 28, 2023",150 min,Thrillers,This is a placeholder description for the show or movie.
s1499,Movie,Title_1499,Mike Flanagan,"Shah Rukh Khan, Zendaya, Henry Cavill",United States,R,2017,"October 13, 2019",83 min,Action & Adventure,This is a placeholder description for the show or movie.
s1500,TV Show,Title_1500,David Fincher,"Zendaya, Millie Bobby Brown, Leonardo DiCaprio",India,R,2023,"December 19, 2023",3 Seasons,International TV Shows,This is a placeholder description for the show or movie.
s1501,Movie,Title_1501,David Fincher,"Millie Bobby Brown, Shah Rukh Khan",United States,TV-PG,2023,"October 14, 2023",99 min,Comedies,This is a placeholder description for the show or movie.
s1502,Movie,Title_1502,Bong Joon Ho,"Zendaya, Leonardo DiCaprio",United Kingdom,PG-13,2022,"July 9, 2022",140 min,Dramas,This is a placeholder description for the show or movie.
s1503,Movie,Title_1503,Greta Gerwig,Millie Bobby Brown,Canada,TV-PG,2013,"December 13, 2020",136 min,Thrillers,This is a placeholder description for the show or movie.
s1504,Movie,Title_1504,Greta Gerwig,Song Kang,Japan,TV-PG,2023,"January 2, 2023",124 min,Action & Adventure,This is a placeholder description for the show or movie.
s1505,Movie,Title_1505,Bong Joon Ho,"Zendaya, Henry Cavill, Song Kang",India,PG-13,2020,"January 20, 2022",102 min,Documentaries,This is a placeholder description for the show or movie.
s1506,Movie,Title_1506,Greta Gerwig,Zendaya,France,R,2012,"July 25, 2019",114 min,Documentaries,This is a placeholder description for the show or movie.
s1507,Movie,Title_1507,Martin Scorsese,"Henry Cavill, Shah Rukh Khan",France,PG-13,2019,"December 28, 2019",145 min,Dramas,This is a placeholder description for the show or movie.
s1508,Movie,Title_1508,Greta Gerwig,Shah Rukh Khan,Japan,TV-MA,2013,"January 24, 2019",113 min,Dramas,This is a placeholder description for the show or movie.
s1509,Movie,Title_1509,Greta Gerwig,Song Kang,India,TV-PG,2022,"October 2, 2022",133 min,Comedies,This is a placeholder description for the show or movie.
s1510,TV Show,Title_1510,Greta Gerwig,"Millie Bobby Brown, Song Kang, Shah Rukh Khan",United States,TV-PG,2013,"July 18, 2021",4 Seasons,International TV Shows,This is a placeholder description for the show or movie.
s1511,TV Show,Title_1511,Martin Scorsese,Millie Bobby Brown,United States,PG-13,2013,"January 23, 2015",3 Seasons,Crime TV Shows,This is a placeholder description for the show or movie.
s1512,TV Show,Title_1512,Greta Gerwig,"Millie Bobby Brown, Zendaya, Leonardo DiCaprio",United States,TV-PG,2016,"January 6, 2023",2 Seasons,International TV Shows,This is a placeholder description for the show or movie.
s1513,TV Show,Title_1513,nan,"Song Kang, Zendaya",United States,R,2021,"July 21, 2021",3 Seasons,International TV Shows,This is a placeholder description for the show or movie.
s1514,Movie,Title_1514,Martin Scorsese,Leonardo DiCaprio,Canada,TV-PG,2015,"January 9, 2018",137 min,Documentaries,This is a placeholder description for the show or movie.
s1515,Movie,Title_1515,Bong Joon Ho,"Henry Cavill, Zendaya",United Kingdom,PG-13,2018,"July 18, 2018",142 min,Comedies,This is a placeholder description for the show or movie.
s1516,Movie,Title_1516,Mike Flanagan,"Song Kang, Zendaya, Shah Rukh Khan",France,R,2016,"October 3, 2019",101 min,Documentaries,This is a placeholder description for the show or movie.
s1517,Movie,Title_1517,Bong Joon Ho,"Leonardo DiCaprio, Zendaya, Song Kang",United States,R,2011,"October 4, 2017",117 min,Thrillers,This is a placeholder description for the show or movie.
s1518,TV Show,Title_1518,Mike Flanagan,"Shah Rukh Khan, Millie Bobby Brown, Song Kang",United States,TV-PG,2020,"July 28, 2020",3 Seasons,International TV Shows,This is a placeholder description for the show or movie.
s1519,Movie,Title_1519,Bong Joon Ho,Leonardo DiCaprio,South Korea,PG-13,2016,"October 1, 2017",140 min,Dramas,This is a placeholder description for the show or movie.
s1520,TV Show,Title_1520,nan,"Song Kang, Zendaya",United States,TV-PG,2023,"December 27, 2023",2 Seasons,TV Dramas,This is a placeholder description for the show or movie.
s1521,Movie,Title_1521,Mike Flanagan,"Millie Bobby Brown, Zendaya, Shah Rukh Khan",United States,TV-MA,2019,"January 21, 2019",100 min,Documentaries,This is a placeholder description for the show or movie.
s1522,TV Show,Title_1522,Mike Flanagan,"Zendaya, Henry Cavill",France,TV-MA,2018,"December 14, 2021",4 Seasons,Crime TV Shows,This is a placeholder description for the show or movie.
s1523,Movie,Title_1523,David Fincher,"Shah Rukh Khan, Millie Bobby Brown",South Korea,R,2011,"July 24, 2019",92 min,Dramas,This is a placeholder description for the show or movie.
s1524,Movie,Title_1524,Mike Flanagan,"Zendaya, Leonardo DiCaprio, Song Kang",India,TV-PG,2023,"January 7, 2023",133 min,Thrillers,This is a placeholder description for the show or movie.
s1525,Movie,Title_1525,Mike Flanagan,Millie Bobby Brown,South Korea,TV-MA,2017,"December 6, 2020",81 min,Documentaries,This is a placeholder description for the show or movie.
s1526,Movie,Title_1526,David Fincher,Zendaya,United Kingdom,TV-14,2023,"January 17, 2023",88 min,Documentaries,This is a placeholder description for the show or movie.
s1527,Movie,Title_1527,Greta Gerwig,Shah Rukh Khan,South Korea,TV-MA,2014,"December 9, 2018",82 min,Thrillers,This is a placeholder description for the show or movie.
s1528,Movie,Title_1528,Greta Gerwig,Shah Rukh Khan,South Korea,TV-PG,2022,"October 2, 2022",86 min,Comedies,This is a placeholder description for the show or movie.
s1529,TV Show,Title_1529,David Fincher,"Song Kang, Leonardo DiCaprio",United States,TV-PG,2023,"December 6, 2023",4 Seasons,International TV Shows,This is a placeholder description for the show or movie.
s1530,Movie,Title_1530,Martin Scorsese,Zendaya,United Kingdom,TV-MA,2020,"October 27, 2020",115 min,Comedies,This is a placeholder description for the show or movie.
s1531,Movie,Title_1531,Mike Flanagan,Shah Rukh Khan,United States,TV-PG,2014,"October 12, 2023",90 min,Action & Adventure,This is a placeholder description for the show or movie.
s1532,Movie,Title_1532,Mike Flanagan,"Henry Cavill, Zendaya, Millie Bobby Brown",United States,TV-PG,2016,"October 20, 2018",81 min,Comedies,This is a placeholder description for the show or movie.
s1533,TV Show,Title_1533,David Fincher,"Shah Rukh Khan, Henry Cavill, Leonardo DiCaprio",France,TV-14,2017,"December 15, 2020",4 Seasons,Docuseries,This is a placeholder description for the show or movie.
s1534,Movie,Title_1534,David Fincher,"Henry Cavill, Millie Bobby Brown, Song Kang",India,R,2012,"July 10, 2018",86 min,Comedies,This is a placeholder description for the show or movie.
s1535,Movie,Title_1535,Martin Scorsese,Song Kang,Canada,TV-PG,2014,"January 20, 2022",149 min,Thrillers,This is a placeholder description for the show or movie.
s1536,Movie,Title_1536,nan,"Song Kang, Leonardo DiCaprio, Zendaya",South Korea,PG-13,2013,"December 19, 2014",131 min,Action & Adventure,This is a placeholder description for the show or movie.
s1537,Movie,Title_1537,Greta Gerwig,"Shah Rukh Khan, Zendaya, Henry Cavill",France,R,2008,"December 4, 2015",108 min,Thrillers,This is a placeholder description for the show or movie.
s1538,TV Show,Title_1538,Bong Joon Ho,"Zendaya, Henry Cavill, Millie Bobby Brown",Japan,R,2023,"July 6, 2023",4 Seasons,International TV Shows,This is a placeholder description for the show or movie.
s1539,Movie,Title_1539,nan,"Leonardo DiCaprio, Millie Bobby Brown, Zendaya",India,PG-13,2020,"October 15, 2021",110 min,Thrillers,This is a placeholder description for the show or movie.
s1540,Movie,Title_1540,Greta Gerwig,Millie Bobby Brown,United States,TV-MA,2018,"October 3, 2019",127 min,Action & Adventure,This is a placeholder description for the show or movie.
s1541,TV Show,Title_1541,Mike Flanagan,"Song Kang, Zendaya",United States,TV-14,2023,"July 25, 2023",5 Seasons,Docuseries,This is a placeholder description for the show or movie.
s1542,Movie,Title_1542,nan,Song Kang,India,TV-PG,2023,"January 21, 2023",102 min,Action & Adventure,This is a placeholder description for the show or movie.
s1543,Movie,Title_1543,David Fincher,"Shah Rukh Khan, Song Kang, Millie Bobby Brown",United States,TV-MA,2014,"January 21, 2018",108 min,Dramas,This is a placeholder description for the show or movie.
s1544,Movie,Title_1544,Martin Scorsese,Leonardo DiCaprio,India,PG-13,2014,"July 6, 2023",91 min,Documentaries,This is a placeholder description for the show or movie.
s1545,TV Show,Title_1545,Greta Gerwig,"Leonardo DiCaprio, Shah Rukh Khan, Millie Bobby Brown",United Kingdom,TV-14,2015,"December 22, 2017",4 Seasons,TV Comedies,This is a placeholder description for the show or movie.
s1546,Movie,Title_1546,Martin Scorsese,"Millie Bobby Brown, Henry Cavill",France,TV-14,2019,"December 2, 2019",84 min,Documentaries,This is a placeholder description for the show or movie.
s1547,TV Show,Title_1547,Greta Gerwig,"Shah Rukh Khan, Millie Bobby Brown, Henry Cavill",Canada,TV-14,2019,"July 5, 2023",1 Seasons,TV Comedies,This is a placeholder description for the show or movie.
s1548,Movie,Title_1548,nan,Henry Cavill,United Kingdom,PG-13,2022,"January 11, 2022",89 min,Action & Adventure,This is a placeholder description for the show or movie.
s1549,Movie,Title_1549,Mike Flanagan,"Zendaya, Leonardo DiCaprio",United States,TV-MA,2010,"July 6, 2018",124 min,Comedies,This is a placeholder description for the show or movie.
s1550,Movie,Title_1550,Bong Joon Ho,Millie Bobby Brown,United States,TV-PG,2021,"January 23, 2021",124 min,Documentaries,This is a placeholder description for the show or movie.
s1551,TV Show,Title_1551,Martin Scorsese,Zendaya,United States,TV-14,2023,"October 2, 2023",2 Seasons,TV Dramas,This is a placeholder description for the show or movie.
s1552,Movie,Title_1552,Martin Scorsese,"Zendaya, Millie Bobby Brown, Song Kang",South Korea,TV-14,2018,"July 6, 2018",131 min,Documentaries,This is a placeholder description for the show or movie.
s1553,TV Show,Title_1553,Bong Joon Ho,"Millie Bobby Brown, Zendaya, Leonardo DiCaprio",United States,TV-MA,2020,"December 22, 2020",3 Seasons,TV Dramas,This is a placeholder description for the show or movie.
s1554,TV Show,Title_1554,Martin Scorsese,"Zendaya, Leonardo DiCaprio",Canada,TV-14,2023,"July 25, 2023",2 Seasons,TV Comedies,This is a placeholder description for the show or movie.
s1555,Movie,Title_1555,Martin Scorsese,"Millie Bobby Brown, Henry Cavill",India,TV-14,2022,"October 20, 2022",97 min,Documentaries,This is a placeholder description for the show or movie.
s1556,Movie,Title_1556,Greta Gerwig,"Song Kang, Zendaya",United States,PG-13,2019,"December 7, 2023",87 min,Thrillers,This is a placeholder description for the show or movie.
s1557,Movie,Title_1557,Greta Gerwig,"Song Kang, Millie Bobby Brown, Henry Cavill",United States,R,2020,"January 8, 2020",83 min,Action & Adventure,This is a placeholder description for the show or movie.
s1558,Movie,Title_1558,Bong Joon Ho,"Henry Cavill, Millie Bobby Brown",India,TV-MA,2014,"December 5, 2018",135 min,Thrillers,This is a placeholder description for the show or movie.
s1559,TV Show,Title_1559,Mike Flanagan,Henry Cavill,India,TV-MA,2014,"January 18, 2023",2 Seasons,Docuseries,This is a placeholder description for the show or movie.
s1560,TV Show,Title_1560,nan,"Millie Bobby Brown, Shah Rukh Khan, Song Kang",South Korea,TV-MA,2008,"December 23, 2021",2 Seasons,Docuseries,This is a placeholder description for the show or movie.
s1561,Movie,Title_1561,nan,"Henry Cavill, Leonardo DiCaprio",Canada,PG-13,2011,"July 5, 2017",120 min,Dramas,This is a placeholder description for the show or movie.
s1562,Movie,Title_1562,Martin Scorsese,Henry Cavill,India,PG-13,2007,"January 28, 2018",88 min,Dramas,This is a placeholder description for the show or movie.
s1563,TV Show,Title_1563,Mike Flanagan,"Zendaya, Song Kang, Leonardo DiCaprio",South Korea,TV-PG,2023,"December 20, 2023",4 Seasons,TV Dramas,This is a placeholder description for the show or movie.
s1564,Movie,Title_1564,Bong Joon Ho,"Henry Cavill, Song Kang",India,PG-13,2012,"December 4, 2023",135 min,Dramas,This is a placeholder description for the show or movie.
s1565,TV Show,Title_1565,Bong Joon Ho,Leonardo DiCaprio,France,TV-MA,2023,"January 16, 2023",3 Seasons,TV Comedies,This is a placeholder description for the show or movie.
s1566,Movie,Title_1566,Greta Gerwig,"Song Kang, Zendaya, Millie Bobby Brown",United States,TV-PG,2023,"October 12, 2023",87 min,Documentaries,This is a placeholder description for the show or movie.
s1567,TV Show,Title_1567,Martin Scorsese,"Henry Cavill, Shah Rukh Khan",Canada,R,2021,"January 8, 2021",3 Seasons,Crime TV Shows,This is a placeholder description for the show or movie.
s1568,Movie,Title_1568,David Fincher,"Song Kang, Henry Cavill, Zendaya",United States,TV-14,2021,"July 23, 2021",128 min,Comedies,This is a placeholder description for the show or movie.
s1569,Movie,Title_1569,Bong Joon Ho,"Henry Cavill, Millie Bobby Brown",United States,TV-14,2020,"July 28, 2020",145 min,Comedies,This is a placeholder description for the show or movie.
s1570,Movie,Title_1570,Martin Scorsese,"Millie Bobby Brown, Leonardo DiCaprio",United States,TV-PG,2018,"December 21, 2018",87 min,Thrillers,This is a placeholder description for the show or movie.
s1571,Movie,Title_1571,Mike Flanagan,Song Kang,India,R,2007,"December 20, 2022",121 min,Action & Adventure,This is a placeholder description for the show or movie.
s1572,Movie,Title_1572,Greta Gerwig,Henry Cavill,United States,TV-14,2010,"January 9, 2020",109 min,Thrillers,This is a placeholder description for the show or movie.
s1573,TV Show,Title_1573,nan,"Henry Cavill, Zendaya, Shah Rukh Khan",United States,TV-PG,2019,"July 20, 2020",5 Seasons,Crime TV Shows,This is a placeholder description for the show or movie.
s1574,TV Show,Title_1574,Mike Flanagan,"Song Kang, Millie Bobby Brown, Leonardo DiCaprio",France,PG-13,2016,"December 11, 2020",5 Seasons,TV Comedies,This is a placeholder description for the show or movie.
s1575,Movie,Title_1575,Bong Joon Ho,Millie Bobby Brown,South Korea,TV-MA,2020,"January 22, 2022",145 min,Documentaries,This is a placeholder description for the show or movie.
s1576,Movie,Title_1576,Bong Joon Ho,"Zendaya, Shah Rukh Khan, Leonardo DiCaprio",Canada,R,2023,"July 13, 2023",150 min,Thrillers,This is a placeholder description for the show or movie.
s1577,Movie,Title_1577,Mike Flanagan,Shah Rukh Khan,South Korea,TV-14,2018,"July 26, 2018",114 min,Dramas,This is a placeholder description for the show or movie.
s1578,Movie,Title_1578,Bong Joon Ho,Zendaya,France,TV-MA,2020,"October 5, 2022",111 min,Action & Adventure,This is a placeholder description for the show or movie.
s1579,Movie,Title_1579,Martin Scorsese,"Henry Cavill, Zendaya",India,TV-PG,2017,"July 15, 2021",132 min,Comedies,This is a placeholder description for the show or movie.
s1580,Movie,Title_1580,Bong Joon Ho,"Millie Bobby Brown, Shah Rukh Khan",United States,TV-14,2016,"July 11, 2022",121 min,Documentaries,This is a placeholder description for the show or movie.
s1581,Movie,Title_1581,Greta Gerwig,"Zendaya, Song Kang, Henry Cavill",Japan,TV-MA,2022,"October 26, 2022",104 min,Documentaries,This is a placeholder description for the show or movie.
s1582,Movie,Title_1582,Martin Scorsese,"Zendaya, Leonardo DiCaprio, Song Kang",Canada,PG-13,2018,"December 11, 2018",143 min,Dramas,This is a placeholder description for the show or movie.
s1583,Movie,Title_1583,David Fincher,"Henry Cavill, Shah Rukh Khan, Millie Bobby Brown",India,R,2014,"October 27, 2021",125 min,Dramas,This is a placeholder description for the show or movie.
s1584,Movie,Title_1584,Bong Joon Ho,"Shah Rukh Khan, Millie Bobby Brown, Song Kang",India,TV-PG,2023,"July 23, 2023",102 min,Action & Adventure,This is a placeholder description for the show or movie.
s1585,TV Show,Title_1585,Bong Joon Ho,"Song Kang, Henry Cavill",India,TV-14,2020,"July 16, 2020",5 Seasons,Docuseries,This is a placeholder description for the show or movie.
s1586,Movie,Title_1586,Greta Gerwig,Zendaya,France,PG-13,2013,"October 13, 2017",147 min,Comedies,This is a placeholder description for the show or movie.
s1587,TV Show,Title_1587,Greta Gerwig,"Zendaya, Millie Bobby Brown",United States,R,2007,"October 11, 2023",4 Seasons,Crime TV Shows,This is a placeholder description for the show or movie.
s1588,Movie,Title_1588,nan,Shah Rukh Khan,France,R,2006,"October 10, 2019",118 min,Documentaries,This is a placeholder description for the show or movie.
s1589,Movie,Title_1589,Mike Flanagan,"Millie Bobby Brown, Song Kang",France,PG-13,2012,"December 21, 2017",126 min,Action & Adventure,This is a placeholder description for the show or movie.
s1590,TV Show,Title_1590,Mike Flanagan,"Leonardo DiCaprio, Henry Cavill, Millie Bobby Brown",United Kingdom,TV-14,2023,"October 10, 2023",5 Seasons,Docuseries,This is a placeholder description for the show or movie.
s1591,TV Show,Title_1591,Mike Flanagan,"Millie Bobby Brown, Zendaya, Henry Cavill",India,R,2013,"July 17, 2018",5 Seasons,International TV Shows,This is a placeholder description for the show or movie.
s1592,TV Show,Title_1592,Greta Gerwig,"Shah Rukh Khan, Leonardo DiCaprio, Zendaya",United States,TV-PG,2014,"October 19, 2019",4 Seasons,Docuseries,This is a placeholder description for the show or movie.
s1593,Movie,Title_1593,Mike Flanagan,"Henry Cavill, Shah Rukh Khan",United States,TV-MA,2018,"July 28, 2023",111 min,Comedies,This is a placeholder description for the show or movie.
s1594,Movie,Title_1594,Mike Flanagan,"Song Kang, Leonardo DiCaprio",United States,TV-PG,2008,"October 26, 2019",107 min,Dramas,This is a placeholder description for the show or movie.
s1595,TV Show,Title_1595,David Fincher,"Leonardo DiCaprio, Henry Cavill, Song Kang",South Korea,R,2016,"December 24, 2022",5 Seasons,Docuseries,This is a placeholder description for the show or movie.
s1596,Movie,Title_1596,Mike Flanagan,Henry Cavill,India,TV-MA,2019,"January 9, 2021",135 min,Documentaries,This is a placeholder description for the show or movie.
s1597,Movie,Title_1597,Bong Joon Ho,"Leonardo DiCaprio, Zendaya, Song Kang",United States,PG-13,2019,"October 6, 2019",149 min,Dramas,This is a placeholder description for the show or movie.
s1598,Movie,Title_1598,nan,"Shah Rukh Khan, Song Kang, Zendaya",United States,TV-MA,2023,"December 12, 2023",104 min,Action & Adventure,This is a placeholder description for the show or movie.
s1599,Movie,Title_1599,Greta Gerwig,Song Kang,France,TV-MA,2022,"July 13, 2023",92 min,Documentaries,This is a placeholder description for the show or movie.
s1600,TV Show,Title_1600,Martin Scorsese,Song Kang,United States,TV-MA,2020,"December 26, 2023",4 Seasons,Docuseries,This is a placeholder description for the show or movie.
s1601,Movie,Title_1601,nan,"Henry Cavill, Millie Bobby Brown, Zendaya",France,R,2019,"July 16, 2019",93 min,Dramas,This is a placeholder description for the show or movie.
s1602,Movie,Title_1602,David Fincher,Henry Cavill,United States,TV-14,2017,"July 24, 2019",91 min,Dramas,This is a placeholder description for the show or movie.
s1603,Movie,Title_1603,Greta Gerwig,Song Kang,India,R,2015,"July 7, 2023",133 min,Action & Adventure,This is a placeholder description for the show or movie.
s1604,Movie,Title_1604,Greta Gerwig,"Shah Rukh Khan, Leonardo DiCaprio, Song Kang",United States,TV-14,2019,"October 22, 2020",135 min,Comedies,This is a placeholder description for the show or movie.
s1605,Movie,Title_1605,Bong Joon Ho,"Millie Bobby Brown, Leonardo DiCaprio",India,PG-13,2019,"January 2, 2023",95 min,Thrillers,This is a placeholder description for the show or movie.
s1606,Movie,Title_1606,nan,"Song Kang, Millie Bobby Brown, Leonardo DiCaprio",United Kingdom,PG-13,2012,"October 7, 2017",121 min,Thrillers,This is a placeholder description for the show or movie.
s1607,Movie,Title_1607,nan,"Leonardo DiCaprio, Song Kang",United States,PG-13,2011,"December 19, 2019",94 min,Documentaries,This is a placeholder description for the show or movie.
s1608,TV Show,Title_1608,Mike Flanagan,Song Kang,India,PG-13,2019,"October 28, 2019",2 Seasons,TV Comedies,This is a placeholder description for the show or movie.
s1609,Movie,Title_1609,Bong Joon Ho,"Leonardo DiCaprio, Zendaya",United Kingdom,PG-13,2015,"July 10, 2020",115 min,Comedies,This is a placeholder description for the show or movie.
s1610,Movie,Title_1610,Mike Flanagan,Shah Rukh Khan,United Kingdom,TV-PG,2015,"January 24, 2020",137 min,Thrillers,This is a placeholder description for the show or movie.
s1611,TV Show,Title_1611,Mike Flanagan,Shah Rukh Khan,South Korea,R,2023,"October 17, 2023",5 Seasons,TV Dramas,This is a placeholder description for the show or movie.
s1612,TV Show,Title_1612,Greta Gerwig,"Henry Cavill, Zendaya, Leonardo DiCaprio",United States,TV-14,2022,"January 21, 2023",5 Seasons,TV Comedies,This is a placeholder description for the show or movie.
s1613,Movie,Title_1613,nan,"Zendaya, Song Kang",India,PG-13,2019,"December 9, 2019",149 min,Action & Adventure,This is a placeholder description for the show or movie.
s1614,Movie,Title_1614,Mike Flanagan,"Zendaya, Song Kang, Leonardo DiCaprio",France,TV-PG,2014,"December 9, 2018",87 min,Thrillers,This is a placeholder description for the show or movie.
s1615,Movie,Title_1615,David Fincher,"Henry Cavill, Song Kang, Zendaya",Japan,TV-PG,2015,"December 28, 2022",90 min,Thrillers,This is a placeholder description for the show or movie.
s1616,TV Show,Title_1616,David Fincher,"Song Kang, Shah Rukh Khan, Leonardo DiCaprio",France,TV-PG,2019,"July 19, 2022",4 Seasons,International TV Shows,This is a placeholder description for the show or movie.
s1617,TV Show,Title_1617,nan,"Song Kang, Zendaya",United States,R,2012,"October 16, 2023",4 Seasons,TV Comedies,This is a placeholder description for the show or movie.
s1618,TV Show,Title_1618,David Fincher,Henry Cavill,South Korea,PG-13,2015,"January 18, 2016",5 Seasons,International TV Shows,This is a placeholder description for the show or movie.
s1619,Movie,Title_1619,Greta Gerwig,"Henry Cavill, Millie Bobby Brown, Zendaya",United Kingdom,TV-PG,2015,"October 6, 2023",112 min,Dramas,This is a placeholder description for the show or movie.
s1620,TV Show,Title_1620,Bong Joon Ho,"Millie Bobby Brown, Zendaya, Leonardo DiCaprio",United States,TV-PG,2016,"January 4, 2019",2 Seasons,Crime TV Shows,This is a placeholder description for the show or movie.
s1621,Movie,Title_1621,Martin Scorsese,Shah Rukh Khan,South Korea,PG-13,2017,"January 28, 2019",135 min,Thrillers,This is a placeholder description for the show or movie.
s1622,Movie,Title_1622,Mike Flanagan,"Henry Cavill, Zendaya",United Kingdom,R,2014,"July 17, 2020",133 min,Dramas,This is a placeholder description for the show or movie.
s1623,Movie,Title_1623,Martin Scorsese,Song Kang,United States,TV-PG,2023,"October 12, 2023",111 min,Comedies,This is a placeholder description for the show or movie.
s1624,TV Show,Title_1624,Bong Joon Ho,"Henry Cavill, Millie Bobby Brown",United States,TV-14,2012,"July 6, 2018",5 Seasons,TV Dramas,This is a placeholder description for the show or movie.
s1625,Movie,Title_1625,Bong Joon Ho,Shah Rukh Khan,South Korea,TV-MA,2015,"July 9, 2020",126 min,Comedies,This is a placeholder description for the show or movie.
s1626,TV Show,Title_1626,Greta Gerwig,"Leonardo DiCaprio, Zendaya, Song Kang",United States,TV-MA,2023,"January 22, 2023",3 Seasons,Docuseries,This is a placeholder description for the show or movie.
s1627,Movie,Title_1627,David Fincher,Shah Rukh Khan,United States,TV-MA,2017,"December 3, 2023",85 min,Action & Adventure,This is a placeholder description for the show or movie.
s1628,Movie,Title_1628,David Fincher,Song Kang,India,R,2022,"October 28, 2022",123 min,Thrillers,This is a placeholder description for the show or movie.
s1629,Movie,Title_1629,Bong Joon Ho,"Millie Bobby Brown, Henry Cavill, Song Kang",United States,TV-PG,2023,"October 12, 2023",101 min,Thrillers,This is a placeholder description for the show or movie.
s1630,Movie,Title_1630,Greta Gerwig,Song Kang,France,TV-MA,2008,"December 17, 2022",122 min,Documentaries,This is a placeholder description for the show or movie.
s1631,TV Show,Title_1631,Greta Gerwig,Song Kang,India,TV-MA,2010,"January 14, 2021",2 Seasons,TV Comedies,This is a placeholder description for the show or movie.
s1632,Movie,Title_1632,nan,"Henry Cavill, Millie Bobby Brown",India,PG-13,2009,"January 4, 2018",87 min,Action & Adventure,This is a placeholder description for the show or movie.
s1633,TV Show,Title_1633,Mike Flanagan,"Zendaya, Leonardo DiCaprio, Song Kang",France,TV-PG,2016,"October 2, 2017",3 Seasons,TV Comedies,This is a placeholder description for the show or movie.
s1634,TV Show,Title_1634,David Fincher,"Henry Cavill, Zendaya, Millie Bobby Brown",India,TV-PG,2016,"January 7, 2023",1 Seasons,Docuseries,This is a placeholder description for the show or movie.
s1635,TV Show,Title_1635,Bong Joon Ho,"Zendaya, Leonardo DiCaprio, Henry Cavill",United States,PG-13,2014,"July 18, 2021",3 Seasons,International TV Shows,This is a placeholder description for the show or movie.
s1636,Movie,Title_1636,nan,"Henry Cavill, Song Kang, Zendaya",South Korea,TV-PG,2013,"December 4, 2019",106 min,Action & Adventure,This is a placeholder description for the show or movie.
s1637,Movie,Title_1637,Martin Scorsese,Zendaya,India,TV-14,2019,"January 2, 2019",128 min,Dramas,This is a placeholder description for the show or movie.
s1638,Movie,Title_1638,David Fincher,"Millie Bobby Brown, Song Kang, Leonardo DiCaprio",United States,R,2011,"July 17, 2021",106 min,Comedies,This is a placeholder description for the show or movie.
s1639,TV Show,Title_1639,Mike Flanagan,"Henry Cavill, Song Kang",Canada,PG-13,2023,"January 4, 2023",2 Seasons,Docuseries,This is a placeholder description for the show or movie.
s1640,TV Show,Title_1640,Greta Gerwig,"Song Kang, Millie Bobby Brown, Shah Rukh Khan",South Korea,TV-MA,2015,"October 28, 2020",5 Seasons,TV Comedies,This is a placeholder description for the show or movie.
s1641,Movie,Title_1641,Bong Joon Ho,Millie Bobby Brown,South Korea,TV-PG,2018,"December 5, 2020",83 min,Thrillers,This is a placeholder description for the show or movie.
s1642,TV Show,Title_1642,David Fincher,"Millie Bobby Brown, Henry Cavill, Shah Rukh Khan",France,TV-14,2005,"January 13, 2016",4 Seasons,TV Dramas,This is a placeholder description for the show or movie.
s1643,Movie,Title_1643,Martin Scorsese,"Song Kang, Millie Bobby Brown",South Korea,TV-14,2013,"July 5, 2020",88 min,Dramas,This is a placeholder description for the show or movie.
s1644,Movie,Title_1644,Mike Flanagan,Millie Bobby Brown,South Korea,R,2018,"October 24, 2021",103 min,Documentaries,This is a placeholder description for the show or movie.
s1645,Movie,Title_1645,Mike Flanagan,"Leonardo DiCaprio, Song Kang",Japan,TV-14,2019,"July 4, 2019",99 min,Comedies,This is a placeholder description for the show or movie.
s1646,TV Show,Title_1646,nan,Zendaya,United States,TV-PG,2023,"January 23, 2023",4 Seasons,Docuseries,This is a placeholder description for the show or movie.
s1647,Movie,Title_1647,David Fincher,"Henry Cavill, Shah Rukh Khan",United States,TV-PG,2011,"December 2, 2020",94 min,Comedies,This is a placeholder description for the show or movie.
s1648,TV Show,Title_1648,Martin Scorsese,"Millie Bobby Brown, Henry Cavill",Canada,TV-14,2015,"October 28, 2020",4 Seasons,Docuseries,This is a placeholder description for the show or movie.
s1649,TV Show,Title_1649,Mike Flanagan,"Shah Rukh Khan, Song Kang",India,TV-PG,2023,"January 21, 2023",2 Seasons,Docuseries,This is a placeholder description for the show or movie.
s1650,TV Show,Title_1650,Bong Joon Ho,"Shah Rukh Khan, Henry Cavill",United States,TV-PG,2021,"December 17, 2021",5 Seasons,Docuseries,This is a placeholder description for the show or movie.
s1651,Movie,Title_1651,Mike Flanagan,"Song Kang, Millie Bobby Brown",United States,TV-MA,2016,"December 8, 2020",113 min,Thrillers,This is a placeholder description for the show or movie.
s1652,Movie,Title_1652,Martin Scorsese,Leonardo DiCaprio,United States,PG-13,2023,"January 18, 2023",150 min,Documentaries,This is a placeholder description for the show or movie.
s1653,Movie,Title_1653,Greta Gerwig,"Leonardo DiCaprio, Shah Rukh Khan, Zendaya",India,TV-PG,2013,"January 24, 2015",91 min,Thrillers,This is a placeholder description for the show or movie.
s1654,Movie,Title_1654,Greta Gerwig,"Shah Rukh Khan, Leonardo DiCaprio",South Korea,TV-PG,2020,"July 6, 2020",147 min,Comedies,This is a placeholder description for the show or movie.
s1655,Movie,Title_1655,nan,Shah Rukh Khan,France,R,2014,"January 12, 2023",86 min,Thrillers,This is a placeholder description for the show or movie.
s1656,TV Show,Title_1656,David Fincher,"Millie Bobby Brown, Leonardo DiCaprio, Shah Rukh Khan",South Korea,PG-13,2015,"January 3, 2019",3 Seasons,International TV Shows,This is a placeholder description for the show or movie.
s1657,Movie,Title_1657,Martin Scorsese,"Zendaya, Henry Cavill",South Korea,PG-13,2017,"December 21, 2018",143 min,Dramas,This is a placeholder description for the show or movie.
s1658,Movie,Title_1658,nan,Shah Rukh Khan,India,PG-13,2019,"July 17, 2023",145 min,Dramas,This is a placeholder description for the show or movie.
s1659,Movie,Title_1659,Mike Flanagan,"Shah Rukh Khan, Millie Bobby Brown, Leonardo DiCaprio",United States,TV-14,2012,"October 13, 2021",104 min,Comedies,This is a placeholder description for the show or movie.
s1660,Movie,Title_1660,Mike Flanagan,"Millie Bobby Brown, Henry Cavill",United States,TV-MA,2018,"January 8, 2020",149 min,Documentaries,This is a placeholder description for the show or movie.
s1661,Movie,Title_1661,Greta Gerwig,"Zendaya, Millie Bobby Brown, Song Kang",United Kingdom,TV-MA,2022,"December 18, 2022",81 min,Thrillers,This is a placeholder description for the show or movie.
s1662,Movie,Title_1662,nan,"Song Kang, Shah Rukh Khan, Henry Cavill",United States,R,2020,"October 12, 2022",84 min,Dramas,This is a placeholder description for the show or movie.
s1663,TV Show,Title_1663,Greta Gerwig,Henry Cavill,India,PG-13,2015,"January 12, 2020",4 Seasons,Docuseries,This is a placeholder description for the show or movie.
s1664,Movie,Title_1664,Bong Joon Ho,"Millie Bobby Brown, Song Kang, Shah Rukh Khan",United Kingdom,PG-13,2016,"July 16, 2019",94 min,Dramas,This is a placeholder description for the show or movie.
s1665,TV Show,Title_1665,Greta Gerwig,Song Kang,India,TV-PG,2016,"October 23, 2021",5 Seasons,International TV Shows,This is a placeholder description for the show or movie.
s1666,TV Show,Title_1666,Bong Joon Ho,"Millie Bobby Brown, Shah Rukh Khan",France,TV-14,2018,"October 4, 2021",1 Seasons,TV Dramas,This is a placeholder description for the show or movie.
s1667,Movie,Title_1667,Mike Flanagan,Leonardo DiCaprio,United Kingdom,TV-14,2017,"January 14, 2017",108 min,Comedies,This is a placeholder description for the show or movie.
s1668,TV Show,Title_1668,nan,"Henry Cavill, Leonardo DiCaprio",United States,R,2018,"October 27, 2020",1 Seasons,TV Comedies,This is a placeholder description for the show or movie.
s1669,Movie,Title_1669,Bong Joon Ho,"Leonardo DiCaprio, Millie Bobby Brown",India,TV-MA,2019,"July 20, 2019",107 min,Action & Adventure,This is a placeholder description for the show or movie.
s1670,TV Show,Title_1670,nan,"Henry Cavill, Shah Rukh Khan, Millie Bobby Brown",United Kingdom,PG-13,2012,"October 10, 2021",1 Seasons,TV Comedies,This is a placeholder description for the show or movie.
s1671,Movie,Title_1671,nan,"Millie Bobby Brown, Shah Rukh Khan, Song Kang",United States,R,2016,"January 8, 2020",120 min,Comedies,This is a placeholder description for the show or movie.
s1672,TV Show,Title_1672,Bong Joon Ho,"Song Kang, Zendaya",United States,TV-14,2016,"December 27, 2019",2 Seasons,Crime TV Shows,This is a placeholder description for the show or movie.
s1673,TV Show,Title_1673,David Fincher,"Zendaya, Henry Cavill, Millie Bobby Brown",India,TV-14,2015,"October 11, 2017",3 Seasons,Docuseries,This is a placeholder description for the show or movie.
s1674,TV Show,Title_1674,Greta Gerwig,Leonardo DiCaprio,France,TV-14,2020,"October 18, 2020",1 Seasons,TV Comedies,This is a placeholder description for the show or movie.
s1675,TV Show,Title_1675,Bong Joon Ho,Zendaya,India,PG-13,2018,"October 1, 2021",3 Seasons,Docuseries,This is a placeholder description for the show or movie.
s1676,Movie,Title_1676,Mike Flanagan,"Shah Rukh Khan, Henry Cavill, Millie Bobby Brown",France,PG-13,2015,"January 23, 2016",140 min,Action & Adventure,This is a placeholder description for the show or movie.
s1677,Movie,Title_1677,nan,"Shah Rukh Khan, Henry Cavill, Leonardo DiCaprio",South Korea,PG-13,2023,"January 20, 2023",136 min,Documentaries,This is a placeholder description for the show or movie.
s1678,Movie,Title_1678,Martin Scorsese,"Shah Rukh Khan, Zendaya, Song Kang",United States,TV-PG,2021,"December 26, 2023",129 min,Comedies,This is a placeholder description for the show or movie.
s1679,Movie,Title_1679,Bong Joon Ho,"Zendaya, Henry Cavill, Leonardo DiCaprio",Canada,TV-MA,2021,"December 24, 2021",82 min,Action & Adventure,This is a placeholder description for the show or movie.
s1680,TV Show,Title_1680,Greta Gerwig,"Zendaya, Millie Bobby Brown, Henry Cavill",India,TV-14,2017,"January 17, 2017",3 Seasons,TV Comedies,This is a placeholder description for the show or movie.
s1681,Movie,Title_1681,nan,"Millie Bobby Brown, Henry Cavill",United States,TV-14,2022,"July 19, 2022",105 min,Dramas,This is a placeholder description for the show or movie.
s1682,TV Show,Title_1682,David Fincher,"Song Kang, Zendaya",United Kingdom,TV-PG,2015,"July 2, 2016",4 Seasons,Crime TV Shows,This is a placeholder description for the show or movie.
s1683,Movie,Title_1683,Mike Flanagan,Zendaya,Canada,TV-14,2011,"July 28, 2022",107 min,Dramas,This is a placeholder description for the show or movie.
s1684,TV Show,Title_1684,David Fincher,Song Kang,United States,TV-14,2018,"October 7, 2020",3 Seasons,Crime TV Shows,This is a placeholder description for the show or movie.
s1685,Movie,Title_1685,Martin Scorsese,"Millie Bobby Brown, Zendaya, Song Kang",France,PG-13,2013,"December 2, 2015",86 min,Comedies,This is a placeholder description for the show or movie.
s1686,TV Show,Title_1686,Bong Joon Ho,"Shah Rukh Khan, Henry Cavill",South Korea,PG-13,2022,"October 2, 2022",1 Seasons,International TV Shows,This is a placeholder description for the show or movie.
s1687,TV Show,Title_1687,nan,Millie Bobby Brown,France,TV-MA,2022,"January 6, 2022",1 Seasons,TV Dramas,This is a placeholder description for the show or movie.
s1688,Movie,Title_1688,Bong Joon Ho,"Shah Rukh Khan, Millie Bobby Brown",United States,TV-14,2016,"December 5, 2022",93 min,Dramas,This is a placeholder description for the show or movie.
s1689,Movie,Title_1689,Greta Gerwig,"Millie Bobby Brown, Leonardo DiCaprio",France,R,2021,"January 1, 2022",116 min,Dramas,This is a placeholder description for the show or movie.
s1690,TV Show,Title_1690,Bong Joon Ho,"Millie Bobby Brown, Song Kang, Zendaya",United States,TV-14,2016,"October 7, 2021",3 Seasons,Crime TV Shows,This is a placeholder description for the show or movie.
s1691,Movie,Title_1691,Mike Flanagan,"Millie Bobby Brown, Zendaya, Henry Cavill",United States,TV-14,2023,"December 3, 2023",82 min,Comedies,This is a placeholder description for the show or movie.
s1692,Movie,Title_1692,Martin Scorsese,Song Kang,South Korea,TV-MA,2015,"October 18, 2023",129 min,Thrillers,This is a placeholder description for the show or movie.
s1693,Movie,Title_1693,David Fincher,"Zendaya, Henry Cavill",Canada,R,2014,"December 22, 2021",95 min,Dramas,This is a placeholder description for the show or movie.
s1694,Movie,Title_1694,Martin Scorsese,"Shah Rukh Khan, Song Kang, Zendaya",India,TV-14,2017,"July 3, 2017",101 min,Documentaries,This is a placeholder description for the show or movie.
s1695,Movie,Title_1695,nan,"Millie Bobby Brown, Henry Cavill",India,R,2023,"January 25, 2023",114 min,Dramas,This is a placeholder description for the show or movie.
s1696,Movie,Title_1696,Bong Joon Ho,Henry Cavill,United States,PG-13,2008,"October 23, 2021",150 min,Action & Adventure,This is a placeholder description for the show or movie.
s1697,Movie,Title_1697,nan,Shah Rukh Khan,United Kingdom,PG-13,2020,"December 26, 2020",127 min,Documentaries,This is a placeholder description for the show or movie.
s1698,Movie,Title_1698,David Fincher,"Shah Rukh Khan, Millie Bobby Brown",India,R,2018,"October 8, 2018",99 min,Dramas,This is a placeholder description for the show or movie.
s1699,TV Show,Title_1699,nan,Zendaya,India,TV-14,2021,"January 1, 2021",2 Seasons,TV Comedies,This is a placeholder description for the show or movie.
s1700,Movie,Title_1700,Greta Gerwig,"Leonardo DiCaprio, Zendaya",India,R,2017,"December 5, 2020",107 min,Action & Adventure,This is a placeholder description for the show or movie.
s1701,TV Show,Title_1701,Martin Scorsese,"Millie Bobby Brown, Shah Rukh Khan",France,R,2020,"July 20, 2020",5 Seasons,TV Dramas,This is a placeholder description for the show or movie.
s1702,Movie,Title_1702,David Fincher,Henry Cavill,United Kingdom,PG-13,2008,"December 17, 2023",127 min,Thrillers,This is a placeholder description for the show or movie.
s1703,Movie,Title_1703,David Fincher,Henry Cavill,Canada,R,2023,"January 10, 2023",130 min,Comedies,This is a placeholder description for the show or movie.
s1704,Movie,Title_1704,David Fincher,Song Kang,France,TV-PG,2016,"July 23, 2019",131 min,Comedies,This is a placeholder description for the show or movie.
s1705,Movie,Title_1705,Mike Flanagan,"Millie Bobby Brown, Song Kang",India,TV-PG,2023,"December 10, 2023",117 min,Documentaries,This is a placeholder description for the show or movie.
s1706,Movie,Title_1706,Martin Scorsese,"Zendaya, Henry Cavill",United States,PG-13,2015,"January 28, 2015",115 min,Comedies,This is a placeholder description for the show or movie.
s1707,Movie,Title_1707,nan,"Millie Bobby Brown, Leonardo DiCaprio, Shah Rukh Khan",United States,TV-14,2016,"December 11, 2018",89 min,Dramas,This is a placeholder description for the show or movie.
s1708,Movie,Title_1708,David Fincher,Millie Bobby Brown,Canada,TV-14,2018,"October 5, 2018",104 min,Dramas,This is a placeholder description for the show or movie.
s1709,Movie,Title_1709,Martin Scorsese,Shah Rukh Khan,United States,PG-13,2014,"December 5, 2021",80 min,Comedies,This is a placeholder description for the show or movie.
s1710,TV Show,Title_1710,David Fincher,Henry Cavill,India,TV-14,2020,"December 25, 2021",1 Seasons,Docuseries,This is a placeholder description for the show or movie.
s1711,Movie,Title_1711,Greta Gerwig,"Henry Cavill, Leonardo DiCaprio",United States,TV-MA,2017,"December 27, 2018",102 min,Thrillers,This is a placeholder description for the show or movie.
s1712,Movie,Title_1712,Greta Gerwig,Leonardo DiCaprio,United States,TV-PG,2017,"July 9, 2021",108 min,Dramas,This is a placeholder description for the show or movie.
s1713,TV Show,Title_1713,Greta Gerwig,"Shah Rukh Khan, Millie Bobby Brown",India,TV-MA,2007,"January 6, 2021",1 Seasons,Docuseries,This is a placeholder description for the show or movie.
s1714,Movie,Title_1714,Bong Joon Ho,Shah Rukh Khan,France,TV-MA,2019,"October 24, 2020",126 min,Thrillers,This is a placeholder description for the show or movie.
s1715,Movie,Title_1715,David Fincher,"Song Kang, Henry Cavill",United Kingdom,TV-MA,2017,"October 17, 2017",88 min,Comedies,This is a placeholder description for the show or movie.
s1716,TV Show,Title_1716,Bong Joon Ho,"Millie Bobby Brown, Song Kang",France,PG-13,2015,"December 21, 2023",1 Seasons,TV Comedies,This is a placeholder description for the show or movie.
s1717,Movie,Title_1717,Martin Scorsese,"Leonardo DiCaprio, Song Kang",France,TV-MA,2018,"July 18, 2019",100 min,Action & Adventure,This is a placeholder description for the show or movie.
s1718,TV Show,Title_1718,Bong Joon Ho,"Millie Bobby Brown, Zendaya",United States,R,2018,"July 1, 2021",1 Seasons,Docuseries,This is a placeholder description for the show or movie.
s1719,TV Show,Title_1719,Martin Scorsese,Henry Cavill,United States,TV-14,2021,"July 8, 2021",1 Seasons,TV Comedies,This is a placeholder description for the show or movie.
s1720,Movie,Title_1720,Martin Scorsese,"Zendaya, Shah Rukh Khan",South Korea,PG-13,2020,"January 22, 2023",149 min,Thrillers,This is a placeholder description for the show or movie.
s1721,Movie,Title_1721,Martin Scorsese,"Shah Rukh Khan, Leonardo DiCaprio, Song Kang",Japan,R,2023,"October 5, 2023",105 min,Thrillers,This is a placeholder description for the show or movie.
s1722,Movie,Title_1722,nan,"Leonardo DiCaprio, Song Kang, Millie Bobby Brown",India,R,2014,"December 5, 2023",114 min,Action & Adventure,This is a placeholder description for the show or movie.
s1723,Movie,Title_1723,Bong Joon Ho,"Shah Rukh Khan, Henry Cavill",France,TV-PG,2014,"October 12, 2021",111 min,Documentaries,This is a placeholder description for the show or movie.
s1724,Movie,Title_1724,nan,Henry Cavill,United States,TV-PG,2021,"July 27, 2021",100 min,Dramas,This is a placeholder description for the show or movie.
s1725,TV Show,Title_1725,David Fincher,"Shah Rukh Khan, Song Kang, Zendaya",United States,R,2018,"January 27, 2022",2 Seasons,Docuseries,This is a placeholder description for the show or movie.
s1726,Movie,Title_1726,Bong Joon Ho,"Millie Bobby Brown, Henry Cavill, Shah Rukh Khan",United Kingdom,TV-PG,2014,"October 19, 2023",114 min,Action & Adventure,This is a placeholder description for the show or movie.
s1727,Movie,Title_1727,David Fincher,"Henry Cavill, Song Kang",India,TV-14,2011,"October 4, 2023",120 min,Action & Adventure,This is a placeholder description for the show or movie.
s1728,TV Show,Title_1728,David Fincher,"Henry Cavill, Song Kang, Millie Bobby Brown",United States,TV-14,2023,"July 28, 2023",2 Seasons,TV Dramas,This is a placeholder description for the show or movie.
s1729,TV Show,Title_1729,Martin Scorsese,Millie Bobby Brown,United States,TV-PG,2015,"January 5, 2018",4 Seasons,TV Dramas,This is a placeholder description for the show or movie.
s1730,Movie,Title_1730,Bong Joon Ho,Zendaya,United States,TV-MA,2017,"July 6, 2019",142 min,Comedies,This is a placeholder description for the show or movie.
s1731,Movie,Title_1731,David Fincher,"Song Kang, Henry Cavill",United Kingdom,R,2023,"July 21, 2023",129 min,Dramas,This is a placeholder description for the show or movie.
s1732,Movie,Title_1732,Greta Gerwig,Leonardo DiCaprio,Japan,TV-14,2018,"October 13, 2018",87 min,Documentaries,This is a placeholder description for the show or movie.
s1733,Movie,Title_1733,David Fincher,Henry Cavill,Japan,TV-PG,2015,"October 22, 2019",124 min,Dramas,This is a placeholder description for the show or movie.
s1734,Movie,Title_1734,Greta Gerwig,"Henry Cavill, Zendaya, Shah Rukh Khan",United Kingdom,TV-PG,2012,"July 4, 2016",150 min,Action & Adventure,This is a placeholder description for the show or movie.
s1735,Movie,Title_1735,Bong Joon Ho,Leonardo DiCaprio,India,TV-14,2023,"October 12, 2023",97 min,Thrillers,This is a placeholder description for the show or movie.
s1736,TV Show,Title_1736,nan,Millie Bobby Brown,India,TV-14,2013,"December 20, 2022",2 Seasons,Crime TV Shows,This is a placeholder description for the show or movie.
s1737,Movie,Title_1737,Bong Joon Ho,"Zendaya, Shah Rukh Khan, Millie Bobby Brown",United States,TV-MA,2012,"January 12, 2016",96 min,Thrillers,This is a placeholder description for the show or movie.
s1738,Movie,Title_1738,nan,"Song Kang, Millie Bobby Brown, Shah Rukh Khan",United States,TV-PG,2013,"October 2, 2023",136 min,Documentaries,This is a placeholder description for the show or movie.
s1739,Movie,Title_1739,nan,Shah Rukh Khan,United States,TV-PG,2016,"December 28, 2016",100 min,Dramas,This is a placeholder description for the show or movie.
s1740,Movie,Title_1740,Bong Joon Ho,"Shah Rukh Khan, Zendaya, Leonardo DiCaprio",South Korea,PG-13,2023,"December 14, 2023",137 min,Action & Adventure,This is a placeholder description for the show or movie.
s1741,TV Show,Title_1741,David Fincher,Shah Rukh Khan,France,TV-MA,2008,"January 13, 2019",3 Seasons,Crime TV Shows,This is a placeholder description for the show or movie.
s1742,TV Show,Title_1742,Mike Flanagan,Zendaya,India,TV-14,2020,"October 9, 2021",4 Seasons,TV Dramas,This is a placeholder description for the show or movie.
s1743,TV Show,Title_1743,David Fincher,"Shah Rukh Khan, Leonardo DiCaprio",Canada,TV-14,2023,"October 5, 2023",2 Seasons,TV Dramas,This is a placeholder description for the show or movie.
s1744,Movie,Title_1744,David Fincher,"Zendaya, Henry Cavill, Millie Bobby Brown",United States,R,2018,"December 8, 2018",116 min,Action & Adventure,This is a placeholder description for the show or movie.
s1745,Movie,Title_1745,Martin Scorsese,Shah Rukh Khan,United Kingdom,TV-14,2010,"July 25, 2022",130 min,Dramas,This is a placeholder description for the show or movie.
s1746,Movie,Title_1746,Martin Scorsese,"Henry Cavill, Shah Rukh Khan, Leonardo DiCaprio",Canada,TV-PG,2020,"July 6, 2020",108 min,Comedies,This is a placeholder description for the show or movie.
s1747,Movie,Title_1747,David Fincher,Song Kang,India,TV-14,2020,"December 4, 2020",96 min,Dramas,This is a placeholder description for the show or movie.
s1748,Movie,Title_1748,Greta Gerwig,"Henry Cavill, Zendaya",United States,TV-PG,2012,"July 4, 2020",96 min,Thrillers,This is a placeholder description for the show or movie.
s1749,TV Show,Title_1749,nan,Zendaya,Japan,TV-PG,2023,"October 2, 2023",3 Seasons,International TV Shows,This is a placeholder description for the show or movie.
s1750,Movie,Title_1750,Martin Scorsese,"Zendaya, Leonardo DiCaprio",Canada,TV-MA,2021,"January 7, 2021",134 min,Comedies,This is a placeholder description for the show or movie.
s1751,Movie,Title_1751,David Fincher,Millie Bobby Brown,Japan,TV-14,2019,"January 14, 2020",145 min,Comedies,This is a placeholder description for the show or movie.
s1752,Movie,Title_1752,Mike Flanagan,Millie Bobby Brown,South Korea,TV-MA,2012,"December 22, 2020",142 min,Documentaries,This is a placeholder description for the show or movie.
s1753,Movie,Title_1753,Greta Gerwig,Millie Bobby Brown,France,TV-PG,2011,"October 15, 2019",111 min,Thrillers,This is a placeholder description for the show or movie.
s1754,Movie,Title_1754,Bong Joon Ho,"Song Kang, Millie Bobby Brown",United States,TV-14,2023,"July 17, 2023",138 min,Comedies,This is a placeholder description for the show or movie.
s1755,TV Show,Title_1755,David Fincher,"Leonardo DiCaprio, Henry Cavill, Song Kang",United States,TV-14,2013,"December 15, 2019",3 Seasons,Crime TV Shows,This is a placeholder description for the show or movie.
s1756,TV Show,Title_1756,David Fincher,"Shah Rukh Khan, Zendaya",United States,TV-MA,2013,"January 7, 2019",1 Seasons,Docuseries,This is a placeholder description for the show or movie.
s1757,TV Show,Title_1757,nan,Henry Cavill,United States,TV-MA,2023,"January 18, 2023",1 Seasons,TV Comedies,This is a placeholder description for the show or movie.
s1758,Movie,Title_1758,Greta Gerwig,"Millie Bobby Brown, Song Kang, Leonardo DiCaprio",India,TV-PG,2023,"October 28, 2023",147 min,Thrillers,This is a placeholder description for the show or movie.
s1759,Movie,Title_1759,Martin Scorsese,Leonardo DiCaprio,United Kingdom,TV-PG,2019,"October 21, 2022",141 min,Documentaries,This is a placeholder description for the show or movie.
s1760,Movie,Title_1760,Martin Scorsese,"Henry Cavill, Song Kang",India,TV-14,2016,"January 10, 2016",129 min,Documentaries,This is a placeholder description for the show or movie.
s1761,Movie,Title_1761,Martin Scorsese,"Leonardo DiCaprio, Song Kang, Millie Bobby Brown",United States,TV-14,2023,"December 18, 2023",100 min,Dramas,This is a placeholder description for the show or movie.
s1762,TV Show,Title_1762,Bong Joon Ho,Millie Bobby Brown,France,PG-13,2016,"October 2, 2020",2 Seasons,TV Dramas,This is a placeholder description for the show or movie.
s1763,Movie,Title_1763,Greta Gerwig,"Millie Bobby Brown, Zendaya, Shah Rukh Khan",United States,PG-13,2023,"October 28, 2023",97 min,Thrillers,This is a placeholder description for the show or movie.
s1764,Movie,Title_1764,Greta Gerwig,"Shah Rukh Khan, Song Kang",United States,R,2010,"October 18, 2020",102 min,Comedies,This is a placeholder description for the show or movie.
s1765,Movie,Title_1765,Martin Scorsese,Song Kang,Canada,TV-PG,2017,"October 2, 2023",133 min,Comedies,This is a placeholder description for the show or movie.
s1766,Movie,Title_1766,Martin Scorsese,"Zendaya, Leonardo DiCaprio",South Korea,R,2023,"October 8, 2023",148 min,Dramas,This is a placeholder description for the show or movie.
s1767,TV Show,Title_1767,nan,"Henry Cavill, Song Kang",India,R,2012,"January 8, 2017",1 Seasons,Docuseries,This is a placeholder description for the show or movie.
s1768,Movie,Title_1768,Mike Flanagan,"Leonardo DiCaprio, Zendaya, Shah Rukh Khan",United States,TV-MA,2023,"January 11, 2023",109 min,Documentaries,This is a placeholder description for the show or movie.
s1769,Movie,Title_1769,Mike Flanagan,"Millie Bobby Brown, Song Kang",United Kingdom,TV-MA,2010,"October 12, 2021",136 min,Thrillers,This is a placeholder description for the show or movie.
s1770,Movie,Title_1770,David Fincher,"Leonardo DiCaprio, Song Kang",United States,PG-13,2015,"July 16, 2023",147 min,Documentaries,This is a placeholder description for the show or movie.
s1771,Movie,Title_1771,David Fincher,Henry Cavill,United States,R,2019,"December 20, 2020",140 min,Documentaries,This is a placeholder description for the show or movie.
s1772,TV Show,Title_1772,Greta Gerwig,"Shah Rukh Khan, Henry Cavill",United Kingdom,PG-13,2016,"December 25, 2023",2 Seasons,TV Comedies,This is a placeholder description for the show or movie.
s1773,TV Show,Title_1773,Greta Gerwig,Henry Cavill,United States,TV-PG,2019,"January 1, 2019",2 Seasons,TV Comedies,This is a placeholder description for the show or movie.
s1774,TV Show,Title_1774,Bong Joon Ho,Zendaya,United States,TV-14,2014,"January 7, 2019",5 Seasons,Docuseries,This is a placeholder description for the show or movie.
s1775,TV Show,Title_1775,Bong Joon Ho,"Leonardo DiCaprio, Shah Rukh Khan",India,TV-MA,2013,"December 8, 2023",4 Seasons,Crime TV Shows,This is a placeholder description for the show or movie.
s1776,Movie,Title_1776,Mike Flanagan,"Millie Bobby Brown, Henry Cavill",France,TV-PG,2008,"October 25, 2019",121 min,Comedies,This is a placeholder description for the show or movie.
s1777,TV Show,Title_1777,David Fincher,"Shah Rukh Khan, Henry Cavill",France,TV-PG,2021,"July 9, 2021",3 Seasons,TV Comedies,This is a placeholder description for the show or movie.
s1778,Movie,Title_1778,Mike Flanagan,"Henry Cavill, Millie Bobby Brown, Shah Rukh Khan",India,TV-MA,2014,"December 23, 2021",104 min,Documentaries,This is a placeholder description for the show or movie.
s1779,Movie,Title_1779,Mike Flanagan,Millie Bobby Brown,United States,TV-MA,2013,"January 15, 2019",141 min,Comedies,This is a placeholder description for the show or movie.
s1780,TV Show,Title_1780,David Fincher,Leonardo DiCaprio,United States,R,2021,"December 20, 2021",4 Seasons,Docuseries,This is a placeholder description for the show or movie.
s1781,Movie,Title_1781,Bong Joon Ho,"Leonardo DiCaprio, Song Kang",United States,PG-13,2014,"January 13, 2023",80 min,Comedies,This is a placeholder description for the show or movie.
s1782,TV Show,Title_1782,nan,"Millie Bobby Brown, Leonardo DiCaprio, Henry Cavill",India,TV-PG,2018,"July 17, 2022",4 Seasons,TV Comedies,This is a placeholder description for the show or movie.
s1783,Movie,Title_1783,nan,Millie Bobby Brown,United Kingdom,R,2023,"July 21, 2023",144 min,Comedies,This is a placeholder description for the show or movie.
s1784,Movie,Title_1784,nan,"Leonardo DiCaprio, Song Kang",India,R,2023,"October 27, 2023",82 min,Documentaries,This is a placeholder description for the show or movie.
s1785,TV Show,Title_1785,David Fincher,"Shah Rukh Khan, Zendaya",India,TV-PG,2021,"January 17, 2021",3 Seasons,TV Comedies,This is a placeholder description for the show or movie.
s1786,TV Show,Title_1786,Martin Scorsese,"Zendaya, Song Kang",United States,TV-PG,2011,"July 12, 2020",4 Seasons,TV Dramas,This is a placeholder description for the show or movie.
s1787,Movie,Title_1787,Martin Scorsese,"Leonardo DiCaprio, Shah Rukh Khan",India,TV-14,2019,"October 28, 2021",133 min,Action & Adventure,This is a placeholder description for the show or movie.
s1788,Movie,Title_1788,Martin Scorsese,"Leonardo DiCaprio, Henry Cavill, Millie Bobby Brown",United States,PG-13,2017,"January 28, 2017",115 min,Dramas,This is a placeholder description for the show or movie.
s1789,Movie,Title_1789,Greta Gerwig,"Shah Rukh Khan, Henry Cavill, Millie Bobby Brown",India,TV-PG,2021,"July 11, 2021",133 min,Thrillers,This is a placeholder description for the show or movie.
s1790,Movie,Title_1790,Bong Joon Ho,"Henry Cavill, Song Kang, Zendaya",United Kingdom,TV-MA,2023,"July 3, 2023",142 min,Thrillers,This is a placeholder description for the show or movie.
s1791,Movie,Title_1791,Bong Joon Ho,"Shah Rukh Khan, Millie Bobby Brown, Henry Cavill",United Kingdom,TV-14,2019,"January 17, 2021",88 min,Dramas,This is a placeholder description for the show or movie.
s1792,TV Show,Title_1792,Greta Gerwig,"Zendaya, Henry Cavill",India,PG-13,2020,"December 21, 2020",2 Seasons,Crime TV Shows,This is a placeholder description for the show or movie.
s1793,Movie,Title_1793,Mike Flanagan,"Zendaya, Henry Cavill",India,TV-MA,2022,"January 8, 2022",83 min,Comedies,This is a placeholder description for the show or movie.
s1794,TV Show,Title_1794,nan,"Leonardo DiCaprio, Zendaya, Shah Rukh Khan",United States,TV-MA,2014,"October 27, 2017",2 Seasons,TV Comedies,This is a placeholder description for the show or movie.
s1795,Movie,Title_1795,Martin Scorsese,"Shah Rukh Khan, Song Kang, Zendaya",United States,PG-13,2016,"December 24, 2016",112 min,Documentaries,This is a placeholder description for the show or movie.
s1796,Movie,Title_1796,nan,"Henry Cavill, Leonardo DiCaprio",United Kingdom,TV-14,2023,"December 7, 2023",113 min,Comedies,This is a placeholder description for the show or movie.
s1797,TV Show,Title_1797,Martin Scorsese,Millie Bobby Brown,United States,TV-MA,2020,"December 3, 2020",3 Seasons,TV Dramas,This is a placeholder description for the show or movie.
s1798,Movie,Title_1798,nan,Zendaya,United Kingdom,R,2017,"October 7, 2022",150 min,Action & Adventure,This is a placeholder description for the show or movie.
s1799,Movie,Title_1799,Mike Flanagan,"Song Kang, Henry Cavill",Canada,PG-13,2023,"January 25, 2023",143 min,Dramas,This is a placeholder description for the show or movie.
s1800,Movie,Title_1800,nan,Millie Bobby Brown,France,PG-13,2012,"December 12, 2023",80 min,Dramas,This is a placeholder description for the show or movie.
s1801,TV Show,Title_1801,nan,"Henry Cavill, Millie Bobby Brown, Zendaya",France,TV-PG,2009,"January 11, 2016",2 Seasons,TV Comedies,This is a placeholder description for the show or movie.
s1802,TV Show,Title_1802,David Fincher,Millie Bobby Brown,United States,TV-14,2016,"January 17, 2016",4 Seasons,TV Dramas,This is a placeholder description for the show or movie.
s1803,Movie,Title_1803,nan,Zendaya,France,R,2023,"December 16, 2023",89 min,Action & Adventure,This is a placeholder description for the show or movie.
s1804,Movie,Title_1804,David Fincher,"Henry Cavill, Shah Rukh Khan, Song Kang",United Kingdom,R,2015,"July 4, 2023",97 min,Thrillers,This is a placeholder description for the show or movie.
s1805,Movie,Title_1805,Bong Joon Ho,"Leonardo DiCaprio, Song Kang",United Kingdom,TV-PG,2023,"December 7, 2023",140 min,Documentaries,This is a placeholder description for the show or movie.
s1806,TV Show,Title_1806,Greta Gerwig,Millie Bobby Brown,United States,TV-MA,2015,"January 7, 2023",5 Seasons,Crime TV Shows,This is a placeholder description for the show or movie.
s1807,TV Show,Title_1807,nan,Shah Rukh Khan,Japan,TV-MA,2021,"October 15, 2021",1 Seasons,TV Dramas,This is a placeholder description for the show or movie.
s1808,Movie,Title_1808,Bong Joon Ho,"Zendaya, Shah Rukh Khan, Song Kang",United States,R,2023,"January 27, 2023",109 min,Documentaries,This is a placeholder description for the show or movie.
s1809,Movie,Title_1809,David Fincher,"Leonardo DiCaprio, Zendaya",South Korea,TV-14,2015,"December 2, 2020",106 min,Thrillers,This is a placeholder description for the show or movie.
s1810,Movie,Title_1810,nan,"Zendaya, Song Kang, Henry Cavill",United States,TV-MA,2023,"December 25, 2023",135 min,Dramas,This is a placeholder description for the show or movie.
s1811,TV Show,Title_1811,nan,"Song Kang, Zendaya, Leonardo DiCaprio",United Kingdom,PG-13,2016,"January 22, 2023",4 Seasons,International TV Shows,This is a placeholder description for the show or movie.
s1812,TV Show,Title_1812,Mike Flanagan,Henry Cavill,India,TV-PG,2015,"July 7, 2023",1 Seasons,TV Dramas,This is a placeholder description for the show or movie.
s1813,Movie,Title_1813,Bong Joon Ho,Henry Cavill,United States,TV-14,2023,"October 5, 2023",120 min,Comedies,This is a placeholder description for the show or movie.
s1814,Movie,Title_1814,Martin Scorsese,"Millie Bobby Brown, Zendaya",United States,TV-MA,2015,"December 22, 2019",111 min,Documentaries,This is a placeholder description for the show or movie.
s1815,Movie,Title_1815,Martin Scorsese,Millie Bobby Brown,India,R,2023,"July 7, 2023",126 min,Thrillers,This is a placeholder description for the show or movie.
s1816,TV Show,Title_1816,Mike Flanagan,"Henry Cavill, Song Kang",United States,TV-PG,2018,"July 14, 2018",1 Seasons,TV Comedies,This is a placeholder description for the show or movie.
s1817,Movie,Title_1817,David Fincher,Zendaya,India,TV-MA,2018,"January 4, 2020",146 min,Comedies,This is a placeholder description for the show or movie.
s1818,TV Show,Title_1818,Martin Scorsese,"Song Kang, Zendaya, Shah Rukh Khan",United Kingdom,R,2011,"January 18, 2020",5 Seasons,TV Comedies,This is a placeholder description for the show or movie.
s1819,Movie,Title_1819,Martin Scorsese,"Leonardo DiCaprio, Zendaya",South Korea,TV-MA,2023,"December 9, 2023",85 min,Dramas,This is a placeholder description for the show or movie.
s1820,Movie,Title_1820,Greta Gerwig,Zendaya,United Kingdom,TV-PG,2022,"January 15, 2023",124 min,Thrillers,This is a placeholder description for the show or movie.
s1821,Movie,Title_1821,Bong Joon Ho,Henry Cavill,United States,PG-13,2015,"October 23, 2023",80 min,Thrillers,This is a placeholder description for the show or movie.
s1822,Movie,Title_1822,David Fincher,"Henry Cavill, Zendaya",United States,PG-13,2014,"October 18, 2021",114 min,Dramas,This is a placeholder description for the show or movie.
s1823,Movie,Title_1823,nan,"Song Kang, Henry Cavill",United States,R,2016,"October 15, 2019",102 min,Comedies,This is a placeholder description for the show or movie.
s1824,TV Show,Title_1824,Bong Joon Ho,"Zendaya, Song Kang",France,PG-13,2014,"October 27, 2022",2 Seasons,TV Dramas,This is a placeholder description for the show or movie.
s1825,Movie,Title_1825,David Fincher,Leonardo DiCaprio,Japan,TV-PG,2022,"December 18, 2022",117 min,Thrillers,This is a placeholder description for the show or movie.
s1826,Movie,Title_1826,Martin Scorsese,Song Kang,United States,R,2011,"July 22, 2021",117 min,Documentaries,This is a placeholder description for the show or movie.
s1827,Movie,Title_1827,Greta Gerwig,Henry Cavill,United States,TV-MA,2020,"July 16, 2020",112 min,Action & Adventure,This is a placeholder description for the show or movie.
s1828,TV Show,Title_1828,Bong Joon Ho,"Song Kang, Leonardo DiCaprio",Japan,TV-14,2023,"October 9, 2023",3 Seasons,TV Dramas,This is a placeholder description for the show or movie.
s1829,TV Show,Title_1829,Martin Scorsese,"Zendaya, Millie Bobby Brown",Japan,TV-MA,2006,"July 2, 2017",2 Seasons,International TV Shows,This is a placeholder description for the show or movie.
s1830,Movie,Title_1830,David Fincher,Millie Bobby Brown,Japan,TV-PG,2021,"December 15, 2021",148 min,Thrillers,This is a placeholder description for the show or movie.
s1831,TV Show,Title_1831,Bong Joon Ho,Song Kang,South Korea,R,2013,"October 10, 2022",2 Seasons,International TV Shows,This is a placeholder description for the show or movie.
s1832,Movie,Title_1832,nan,"Zendaya, Leonardo DiCaprio",India,TV-MA,2020,"December 6, 2021",126 min,Action & Adventure,This is a placeholder description for the show or movie.
s1833,Movie,Title_1833,Bong Joon Ho,"Shah Rukh Khan, Song Kang",United States,R,2021,"July 18, 2021",149 min,Dramas,This is a placeholder description for the show or movie.
s1834,TV Show,Title_1834,Martin Scorsese,"Shah Rukh Khan, Henry Cavill",India,PG-13,2016,"October 16, 2022",5 Seasons,Docuseries,This is a placeholder description for the show or movie.
s1835,TV Show,Title_1835,Bong Joon Ho,Millie Bobby Brown,India,TV-14,2011,"December 9, 2013",3 Seasons,International TV Shows,This is a placeholder description for the show or movie.
s1836,TV Show,Title_1836,nan,Henry Cavill,India,TV-PG,2015,"January 23, 2022",5 Seasons,International TV Shows,This is a placeholder description for the show or movie.
s1837,Movie,Title_1837,Greta Gerwig,"Leonardo DiCaprio, Song Kang",India,TV-MA,2019,"January 13, 2022",102 min,Documentaries,This is a placeholder description for the show or movie.
s1838,Movie,Title_1838,Greta Gerwig,"Zendaya, Henry Cavill, Leonardo DiCaprio",United States,TV-14,2007,"December 4, 2020",90 min,Comedies,This is a placeholder description for the show or movie.
s1839,TV Show,Title_1839,Martin Scorsese,Song Kang,United States,TV-PG,2021,"October 27, 2021",5 Seasons,TV Dramas,This is a placeholder description for the show or movie.
s1840,Movie,Title_1840,David Fincher,"Henry Cavill, Leonardo DiCaprio",India,TV-PG,2022,"July 8, 2022",85 min,Thrillers,This is a placeholder description for the show or movie.
s1841,Movie,Title_1841,Martin Scorsese,"Song Kang, Zendaya",United States,PG-13,2023,"January 6, 2023",116 min,Documentaries,This is a placeholder description for the show or movie.
s1842,Movie,Title_1842,Greta Gerwig,Henry Cavill,India,R,2023,"July 18, 2023",94 min,Documentaries,This is a placeholder description for the show or movie.
s1843,Movie,Title_1843,Mike Flanagan,Zendaya,South Korea,R,2009,"December 15, 2018",110 min,Action & Adventure,This is a placeholder description for the show or movie.
s1844,Movie,Title_1844,Mike Flanagan,Leonardo DiCaprio,South Korea,TV-14,2019,"January 2, 2023",118 min,Action & Adventure,This is a placeholder description for the show or movie.
s1845,TV Show,Title_1845,Bong Joon Ho,"Millie Bobby Brown, Zendaya",India,PG-13,2023,"December 24, 2023",1 Seasons,TV Comedies,This is a placeholder description for the show or movie.
s1846,Movie,Title_1846,nan,Song Kang,India,TV-PG,2013,"December 27, 2023",89 min,Action & Adventure,This is a placeholder description for the show or movie.
s1847,Movie,Title_1847,Bong Joon Ho,"Shah Rukh Khan, Henry Cavill, Millie Bobby Brown",United States,PG-13,2019,"July 15, 2019",140 min,Thrillers,This is a placeholder description for the show or movie.
s1848,Movie,Title_1848,Mike Flanagan,"Shah Rukh Khan, Zendaya",United Kingdom,PG-13,2016,"October 5, 2017",91 min,Documentaries,This is a placeholder description for the show or movie.
s1849,TV Show,Title_1849,Greta Gerwig,Shah Rukh Khan,India,TV-14,2018,"December 12, 2018",2 Seasons,International TV Shows,This is a placeholder description for the show or movie.
s1850,Movie,Title_1850,Bong Joon Ho,"Shah Rukh Khan, Zendaya",India,R,2012,"July 17, 2021",87 min,Dramas,This is a placeholder description for the show or movie.
s1851,Movie,Title_1851,Martin Scorsese,Song Kang,Japan,PG-13,2021,"October 26, 2021",147 min,Documentaries,This is a placeholder description for the show or movie.
s1852,TV Show,Title_1852,nan,"Henry Cavill, Shah Rukh Khan, Song Kang",India,PG-13,2023,"December 3, 2023",2 Seasons,Crime TV Shows,This is a placeholder description for the show or movie.
s1853,TV Show,Title_1853,Martin Scorsese,"Zendaya, Leonardo DiCaprio",United States,PG-13,2016,"December 1, 2021",4 Seasons,International TV Shows,This is a placeholder description for the show or movie.
s1854,TV Show,Title_1854,nan,Millie Bobby Brown,United States,TV-MA,2017,"December 16, 2020",2 Seasons,International TV Shows,This is a placeholder description for the show or movie.
s1855,TV Show,Title_1855,Greta Gerwig,"Zendaya, Leonardo DiCaprio",India,PG-13,2005,"December 10, 2020",3 Seasons,Docuseries,This is a placeholder description for the show or movie.
s1856,Movie,Title_1856,Bong Joon Ho,"Shah Rukh Khan, Millie Bobby Brown, Henry Cavill",India,PG-13,2008,"December 2, 2016",108 min,Comedies,This is a placeholder description for the show or movie.
s1857,TV Show,Title_1857,nan,Song Kang,Japan,TV-PG,2011,"July 24, 2016",1 Seasons,TV Comedies,This is a placeholder description for the show or movie.
s1858,Movie,Title_1858,Martin Scorsese,"Henry Cavill, Shah Rukh Khan, Zendaya",India,TV-MA,2015,"October 14, 2018",143 min,Dramas,This is a placeholder description for the show or movie.
s1859,TV Show,Title_1859,Bong Joon Ho,"Millie Bobby Brown, Song Kang",United Kingdom,PG-13,2021,"July 10, 2021",3 Seasons,Crime TV Shows,This is a placeholder description for the show or movie.
s1860,TV Show,Title_1860,Bong Joon Ho,"Henry Cavill, Shah Rukh Khan",India,PG-13,2008,"October 1, 2020",1 Seasons,Docuseries,This is a placeholder description for the show or movie.
s1861,TV Show,Title_1861,Martin Scorsese,"Henry Cavill, Song Kang",India,TV-14,2019,"January 27, 2019",1 Seasons,Docuseries,This is a placeholder description for the show or movie.
s1862,TV Show,Title_1862,Mike Flanagan,Millie Bobby Brown,India,TV-14,2017,"January 23, 2020",3 Seasons,TV Dramas,This is a placeholder description for the show or movie.
s1863,Movie,Title_1863,nan,Millie Bobby Brown,India,TV-MA,2021,"December 27, 2021",140 min,Thrillers,This is a placeholder description for the show or movie.
s1864,Movie,Title_1864,Martin Scorsese,"Shah Rukh Khan, Henry Cavill, Zendaya",India,TV-PG,2016,"October 26, 2023",125 min,Dramas,This is a placeholder description for the show or movie.
s1865,TV Show,Title_1865,Greta Gerwig,"Leonardo DiCaprio, Song Kang",United States,TV-MA,2023,"December 5, 2023",4 Seasons,International TV Shows,This is a placeholder description for the show or movie.
s1866,TV Show,Title_1866,David Fincher,Song Kang,Japan,TV-MA,2020,"December 1, 2023",2 Seasons,Crime TV Shows,This is a placeholder description for the show or movie.
s1867,Movie,Title_1867,Martin Scorsese,"Song Kang, Millie Bobby Brown, Shah Rukh Khan",United States,TV-14,2023,"October 22, 2023",149 min,Documentaries,This is a placeholder description for the show or movie.
s1868,Movie,Title_1868,Bong Joon Ho,"Song Kang, Millie Bobby Brown, Henry Cavill",United States,TV-14,2013,"July 28, 2019",143 min,Documentaries,This is a placeholder description for the show or movie.
s1869,Movie,Title_1869,Bong Joon Ho,"Henry Cavill, Shah Rukh Khan",United States,TV-PG,2023,"October 21, 2023",140 min,Dramas,This is a placeholder description for the show or movie.
s1870,TV Show,Title_1870,Martin Scorsese,"Song Kang, Millie Bobby Brown, Zendaya",United States,PG-13,2015,"December 19, 2015",3 Seasons,TV Comedies,This is a placeholder description for the show or movie.
s1871,TV Show,Title_1871,David Fincher,"Millie Bobby Brown, Leonardo DiCaprio, Shah Rukh Khan",India,TV-PG,2018,"July 8, 2018",2 Seasons,TV Comedies,This is a placeholder description for the show or movie.
s1872,Movie,Title_1872,Martin Scorsese,"Leonardo DiCaprio, Shah Rukh Khan",United States,PG-13,2017,"December 28, 2017",93 min,Dramas,This is a placeholder description for the show or movie.
s1873,Movie,Title_1873,David Fincher,"Millie Bobby Brown, Henry Cavill",United States,R,2021,"October 17, 2023",92 min,Dramas,This is a placeholder description for the show or movie.
s1874,TV Show,Title_1874,David Fincher,"Zendaya, Song Kang, Shah Rukh Khan",India,TV-14,2016,"July 13, 2019",5 Seasons,TV Comedies,This is a placeholder description for the show or movie.
s1875,TV Show,Title_1875,Greta Gerwig,"Henry Cavill, Leonardo DiCaprio",United Kingdom,R,2017,"January 27, 2020",5 Seasons,TV Comedies,This is a placeholder description for the show or movie.
s1876,Movie,Title_1876,nan,Leonardo DiCaprio,United States,R,2017,"December 14, 2022",98 min,Thrillers,This is a placeholder description for the show or movie.
s1877,Movie,Title_1877,Bong Joon Ho,"Millie Bobby Brown, Zendaya",India,TV-14,2023,"January 9, 2023",117 min,Comedies,This is a placeholder description for the show or movie.
s1878,Movie,Title_1878,Bong Joon Ho,"Shah Rukh Khan, Song Kang, Zendaya",Canada,R,2016,"January 26, 2022",113 min,Comedies,This is a placeholder description for the show or movie.
s1879,Movie,Title_1879,David Fincher,"Henry Cavill, Leonardo DiCaprio",France,TV-MA,2010,"January 8, 2014",90 min,Dramas,This is a placeholder description for the show or movie.
s1880,Movie,Title_1880,Bong Joon Ho,"Zendaya, Shah Rukh Khan",United Kingdom,PG-13,2019,"July 14, 2021",125 min,Dramas,This is a placeholder description for the show or movie.
s1881,TV Show,Title_1881,Mike Flanagan,"Henry Cavill, Song Kang, Shah Rukh Khan",United States,TV-PG,2014,"December 17, 2018",3 Seasons,Crime TV Shows,This is a placeholder description for the show or movie.
s1882,TV Show,Title_1882,David Fincher,Shah Rukh Khan,Canada,TV-14,2014,"December 3, 2017",4 Seasons,TV Comedies,This is a placeholder description for the show or movie.
s1883,Movie,Title_1883,Bong Joon Ho,"Millie Bobby Brown, Song Kang",India,TV-MA,2021,"July 10, 2021",100 min,Thrillers,This is a placeholder description for the show or movie.
s1884,TV Show,Title_1884,Mike Flanagan,Henry Cavill,United States,TV-PG,2016,"January 23, 2017",1 Seasons,Docuseries,This is a placeholder description for the show or movie.
s1885,Movie,Title_1885,Greta Gerwig,"Zendaya, Henry Cavill, Song Kang",Japan,TV-PG,2010,"December 4, 2022",120 min,Action & Adventure,This is a placeholder description for the show or movie.
s1886,Movie,Title_1886,Bong Joon Ho,"Millie Bobby Brown, Leonardo DiCaprio",India,TV-PG,2015,"January 9, 2020",80 min,Documentaries,This is a placeholder description for the show or movie.
s1887,Movie,Title_1887,Mike Flanagan,"Henry Cavill, Shah Rukh Khan, Millie Bobby Brown",France,R,2010,"December 28, 2017",92 min,Action & Adventure,This is a placeholder description for the show or movie.
s1888,Movie,Title_1888,Martin Scorsese,Song Kang,Canada,R,2021,"January 9, 2023",99 min,Thrillers,This is a placeholder description for the show or movie.
s1889,TV Show,Title_1889,nan,"Song Kang, Millie Bobby Brown",United Kingdom,R,2008,"January 11, 2019",2 Seasons,TV Dramas,This is a placeholder description for the show or movie.
s1890,TV Show,Title_1890,Martin Scorsese,"Shah Rukh Khan, Henry Cavill",Canada,R,2020,"October 18, 2020",5 Seasons,TV Dramas,This is a placeholder description for the show or movie.
s1891,Movie,Title_1891,Mike Flanagan,Song Kang,India,TV-MA,2022,"January 20, 2022",103 min,Dramas,This is a placeholder description for the show or movie.
s1892,Movie,Title_1892,David Fincher,Song Kang,India,R,2018,"October 16, 2018",82 min,Action & Adventure,This is a placeholder description for the show or movie.
s1893,TV Show,Title_1893,David Fincher,"Henry Cavill, Leonardo DiCaprio",Japan,TV-14,2023,"December 21, 2023",4 Seasons,Docuseries,This is a placeholder description for the show or movie.
s1894,Movie,Title_1894,Bong Joon Ho,"Leonardo DiCaprio, Henry Cavill",United Kingdom,TV-PG,2016,"December 10, 2022",94 min,Action & Adventure,This is a placeholder description for the show or movie.
s1895,Movie,Title_1895,Martin Scorsese,"Shah Rukh Khan, Millie Bobby Brown",Japan,TV-MA,2012,"July 27, 2020",148 min,Dramas,This is a placeholder description for the show or movie.
s1896,TV Show,Title_1896,David Fincher,Millie Bobby Brown,Japan,R,2008,"January 24, 2016",5 Seasons,TV Dramas,This is a placeholder description for the show or movie.
s1897,Movie,Title_1897,David Fincher,"Shah Rukh Khan, Zendaya",France,TV-PG,2019,"July 28, 2019",113 min,Documentaries,This is a placeholder description for the show or movie.
s1898,Movie,Title_1898,Martin Scorsese,"Millie Bobby Brown, Shah Rukh Khan, Leonardo DiCaprio",Canada,TV-MA,2015,"December 17, 2021",115 min,Comedies,This is a placeholder description for the show or movie.
s1899,Movie,Title_1899,Greta Gerwig,"Leonardo DiCaprio, Zendaya, Henry Cavill",India,TV-PG,2015,"October 4, 2022",103 min,Dramas,This is a placeholder description for the show or movie.
s1900,TV Show,Title_1900,David Fincher,"Song Kang, Zendaya, Millie Bobby Brown",United States,TV-MA,2019,"December 19, 2021",2 Seasons,TV Comedies,This is a placeholder description for the show or movie.
s1901,Movie,Title_1901,nan,Henry Cavill,Canada,PG-13,2023,"December 8, 2023",130 min,Action & Adventure,This is a placeholder description for the show or movie.
s1902,Movie,Title_1902,Mike Flanagan,"Shah Rukh Khan, Millie Bobby Brown",United States,TV-MA,2023,"January 2, 2023",118 min,Documentaries,This is a placeholder description for the show or movie.
s1903,TV Show,Title_1903,Bong Joon Ho,Leonardo DiCaprio,United States,R,2015,"July 21, 2023",1 Seasons,Crime TV Shows,This is a placeholder description for the show or movie.
s1904,Movie,Title_1904,David Fincher,"Zendaya, Shah Rukh Khan",United States,TV-PG,2019,"July 21, 2019",100 min,Thrillers,This is a placeholder description for the show or movie.
s1905,TV Show,Title_1905,nan,Zendaya,Japan,TV-PG,2019,"December 17, 2023",1 Seasons,TV Comedies,This is a placeholder description for the show or movie.
s1906,Movie,Title_1906,nan,"Henry Cavill, Song Kang, Leonardo DiCaprio",Japan,TV-PG,2020,"January 18, 2023",117 min,Comedies,This is a placeholder description for the show or movie.
s1907,TV Show,Title_1907,David Fincher,Song Kang,United Kingdom,TV-14,2023,"October 21, 2023",1 Seasons,TV Dramas,This is a placeholder description for the show or movie.
s1908,Movie,Title_1908,Greta Gerwig,"Millie Bobby Brown, Zendaya, Henry Cavill",India,TV-14,2012,"January 23, 2019",92 min,Dramas,This is a placeholder description for the show or movie.
s1909,Movie,Title_1909,Mike Flanagan,"Millie Bobby Brown, Leonardo DiCaprio, Zendaya",United Kingdom,R,2018,"December 17, 2022",100 min,Comedies,This is a placeholder description for the show or movie.
s1910,Movie,Title_1910,Bong Joon Ho,"Leonardo DiCaprio, Henry Cavill, Shah Rukh Khan",United Kingdom,PG-13,2021,"July 7, 2021",117 min,Dramas,This is a placeholder description for the show or movie.
s1911,Movie,Title_1911,David Fincher,Zendaya,India,TV-14,2018,"December 20, 2022",133 min,Comedies,This is a placeholder description for the show or movie.
s1912,TV Show,Title_1912,Bong Joon Ho,"Song Kang, Zendaya",United States,TV-MA,2013,"December 22, 2023",4 Seasons,Docuseries,This is a placeholder description for the show or movie.
s1913,TV Show,Title_1913,Martin Scorsese,"Shah Rukh Khan, Zendaya, Song Kang",United States,R,2007,"October 9, 2023",3 Seasons,TV Dramas,This is a placeholder description for the show or movie.
s1914,Movie,Title_1914,nan,"Leonardo DiCaprio, Song Kang, Henry Cavill",India,PG-13,2017,"December 12, 2023",118 min,Documentaries,This is a placeholder description for the show or movie.
s1915,Movie,Title_1915,nan,Shah Rukh Khan,United Kingdom,TV-MA,2019,"December 5, 2021",117 min,Dramas,This is a placeholder description for the show or movie.
s1916,TV Show,Title_1916,David Fincher,"Shah Rukh Khan, Zendaya, Song Kang",India,TV-PG,2020,"December 17, 2022",3 Seasons,TV Comedies,This is a placeholder description for the show or movie.
s1917,TV Show,Title_1917,David Fincher,Leonardo DiCaprio,France,TV-14,2016,"December 7, 2023",1 Seasons,International TV Shows,This is a placeholder description for the show or movie.
s1918,Movie,Title_1918,Martin Scorsese,Henry Cavill,United States,TV-MA,2012,"January 13, 2019",94 min,Documentaries,This is a placeholder description for the show or movie.
s1919,Movie,Title_1919,Greta Gerwig,Millie Bobby Brown,United States,PG-13,2022,"January 11, 2022",115 min,Comedies,This is a placeholder description for the show or movie.
s1920,Movie,Title_1920,David Fincher,"Henry Cavill, Song Kang",India,R,2020,"January 6, 2020",86 min,Action & Adventure,This is a placeholder description for the show or movie.
s1921,TV Show,Title_1921,nan,"Shah Rukh Khan, Zendaya, Song Kang",United States,TV-MA,2022,"December 17, 2022",3 Seasons,TV Dramas,This is a placeholder description for the show or movie.
s1922,Movie,Title_1922,Bong Joon Ho,"Song Kang, Shah Rukh Khan, Zendaya",United States,R,2023,"October 28, 2023",92 min,Dramas,This is a placeholder description for the show or movie.
s1923,Movie,Title_1923,Mike Flanagan,"Millie Bobby Brown, Zendaya",United States,TV-PG,2010,"October 3, 2016",108 min,Thrillers,This is a placeholder description for the show or movie.
s1924,Movie,Title_1924,Bong Joon Ho,Song Kang,India,PG-13,2018,"January 6, 2020",126 min,Action & Adventure,This is a placeholder description for the show or movie.
s1925,TV Show,Title_1925,Greta Gerwig,"Zendaya, Leonardo DiCaprio",United States,PG-13,2023,"January 11, 2023",2 Seasons,TV Dramas,This is a placeholder description for the show or movie.
s1926,Movie,Title_1926,Mike Flanagan,"Leonardo DiCaprio, Shah Rukh Khan",Canada,TV-14,2018,"July 12, 2018",105 min,Thrillers,This is a placeholder description for the show or movie.
s1927,Movie,Title_1927,Bong Joon Ho,"Shah Rukh Khan, Leonardo DiCaprio, Henry Cavill",India,PG-13,2015,"January 13, 2023",81 min,Comedies,This is a placeholder description for the show or movie.
s1928,Movie,Title_1928,Bong Joon Ho,Leonardo DiCaprio,United States,TV-MA,2012,"October 6, 2021",115 min,Thrillers,This is a placeholder description for the show or movie.
s1929,Movie,Title_1929,Martin Scorsese,"Zendaya, Millie Bobby Brown, Song Kang",South Korea,TV-MA,2019,"July 23, 2019",145 min,Documentaries,This is a placeholder description for the show or movie.
s1930,Movie,Title_1930,Greta Gerwig,"Leonardo DiCaprio, Millie Bobby Brown, Zendaya",United States,TV-MA,2020,"December 11, 2020",140 min,Dramas,This is a placeholder description for the show or movie.
s1931,Movie,Title_1931,nan,Millie Bobby Brown,South Korea,TV-PG,2023,"January 9, 2023",118 min,Dramas,This is a placeholder description for the show or movie.
s1932,Movie,Title_1932,Martin Scorsese,Zendaya,France,PG-13,2018,"January 8, 2023",126 min,Dramas,This is a placeholder description for the show or movie.
s1933,Movie,Title_1933,Mike Flanagan,Shah Rukh Khan,United States,PG-13,2016,"October 13, 2021",110 min,Action & Adventure,This is a placeholder description for the show or movie.
s1934,Movie,Title_1934,nan,"Shah Rukh Khan, Leonardo DiCaprio, Zendaya",France,TV-MA,2023,"January 19, 2023",99 min,Thrillers,This is a placeholder description for the show or movie.
s1935,TV Show,Title_1935,Martin Scorsese,Song Kang,South Korea,TV-14,2011,"July 4, 2015",4 Seasons,International TV Shows,This is a placeholder description for the show or movie.
s1936,TV Show,Title_1936,Greta Gerwig,Henry Cavill,France,TV-14,2023,"July 3, 2023",1 Seasons,Docuseries,This is a placeholder description for the show or movie.
s1937,Movie,Title_1937,David Fincher,"Shah Rukh Khan, Song Kang, Zendaya",United Kingdom,PG-13,2017,"December 20, 2017",117 min,Action & Adventure,This is a placeholder description for the show or movie.
s1938,TV Show,Title_1938,David Fincher,"Leonardo DiCaprio, Song Kang, Millie Bobby Brown",United States,PG-13,2022,"October 3, 2022",1 Seasons,International TV Shows,This is a placeholder description for the show or movie.
s1939,Movie,Title_1939,Mike Flanagan,"Leonardo DiCaprio, Zendaya, Henry Cavill",Japan,R,2015,"December 14, 2020",113 min,Dramas,This is a placeholder description for the show or movie.
s1940,Movie,Title_1940,David Fincher,"Millie Bobby Brown, Henry Cavill",United States,PG-13,2012,"January 26, 2019",94 min,Documentaries,This is a placeholder description for the show or movie.
s1941,Movie,Title_1941,Martin Scorsese,"Zendaya, Leonardo DiCaprio",United States,TV-MA,2023,"December 5, 2023",120 min,Comedies,This is a placeholder description for the show or movie.
s1942,Movie,Title_1942,Mike Flanagan,"Song Kang, Zendaya, Henry Cavill",United States,TV-PG,2018,"January 3, 2020",145 min,Dramas,This is a placeholder description for the show or movie.
s1943,TV Show,Title_1943,nan,"Leonardo DiCaprio, Zendaya",United States,PG-13,2016,"January 10, 2023",4 Seasons,TV Comedies,This is a placeholder description for the show or movie.
s1944,TV Show,Title_1944,Greta Gerwig,"Song Kang, Zendaya",India,PG-13,2013,"October 6, 2020",5 Seasons,Docuseries,This is a placeholder description for the show or movie.
s1945,TV Show,Title_1945,Mike Flanagan,"Song Kang, Shah Rukh Khan",Canada,TV-MA,2018,"January 18, 2023",2 Seasons,Crime TV Shows,This is a placeholder description for the show or movie.
s1946,Movie,Title_1946,nan,"Song Kang, Leonardo DiCaprio, Shah Rukh Khan",France,R,2023,"January 26, 2023",142 min,Thrillers,This is a placeholder description for the show or movie.
s1947,Movie,Title_1947,Mike Flanagan,Leonardo DiCaprio,United States,PG-13,2019,"January 16, 2020",149 min,Action & Adventure,This is a placeholder description for the show or movie.
s1948,Movie,Title_1948,Bong Joon Ho,"Song Kang, Henry Cavill",France,TV-14,2006,"October 14, 2015",82 min,Action & Adventure,This is a placeholder description for the show or movie.
s1949,Movie,Title_1949,Bong Joon Ho,Millie Bobby Brown,France,TV-14,2014,"January 3, 2018",99 min,Thrillers,This is a placeholder description for the show or movie.
s1950,Movie,Title_1950,Mike Flanagan,"Millie Bobby Brown, Leonardo DiCaprio, Henry Cavill",United States,TV-14,2012,"July 16, 2022",82 min,Thrillers,This is a placeholder description for the show or movie.
s1951,Movie,Title_1951,David Fincher,"Song Kang, Zendaya, Millie Bobby Brown",United States,TV-PG,2018,"July 26, 2019",131 min,Comedies,This is a placeholder description for the show or movie.
s1952,Movie,Title_1952,Bong Joon Ho,"Henry Cavill, Shah Rukh Khan, Millie Bobby Brown",South Korea,TV-PG,2011,"January 3, 2019",88 min,Documentaries,This is a placeholder description for the show or movie.
s1953,Movie,Title_1953,Greta Gerwig,"Henry Cavill, Shah Rukh Khan, Song Kang",United Kingdom,PG-13,2004,"December 6, 2019",109 min,Thrillers,This is a placeholder description for the show or movie.
s1954,TV Show,Title_1954,nan,"Zendaya, Shah Rukh Khan, Song Kang",South Korea,PG-13,2018,"January 10, 2020",2 Seasons,TV Comedies,This is a placeholder description for the show or movie.
s1955,TV Show,Title_1955,Martin Scorsese,"Leonardo DiCaprio, Zendaya",Canada,PG-13,2010,"January 13, 2020",1 Seasons,Crime TV Shows,This is a placeholder description for the show or movie.
s1956,TV Show,Title_1956,Bong Joon Ho,"Shah Rukh Khan, Song Kang, Leonardo DiCaprio",India,TV-PG,2012,"December 24, 2017",5 Seasons,TV Comedies,This is a placeholder description for the show or movie.
s1957,Movie,Title_1957,Mike Flanagan,Henry Cavill,United States,PG-13,2021,"October 25, 2023",113 min,Comedies,This is a placeholder description for the show or movie.
s1958,Movie,Title_1958,David Fincher,"Shah Rukh Khan, Zendaya, Millie Bobby Brown",India,TV-MA,2018,"July 14, 2018",91 min,Comedies,This is a placeholder description for the show or movie.
s1959,Movie,Title_1959,Martin Scorsese,"Henry Cavill, Shah Rukh Khan",United States,R,2018,"October 15, 2022",105 min,Comedies,This is a placeholder description for the show or movie.
s1960,TV Show,Title_1960,nan,"Shah Rukh Khan, Song Kang, Zendaya",United Kingdom,TV-14,2021,"October 23, 2023",2 Seasons,Docuseries,This is a placeholder description for the show or movie.
s1961,Movie,Title_1961,nan,Millie Bobby Brown,South Korea,TV-14,2014,"July 12, 2020",144 min,Dramas,This is a placeholder description for the show or movie.
s1962,Movie,Title_1962,Bong Joon Ho,Leonardo DiCaprio,India,TV-MA,2023,"October 15, 2023",102 min,Thrillers,This is a placeholder description for the show or movie.
s1963,TV Show,Title_1963,nan,"Millie Bobby Brown, Leonardo DiCaprio, Zendaya",France,PG-13,2008,"January 6, 2019",1 Seasons,Crime TV Shows,This is a placeholder description for the show or movie.
s1964,Movie,Title_1964,nan,"Leonardo DiCaprio, Millie Bobby Brown, Shah Rukh Khan",India,TV-PG,2023,"December 11, 2023",113 min,Action & Adventure,This is a placeholder description for the show or movie.
s1965,Movie,Title_1965,David Fincher,Millie Bobby Brown,Canada,PG-13,2021,"December 13, 2021",134 min,Thrillers,This is a placeholder description for the show or movie.
s1966,Movie,Title_1966,David Fincher,Zendaya,United Kingdom,PG-13,2012,"July 26, 2023",123 min,Comedies,This is a placeholder description for the show or movie.
s1967,Movie,Title_1967,David Fincher,"Henry Cavill, Shah Rukh Khan",France,TV-14,2021,"January 25, 2021",97 min,Comedies,This is a placeholder description for the show or movie.
s1968,Movie,Title_1968,Mike Flanagan,"Leonardo DiCaprio, Henry Cavill",Canada,TV-14,2016,"January 3, 2020",132 min,Dramas,This is a placeholder description for the show or movie.
s1969,Movie,Title_1969,nan,"Millie Bobby Brown, Henry Cavill",United States,TV-PG,2020,"July 6, 2020",107 min,Thrillers,This is a placeholder description for the show or movie.
s1970,Movie,Title_1970,nan,Henry Cavill,France,TV-14,2014,"December 28, 2015",109 min,Thrillers,This is a placeholder description for the show or movie.
s1971,Movie,Title_1971,nan,"Leonardo DiCaprio, Shah Rukh Khan, Song Kang",United Kingdom,PG-13,2023,"December 26, 2023",122 min,Documentaries,This is a placeholder description for the show or movie.
s1972,TV Show,Title_1972,Greta Gerwig,Shah Rukh Khan,United States,TV-MA,2020,"December 14, 2023",4 Seasons,Crime TV Shows,This is a placeholder description for the show or movie.
s1973,Movie,Title_1973,David Fincher,"Song Kang, Henry Cavill, Zendaya",United Kingdom,TV-PG,2019,"December 26, 2019",96 min,Documentaries,This is a placeholder description for the show or movie.
s1974,Movie,Title_1974,Martin Scorsese,Song Kang,Japan,TV-MA,2018,"July 21, 2020",85 min,Comedies,This is a placeholder description for the show or movie.
s1975,Movie,Title_1975,Bong Joon Ho,Song Kang,India,PG-13,2023,"July 11, 2023",89 min,Action & Adventure,This is a placeholder description for the show or movie.
s1976,TV Show,Title_1976,Martin Scorsese,"Henry Cavill, Millie Bobby Brown",United States,TV-PG,2015,"January 4, 2023",5 Seasons,Docuseries,This is a placeholder description for the show or movie.
s1977,Movie,Title_1977,Mike Flanagan,Millie Bobby Brown,South Korea,TV-MA,2023,"December 3, 2023",148 min,Thrillers,This is a placeholder description for the show or movie.
s1978,Movie,Title_1978,Mike Flanagan,"Shah Rukh Khan, Song Kang, Zendaya",South Korea,TV-PG,2023,"December 26, 2023",93 min,Comedies,This is a placeholder description for the show or movie.
s1979,TV Show,Title_1979,nan,"Zendaya, Song Kang",India,PG-13,2019,"December 4, 2023",3 Seasons,TV Comedies,This is a placeholder description for the show or movie.
s1980,TV Show,Title_1980,Martin Scorsese,Henry Cavill,United States,TV-PG,2015,"January 23, 2022",5 Seasons,TV Comedies,This is a placeholder description for the show or movie.
s1981,Movie,Title_1981,nan,"Leonardo DiCaprio, Zendaya",United States,PG-13,2016,"October 10, 2016",115 min,Dramas,This is a placeholder description for the show or movie.
s1982,TV Show,Title_1982,Greta Gerwig,Millie Bobby Brown,Canada,TV-PG,2013,"October 12, 2021",4 Seasons,TV Comedies,This is a placeholder description for the show or movie.
s1983,Movie,Title_1983,Mike Flanagan,"Millie Bobby Brown, Leonardo DiCaprio, Henry Cavill",South Korea,TV-PG,2013,"January 4, 2023",149 min,Action & Adventure,This is a placeholder description for the show or movie.
s1984,Movie,Title_1984,Mike Flanagan,"Millie Bobby Brown, Henry Cavill",United States,TV-14,2023,"July 19, 2023",107 min,Comedies,This is a placeholder description for the show or movie.
s1985,Movie,Title_1985,Martin Scorsese,"Millie Bobby Brown, Shah Rukh Khan",United States,PG-13,2018,"December 11, 2020",93 min,Comedies,This is a placeholder description for the show or movie.
s1986,Movie,Title_1986,Mike Flanagan,"Song Kang, Leonardo DiCaprio",United States,R,2012,"October 26, 2022",96 min,Comedies,This is a placeholder description for the show or movie.
s1987,TV Show,Title_1987,Greta Gerwig,"Zendaya, Shah Rukh Khan",Canada,TV-PG,2019,"October 25, 2021",5 Seasons,TV Comedies,This is a placeholder description for the show or movie.
s1988,Movie,Title_1988,Greta Gerwig,"Henry Cavill, Song Kang, Zendaya",United States,TV-MA,2023,"October 2, 2023",82 min,Action & Adventure,This is a placeholder description for the show or movie.
s1989,Movie,Title_1989,Greta Gerwig,Song Kang,United States,TV-14,2017,"July 21, 2020",145 min,Comedies,This is a placeholder description for the show or movie.
s1990,TV Show,Title_1990,Bong Joon Ho,"Leonardo DiCaprio, Millie Bobby Brown",United States,TV-14,2013,"December 28, 2019",3 Seasons,Docuseries,This is a placeholder description for the show or movie.
s1991,TV Show,Title_1991,Greta Gerwig,"Leonardo DiCaprio, Song Kang, Zendaya",United Kingdom,TV-PG,2020,"October 6, 2020",4 Seasons,TV Dramas,This is a placeholder description for the show or movie.
s1992,Movie,Title_1992,Greta Gerwig,"Shah Rukh Khan, Henry Cavill",India,R,2023,"October 3, 2023",109 min,Thrillers,This is a placeholder description for the show or movie.
s1993,Movie,Title_1993,Bong Joon Ho,"Shah Rukh Khan, Millie Bobby Brown, Leonardo DiCaprio",United States,TV-14,2023,"October 13, 2023",103 min,Documentaries,This is a placeholder description for the show or movie.
s1994,Movie,Title_1994,nan,"Henry Cavill, Zendaya, Leonardo DiCaprio",France,PG-13,2015,"January 4, 2017",105 min,Documentaries,This is a placeholder description for the show or movie.
s1995,TV Show,Title_1995,David Fincher,Zendaya,United States,TV-PG,2007,"July 21, 2017",4 Seasons,TV Dramas,This is a placeholder description for the show or movie.
s1996,TV Show,Title_1996,Mike Flanagan,"Song Kang, Shah Rukh Khan, Millie Bobby Brown",United States,TV-PG,2023,"October 3, 2023",1 Seasons,Crime TV Shows,This is a placeholder description for the show or movie.
s1997,TV Show,Title_1997,Greta Gerwig,"Shah Rukh Khan, Leonardo DiCaprio, Zendaya",France,R,2023,"October 24, 2023",2 Seasons,TV Dramas,This is a placeholder description for the show or movie.
s1998,Movie,Title_1998,Mike Flanagan,"Leonardo DiCaprio, Millie Bobby Brown, Shah Rukh Khan",India,PG-13,2021,"January 13, 2021",148 min,Documentaries,This is a placeholder description for the show or movie.
s1999,Movie,Title_1999,Martin Scorsese,"Zendaya, Shah Rukh Khan",India,PG-13,2013,"July 19, 2019",128 min,Dramas,This is a placeholder description for the show or movie.
s2000,Movie,Title_2000,Mike Flanagan,Henry Cavill,United States,R,2014,"October 16, 2015",84 min,Thrillers,This is a placeholder description for the show or movie.
s2001,Movie,Title_2001,nan,"Zendaya, Henry Cavill, Song Kang",South Korea,TV-MA,2017,"October 23, 2020",138 min,Thrillers,This is a placeholder description for the show or movie.
s2002,Movie,Title_2002,Bong Joon Ho,"Leonardo DiCaprio, Song Kang, Henry Cavill",India,PG-13,2023,"December 22, 2023",101 min,Action & Adventure,This is a placeholder description for the show or movie.
s2003,TV Show,Title_2003,Mike Flanagan,"Song Kang, Henry Cavill",South Korea,TV-MA,2023,"January 15, 2023",4 Seasons,TV Comedies,This is a placeholder description for the show or movie.
s2004,Movie,Title_2004,Mike Flanagan,"Henry Cavill, Shah Rukh Khan, Millie Bobby Brown",United States,TV-MA,2019,"July 26, 2019",135 min,Action & Adventure,This is a placeholder description for the show or movie.
s2005,Movie,Title_2005,Mike Flanagan,"Millie Bobby Brown, Leonardo DiCaprio",India,TV-PG,2018,"July 28, 2021",84 min,Thrillers,This is a placeholder description for the show or movie.
s2006,TV Show,Title_2006,David Fincher,"Song Kang, Leonardo DiCaprio",South Korea,TV-PG,2023,"July 21, 2023",3 Seasons,Crime TV Shows,This is a placeholder description for the show or movie.
s2007,Movie,Title_2007,David Fincher,Shah Rukh Khan,France,TV-14,2023,"January 18, 2023",93 min,Comedies,This is a placeholder description for the show or movie.
s2008,TV Show,Title_2008,Martin Scorsese,Millie Bobby Brown,United States,TV-PG,2016,"December 23, 2021",2 Seasons,Crime TV Shows,This is a placeholder description for the show or movie.
s2009,Movie,Title_2009,Bong Joon Ho,Leonardo DiCaprio,South Korea,PG-13,2023,"December 6, 2023",139 min,Comedies,This is a placeholder description for the show or movie.
s2010,Movie,Title_2010,Mike Flanagan,"Leonardo DiCaprio, Song Kang",United States,PG-13,2017,"December 24, 2022",139 min,Thrillers,This is a placeholder description for the show or movie.
s2011,Movie,Title_2011,Mike Flanagan,Millie Bobby Brown,India,TV-MA,2012,"October 20, 2023",92 min,Comedies,This is a placeholder description for the show or movie.
s2012,Movie,Title_2012,Mike Flanagan,Song Kang,United States,PG-13,2013,"July 18, 2014",119 min,Comedies,This is a placeholder description for the show or movie.
s2013,TV Show,Title_2013,Mike Flanagan,"Millie Bobby Brown, Leonardo DiCaprio",United Kingdom,TV-PG,2018,"July 11, 2023",4 Seasons,Crime TV Shows,This is a placeholder description for the show or movie.
s2014,Movie,Title_2014,David Fincher,Millie Bobby Brown,United States,TV-PG,2020,"December 2, 2022",133 min,Comedies,This is a placeholder description for the show or movie.
s2015,Movie,Title_2015,nan,"Henry Cavill, Shah Rukh Khan",United States,TV-PG,2018,"January 4, 2019",127 min,Documentaries,This is a placeholder description for the show or movie.
s2016,Movie,Title_2016,nan,"Shah Rukh Khan, Henry Cavill, Millie Bobby Brown",United States,R,2010,"January 4, 2013",137 min,Thrillers,This is a placeholder description for the show or movie.
s2017,Movie,Title_2017,Martin Scorsese,"Zendaya, Leonardo DiCaprio",United States,PG-13,2018,"July 24, 2023",83 min,Comedies,This is a placeholder description for the show or movie.
s2018,TV Show,Title_2018,Greta Gerwig,"Song Kang, Henry Cavill, Leonardo DiCaprio",France,TV-14,2019,"July 12, 2021",5 Seasons,TV Dramas,This is a placeholder description for the show or movie.
s2019,Movie,Title_2019,Bong Joon Ho,"Leonardo DiCaprio, Henry Cavill",France,PG-13,2023,"July 8, 2023",131 min,Action & Adventure,This is a placeholder description for the show or movie.
s2020,TV Show,Title_2020,nan,"Shah Rukh Khan, Zendaya, Leonardo DiCaprio",South Korea,PG-13,2017,"December 28, 2017",3 Seasons,Docuseries,This is a placeholder description for the show or movie.
s2021,TV Show,Title_2021,Mike Flanagan,"Millie Bobby Brown, Shah Rukh Khan",United States,R,2023,"October 14, 2023",5 Seasons,International TV Shows,This is a placeholder description for the show or movie.
s2022,Movie,Title_2022,nan,"Shah Rukh Khan, Song Kang",India,PG-13,2013,"December 24, 2016",80 min,Comedies,This is a placeholder description for the show or movie.
s2023,TV Show,Title_2023,Martin Scorsese,"Song Kang, Millie Bobby Brown, Henry Cavill",Canada,TV-MA,2023,"December 4, 2023",4 Seasons,TV Comedies,This is a placeholder description for the show or movie.
s2024,Movie,Title_2024,Greta Gerwig,"Millie Bobby Brown, Song Kang, Zendaya",France,TV-PG,2023,"October 9, 2023",146 min,Comedies,This is a placeholder description for the show or movie.
s2025,Movie,Title_2025,nan,"Millie Bobby Brown, Song Kang, Zendaya",India,TV-PG,2023,"January 25, 2023",120 min,Thrillers,This is a placeholder description for the show or movie.
s2026,Movie,Title_2026,Martin Scorsese,"Song Kang, Shah Rukh Khan, Zendaya",South Korea,R,2018,"October 21, 2019",147 min,Dramas,This is a placeholder description for the show or movie.
s2027,TV Show,Title_2027,David Fincher,"Millie Bobby Brown, Zendaya",France,TV-PG,2023,"October 2, 2023",3 Seasons,Crime TV Shows,This is a placeholder description for the show or movie.
s2028,TV Show,Title_2028,Greta Gerwig,"Shah Rukh Khan, Zendaya, Henry Cavill",Japan,TV-MA,2013,"December 3, 2014",3 Seasons,Crime TV Shows,This is a placeholder description for the show or movie.
s2029,Movie,Title_2029,Martin Scorsese,"Shah Rukh Khan, Leonardo DiCaprio",United States,R,2018,"December 3, 2019",99 min,Thrillers,This is a placeholder description for the show or movie.
s2030,TV Show,Title_2030,nan,Zendaya,United States,TV-14,2010,"July 15, 2019",1 Seasons,Crime TV Shows,This is a placeholder description for the show or movie.
s2031,Movie,Title_2031,David Fincher,Song Kang,India,TV-PG,2015,"December 2, 2020",129 min,Comedies,This is a placeholder description for the show or movie.
s2032,Movie,Title_2032,Martin Scorsese,"Song Kang, Henry Cavill",India,PG-13,2021,"January 5, 2023",109 min,Comedies,This is a placeholder description for the show or movie.
s2033,Movie,Title_2033,Martin Scorsese,Song Kang,United States,TV-MA,2022,"October 10, 2022",84 min,Comedies,This is a placeholder description for the show or movie.
s2034,TV Show,Title_2034,nan,"Zendaya, Leonardo DiCaprio",United States,TV-MA,2019,"October 3, 2020",5 Seasons,Docuseries,This is a placeholder description for the show or movie.
s2035,Movie,Title_2035,Greta Gerwig,"Leonardo DiCaprio, Millie Bobby Brown, Shah Rukh Khan",South Korea,TV-PG,2011,"July 23, 2021",127 min,Comedies,This is a placeholder description for the show or movie.
s2036,Movie,Title_2036,David Fincher,"Zendaya, Millie Bobby Brown, Shah Rukh Khan",India,TV-14,2023,"October 27, 2023",130 min,Dramas,This is a placeholder description for the show or movie.
s2037,Movie,Title_2037,Mike Flanagan,"Zendaya, Shah Rukh Khan, Henry Cavill",United States,PG-13,2010,"October 16, 2020",119 min,Documentaries,This is a placeholder description for the show or movie.
s2038,Movie,Title_2038,Bong Joon Ho,Millie Bobby Brown,United Kingdom,TV-14,2011,"July 15, 2022",116 min,Action & Adventure,This is a placeholder description for the show or movie.
s2039,Movie,Title_2039,Greta Gerwig,Henry Cavill,United Kingdom,TV-14,2020,"July 19, 2020",101 min,Comedies,This is a placeholder description for the show or movie.
s2040,Movie,Title_2040,David Fincher,Shah Rukh Khan,South Korea,TV-PG,2016,"October 10, 2019",124 min,Action & Adventure,This is a placeholder description for the show or movie.
s2041,TV Show,Title_2041,Martin Scorsese,Leonardo DiCaprio,United States,PG-13,2018,"January 21, 2018",3 Seasons,TV Dramas,This is a placeholder description for the show or movie.
s2042,Movie,Title_2042,David Fincher,Song Kang,Canada,TV-PG,2011,"July 5, 2023",138 min,Action & Adventure,This is a placeholder description for the show or movie.
s2043,Movie,Title_2043,Bong Joon Ho,"Shah Rukh Khan, Song Kang",India,TV-PG,2016,"October 2, 2020",83 min,Action & Adventure,This is a placeholder description for the show or movie.
s2044,Movie,Title_2044,nan,"Song Kang, Shah Rukh Khan",United States,TV-MA,2019,"July 28, 2020",101 min,Action & Adventure,This is a placeholder description for the show or movie.
s2045,TV Show,Title_2045,Bong Joon Ho,"Millie Bobby Brown, Shah Rukh Khan, Song Kang",South Korea,TV-PG,2012,"July 5, 2014",3 Seasons,International TV Shows,This is a placeholder description for the show or movie.
s2046,TV Show,Title_2046,Mike Flanagan,"Leonardo DiCaprio, Song Kang",United States,R,2015,"January 1, 2021",3 Seasons,International TV Shows,This is a placeholder description for the show or movie.
s2047,Movie,Title_2047,Mike Flanagan,Zendaya,United States,PG-13,2014,"July 19, 2018",85 min,Thrillers,This is a placeholder description for the show or movie.
s2048,TV Show,Title_2048,Bong Joon Ho,"Millie Bobby Brown, Zendaya",India,TV-MA,2023,"October 2, 2023",2 Seasons,Crime TV Shows,This is a placeholder description for the show or movie.
s2049,Movie,Title_2049,Greta Gerwig,Leonardo DiCaprio,United States,PG-13,2014,"December 13, 2023",85 min,Action & Adventure,This is a placeholder description for the show or movie.
s2050,Movie,Title_2050,Greta Gerwig,"Shah Rukh Khan, Henry Cavill, Song Kang",United States,TV-MA,2017,"January 5, 2017",138 min,Thrillers,This is a placeholder description for the show or movie.
s2051,Movie,Title_2051,Martin Scorsese,"Song Kang, Leonardo DiCaprio, Millie Bobby Brown",South Korea,R,2023,"October 27, 2023",83 min,Dramas,This is a placeholder description for the show or movie.
s2052,Movie,Title_2052,Mike Flanagan,Leonardo DiCaprio,United States,TV-PG,2016,"December 28, 2020",149 min,Comedies,This is a placeholder description for the show or movie.
s2053,Movie,Title_2053,Martin Scorsese,"Leonardo DiCaprio, Song Kang",France,TV-MA,2014,"December 20, 2016",106 min,Thrillers,This is a placeholder description for the show or movie.
s2054,TV Show,Title_2054,Mike Flanagan,"Millie Bobby Brown, Henry Cavill, Shah Rukh Khan",India,TV-MA,2017,"July 28, 2017",5 Seasons,TV Dramas,This is a placeholder description for the show or movie.
s2055,TV Show,Title_2055,Bong Joon Ho,Henry Cavill,United States,TV-MA,2018,"October 13, 2021",5 Seasons,TV Comedies,This is a placeholder description for the show or movie.
s2056,TV Show,Title_2056,Greta Gerwig,"Song Kang, Shah Rukh Khan, Millie Bobby Brown",United States,R,2022,"January 27, 2023",4 Seasons,Crime TV Shows,This is a placeholder description for the show or movie.
s2057,Movie,Title_2057,Greta Gerwig,Leonardo DiCaprio,India,PG-13,2015,"January 13, 2021",123 min,Action & Adventure,This is a placeholder description for the show or movie.
s2058,Movie,Title_2058,Bong Joon Ho,"Millie Bobby Brown, Zendaya",United Kingdom,R,2020,"July 28, 2020",103 min,Documentaries,This is a placeholder description for the show or movie.
s2059,TV Show,Title_2059,Martin Scorsese,"Shah Rukh Khan, Zendaya",United States,TV-MA,2015,"July 3, 2016",5 Seasons,International TV Shows,This is a placeholder description for the show or movie.
s2060,Movie,Title_2060,Martin Scorsese,Zendaya,United States,TV-MA,2020,"January 3, 2020",102 min,Action & Adventure,This is a placeholder description for the show or movie.
s2061,Movie,Title_2061,David Fincher,"Henry Cavill, Leonardo DiCaprio, Song Kang",South Korea,TV-PG,2016,"December 8, 2016",98 min,Dramas,This is a placeholder description for the show or movie.
s2062,Movie,Title_2062,Mike Flanagan,Zendaya,United States,R,2011,"October 5, 2017",116 min,Dramas,This is a placeholder description for the show or movie.
s2063,TV Show,Title_2063,Martin Scorsese,"Leonardo DiCaprio, Song Kang, Millie Bobby Brown",Japan,R,2023,"January 15, 2023",2 Seasons,Crime TV Shows,This is a placeholder description for the show or movie.
s2064,Movie,Title_2064,Bong Joon Ho,"Leonardo DiCaprio, Shah Rukh Khan, Millie Bobby Brown",United Kingdom,TV-14,2015,"January 8, 2022",104 min,Thrillers,This is a placeholder description for the show or movie.
s2065,Movie,Title_2065,Martin Scorsese,"Song Kang, Leonardo DiCaprio",India,PG-13,2022,"October 7, 2022",112 min,Documentaries,This is a placeholder description for the show or movie.
s2066,TV Show,Title_2066,Greta Gerwig,"Zendaya, Leonardo DiCaprio",United States,TV-14,2011,"December 1, 2019",2 Seasons,Crime TV Shows,This is a placeholder description for the show or movie.
s2067,Movie,Title_2067,Mike Flanagan,"Zendaya, Leonardo DiCaprio",United States,TV-14,2017,"December 24, 2017",119 min,Dramas,This is a placeholder description for the show or movie.
s2068,Movie,Title_2068,nan,Leonardo DiCaprio,South Korea,PG-13,2019,"October 7, 2020",85 min,Action & Adventure,This is a placeholder description for the show or movie.
s2069,Movie,Title_2069,David Fincher,"Shah Rukh Khan, Millie Bobby Brown, Leonardo DiCaprio",United States,TV-PG,2020,"January 3, 2020",136 min,Dramas,This is a placeholder description for the show or movie.
s2070,Movie,Title_2070,Mike Flanagan,"Millie Bobby Brown, Henry Cavill, Zendaya",United States,TV-PG,2021,"December 26, 2021",114 min,Action & Adventure,This is a placeholder description for the show or movie.
s2071,TV Show,Title_2071,Greta Gerwig,Leonardo DiCaprio,India,PG-13,2019,"December 8, 2019",2 Seasons,International TV Shows,This is a placeholder description for the show or movie.
s2072,Movie,Title_2072,Greta Gerwig,Song Kang,United States,PG-13,2015,"October 10, 2023",96 min,Dramas,This is a placeholder description for the show or movie.
s2073,Movie,Title_2073,Greta Gerwig,"Millie Bobby Brown, Leonardo DiCaprio, Henry Cavill",India,R,2007,"July 14, 2022",103 min,Comedies,This is a placeholder description for the show or movie.
s2074,TV Show,Title_2074,Greta Gerwig,"Zendaya, Henry Cavill",South Korea,R,2014,"October 6, 2017",1 Seasons,Docuseries,This is a placeholder description for the show or movie.
s2075,TV Show,Title_2075,Bong Joon Ho,"Leonardo DiCaprio, Shah Rukh Khan, Song Kang",India,R,2019,"July 8, 2019",5 Seasons,International TV Shows,This is a placeholder description for the show or movie.
s2076,TV Show,Title_2076,David Fincher,Leonardo DiCaprio,France,R,2013,"January 2, 2017",3 Seasons,Crime TV Shows,This is a placeholder description for the show or movie.
s2077,Movie,Title_2077,nan,"Millie Bobby Brown, Zendaya, Henry Cavill",South Korea,TV-MA,2016,"July 24, 2017",132 min,Comedies,This is a placeholder description for the show or movie.
s2078,Movie,Title_2078,Greta Gerwig,"Millie Bobby Brown, Henry Cavill, Leonardo DiCaprio",United States,TV-MA,2023,"October 22, 2023",105 min,Comedies,This is a placeholder description for the show or movie.
s2079,TV Show,Title_2079,Greta Gerwig,"Henry Cavill, Leonardo DiCaprio",United States,TV-PG,2007,"October 24, 2021",2 Seasons,Docuseries,This is a placeholder description for the show or movie.
s2080,TV Show,Title_2080,Martin Scorsese,Song Kang,India,TV-MA,2022,"December 8, 2022",5 Seasons,Crime TV Shows,This is a placeholder description for the show or movie.
s2081,Movie,Title_2081,David Fincher,"Shah Rukh Khan, Leonardo DiCaprio, Song Kang",United Kingdom,TV-MA,2014,"July 15, 2019",141 min,Dramas,This is a placeholder description for the show or movie.
s2082,Movie,Title_2082,Mike Flanagan,"Zendaya, Shah Rukh Khan",United States,R,2014,"July 15, 2018",80 min,Thrillers,This is a placeholder description for the show or movie.
s2083,Movie,Title_2083,David Fincher,"Millie Bobby Brown, Leonardo DiCaprio, Zendaya",France,R,2011,"October 23, 2019",139 min,Documentaries,This is a placeholder description for the show or movie.
s2084,TV Show,Title_2084,David Fincher,"Song Kang, Shah Rukh Khan",United Kingdom,PG-13,2010,"July 23, 2019",4 Seasons,International TV Shows,This is a placeholder description for the show or movie.
s2085,Movie,Title_2085,nan,Millie Bobby Brown,United States,R,2011,"December 6, 2020",106 min,Action & Adventure,This is a placeholder description for the show or movie.
s2086,Movie,Title_2086,David Fincher,"Leonardo DiCaprio, Shah Rukh Khan, Millie Bobby Brown",United Kingdom,PG-13,2014,"January 16, 2020",138 min,Comedies,This is a placeholder description for the show or movie.
s2087,Movie,Title_2087,nan,"Shah Rukh Khan, Henry Cavill, Song Kang",United States,PG-13,2023,"July 22, 2023",107 min,Thrillers,This is a placeholder description for the show or movie.
s2088,TV Show,Title_2088,Greta Gerwig,"Henry Cavill, Zendaya",South Korea,TV-MA,2005,"July 24, 2017",2 Seasons,Docuseries,This is a placeholder description for the show or movie.
s2089,TV Show,Title_2089,Greta Gerwig,"Zendaya, Song Kang, Leonardo DiCaprio",India,R,2016,"December 9, 2021",2 Seasons,TV Comedies,This is a placeholder description for the show or movie.
s2090,Movie,Title_2090,Bong Joon Ho,Zendaya,United States,TV-MA,2009,"October 24, 2017",123 min,Action & Adventure,This is a placeholder description for the show or movie.
s2091,TV Show,Title_2091,nan,"Zendaya, Millie Bobby Brown",United States,R,2018,"October 14, 2020",4 Seasons,Docuseries,This is a placeholder description for the show or movie.
s2092,TV Show,Title_2092,nan,"Henry Cavill, Shah Rukh Khan, Leonardo DiCaprio",Japan,TV-MA,2019,"December 9, 2021",5 Seasons,Docuseries,This is a placeholder description for the show or movie.
s2093,Movie,Title_2093,Mike Flanagan,Henry Cavill,India,TV-MA,2019,"October 26, 2020",150 min,Dramas,This is a placeholder description for the show or movie.
s2094,Movie,Title_2094,Martin Scorsese,"Millie Bobby Brown, Leonardo DiCaprio",France,TV-MA,2018,"January 19, 2021",126 min,Action & Adventure,This is a placeholder description for the show or movie.
s2095,Movie,Title_2095,David Fincher,"Millie Bobby Brown, Henry Cavill",United States,TV-PG,2006,"October 24, 2023",86 min,Comedies,This is a placeholder description for the show or movie.
s2096,TV Show,Title_2096,Mike Flanagan,"Zendaya, Leonardo DiCaprio",United States,TV-MA,2006,"December 9, 2016",5 Seasons,Docuseries,This is a placeholder description for the show or movie.
s2097,Movie,Title_2097,nan,Millie Bobby Brown,United States,TV-14,2016,"January 21, 2022",146 min,Dramas,This is a placeholder description for the show or movie.
s2098,Movie,Title_2098,Mike Flanagan,"Shah Rukh Khan, Song Kang",India,TV-14,2003,"January 21, 2019",123 min,Dramas,This is a placeholder description for the show or movie.
s2099,TV Show,Title_2099,Bong Joon Ho,"Zendaya, Shah Rukh Khan, Leonardo DiCaprio",United States,TV-14,2021,"January 10, 2022",3 Seasons,TV Comedies,This is a placeholder description for the show or movie.
s2100,Movie,Title_2100,Martin Scorsese,Zendaya,United States,PG-13,2014,"October 10, 2019",139 min,Thrillers,This is a placeholder description for the show or movie.
s2101,TV Show,Title_2101,nan,"Zendaya, Song Kang, Shah Rukh Khan",United Kingdom,TV-MA,2014,"October 7, 2018",1 Seasons,TV Comedies,This is a placeholder description for the show or movie.
s2102,Movie,Title_2102,nan,Henry Cavill,India,TV-14,2012,"July 6, 2017",90 min,Documentaries,This is a placeholder description for the show or movie.
s2103,Movie,Title_2103,David Fincher,"Song Kang, Zendaya, Millie Bobby Brown",United States,PG-13,2020,"January 13, 2020",127 min,Thrillers,This is a placeholder description for the show or movie.
s2104,TV Show,Title_2104,Martin Scorsese,Millie Bobby Brown,India,TV-14,2020,"July 27, 2020",3 Seasons,International TV Shows,This is a placeholder description for the show or movie.
s2105,TV Show,Title_2105,Bong Joon Ho,"Zendaya, Henry Cavill, Shah Rukh Khan",Canada,R,2021,"October 28, 2022",4 Seasons,TV Comedies,This is a placeholder description for the show or movie.
s2106,Movie,Title_2106,Greta Gerwig,Millie Bobby Brown,United States,TV-PG,2009,"October 28, 2017",138 min,Dramas,This is a placeholder description for the show or movie.
s2107,TV Show,Title_2107,Mike Flanagan,"Zendaya, Shah Rukh Khan, Leonardo DiCaprio",United States,TV-MA,2016,"December 24, 2019",3 Seasons,TV Comedies,This is a placeholder description for the show or movie.
s2108,TV Show,Title_2108,David Fincher,"Zendaya, Millie Bobby Brown, Leonardo DiCaprio",United States,TV-PG,2014,"July 25, 2022",2 Seasons,Docuseries,This is a placeholder description for the show or movie.
s2109,Movie,Title_2109,nan,Shah Rukh Khan,Canada,TV-PG,2023,"October 9, 2023",98 min,Dramas,This is a placeholder description for the show or movie.
s2110,TV Show,Title_2110,Greta Gerwig,Shah Rukh Khan,South Korea,R,2018,"December 6, 2022",3 Seasons,TV Dramas,This is a placeholder description for the show or movie.
s2111,Movie,Title_2111,Bong Joon Ho,"Millie Bobby Brown, Leonardo DiCaprio",United States,R,2008,"October 24, 2020",133 min,Documentaries,This is a placeholder description for the show or movie.
s2112,Movie,Title_2112,Martin Scorsese,"Leonardo DiCaprio, Song Kang",United States,R,2022,"October 28, 2022",140 min,Comedies,This is a placeholder description for the show or movie.
s2113,Movie,Title_2113,Mike Flanagan,"Henry Cavill, Millie Bobby Brown, Leonardo DiCaprio",Japan,PG-13,2011,"January 1, 2019",138 min,Documentaries,This is a placeholder description for the show or movie.
s2114,TV Show,Title_2114,David Fincher,"Leonardo DiCaprio, Zendaya",France,TV-14,2017,"December 27, 2017",2 Seasons,TV Dramas,This is a placeholder description for the show or movie.
s2115,TV Show,Title_2115,nan,Shah Rukh Khan,United Kingdom,TV-MA,2023,"October 10, 2023",5 Seasons,International TV Shows,This is a placeholder description for the show or movie.
s2116,Movie,Title_2116,nan,"Leonardo DiCaprio, Henry Cavill, Song Kang",France,R,2012,"January 28, 2019",130 min,Dramas,This is a placeholder description for the show or movie.
s2117,Movie,Title_2117,Greta Gerwig,"Shah Rukh Khan, Song Kang, Zendaya",United Kingdom,TV-MA,2022,"October 19, 2022",133 min,Action & Adventure,This is a placeholder description for the show or movie.
s2118,Movie,Title_2118,Greta Gerwig,"Song Kang, Shah Rukh Khan, Leonardo DiCaprio",Canada,TV-MA,2020,"July 1, 2020",116 min,Documentaries,This is a placeholder description for the show or movie.
s2119,Movie,Title_2119,Mike Flanagan,"Shah Rukh Khan, Leonardo DiCaprio, Henry Cavill",United States,TV-MA,2023,"July 3, 2023",94 min,Action & Adventure,This is a placeholder description for the show or movie.
s2120,TV Show,Title_2120,Martin Scorsese,"Song Kang, Zendaya",India,R,2023,"December 14, 2023",4 Seasons,TV Comedies,This is a placeholder description for the show or movie.
s2121,TV Show,Title_2121,Bong Joon Ho,"Leonardo DiCaprio, Millie Bobby Brown, Shah Rukh Khan",United States,R,2022,"October 6, 2022",2 Seasons,Crime TV Shows,This is a placeholder description for the show or movie.
s2122,Movie,Title_2122,Martin Scorsese,Zendaya,South Korea,TV-14,2015,"October 15, 2023",145 min,Dramas,This is a placeholder description for the show or movie.
s2123,TV Show,Title_2123,Martin Scorsese,Song Kang,France,R,2023,"July 19, 2023",2 Seasons,TV Comedies,This is a placeholder description for the show or movie.
s2124,Movie,Title_2124,Martin Scorsese,Song Kang,United Kingdom,R,2019,"December 20, 2019",101 min,Dramas,This is a placeholder description for the show or movie.
s2125,TV Show,Title_2125,Mike Flanagan,"Millie Bobby Brown, Song Kang",United States,TV-MA,2014,"July 10, 2020",1 Seasons,TV Comedies,This is a placeholder description for the show or movie.
s2126,TV Show,Title_2126,Mike Flanagan,"Zendaya, Millie Bobby Brown",United States,TV-14,2023,"December 15, 2023",5 Seasons,Crime TV Shows,This is a placeholder description for the show or movie.
s2127,Movie,Title_2127,Bong Joon Ho,Leonardo DiCaprio,United States,TV-PG,2016,"January 28, 2021",94 min,Action & Adventure,This is a placeholder description for the show or movie.
s2128,Movie,Title_2128,Martin Scorsese,"Shah Rukh Khan, Song Kang, Millie Bobby Brown",United States,R,2016,"January 4, 2021",124 min,Dramas,This is a placeholder description for the show or movie.
s2129,TV Show,Title_2129,Mike Flanagan,"Henry Cavill, Leonardo DiCaprio, Shah Rukh Khan",United Kingdom,R,2023,"January 12, 2023",5 Seasons,Crime TV Shows,This is a placeholder description for the show or movie.
s2130,Movie,Title_2130,Bong Joon Ho,"Henry Cavill, Shah Rukh Khan",France,TV-PG,2021,"July 9, 2021",81 min,Thrillers,This is a placeholder description for the show or movie.
s2131,Movie,Title_2131,nan,"Henry Cavill, Shah Rukh Khan, Zendaya",United States,TV-MA,2023,"January 16, 2023",93 min,Dramas,This is a placeholder description for the show or movie.
s2132,Movie,Title_2132,Bong Joon Ho,"Song Kang, Leonardo DiCaprio",United States,TV-14,2011,"July 18, 2022",147 min,Comedies,This is a placeholder description for the show or movie.
s2133,Movie,Title_2133,Martin Scorsese,"Henry Cavill, Song Kang",United Kingdom,TV-MA,2019,"July 7, 2019",126 min,Comedies,This is a placeholder description for the show or movie.
s2134,Movie,Title_2134,David Fincher,"Song Kang, Leonardo DiCaprio, Henry Cavill",United States,PG-13,2011,"December 14, 2019",128 min,Action & Adventure,This is a placeholder description for the show or movie.
s2135,TV Show,Title_2135,Martin Scorsese,"Shah Rukh Khan, Zendaya, Henry Cavill",Japan,R,2011,"October 2, 2016",1 Seasons,Docuseries,This is a placeholder description for the show or movie.
s2136,TV Show,Title_2136,David Fincher,"Shah Rukh Khan, Leonardo DiCaprio, Millie Bobby Brown",United States,PG-13,2018,"January 12, 2018",5 Seasons,International TV Shows,This is a placeholder description for the show or movie.
s2137,Movie,Title_2137,Bong Joon Ho,Henry Cavill,United States,R,2020,"July 23, 2023",135 min,Documentaries,This is a placeholder description for the show or movie.
s2138,TV Show,Title_2138,nan,Henry Cavill,United States,PG-13,2017,"January 12, 2020",5 Seasons,Crime TV Shows,This is a placeholder description for the show or movie.
s2139,Movie,Title_2139,nan,"Song Kang, Zendaya, Shah Rukh Khan",United States,TV-PG,2023,"January 22, 2023",141 min,Action & Adventure,This is a placeholder description for the show or movie.
s2140,TV Show,Title_2140,Mike Flanagan,Leonardo DiCaprio,India,R,2023,"July 9, 2023",1 Seasons,Crime TV Shows,This is a placeholder description for the show or movie.
s2141,TV Show,Title_2141,nan,"Leonardo DiCaprio, Song Kang",United States,R,2022,"July 24, 2023",3 Seasons,Docuseries,This is a placeholder description for the show or movie.
s2142,Movie,Title_2142,Greta Gerwig,Millie Bobby Brown,India,PG-13,2019,"December 25, 2019",149 min,Documentaries,This is a placeholder description for the show or movie.
s2143,TV Show,Title_2143,Bong Joon Ho,Henry Cavill,India,TV-14,2023,"October 12, 2023",2 Seasons,Crime TV Shows,This is a placeholder description for the show or movie.
s2144,Movie,Title_2144,Mike Flanagan,Zendaya,United States,PG-13,2023,"July 2, 2023",103 min,Comedies,This is a placeholder description for the show or movie.
s2145,Movie,Title_2145,nan,"Henry Cavill, Song Kang, Millie Bobby Brown",United States,R,2014,"December 1, 2020",137 min,Thrillers,This is a placeholder description for the show or movie.
s2146,TV Show,Title_2146,Bong Joon Ho,"Song Kang, Henry Cavill",India,R,2022,"October 21, 2023",1 Seasons,Docuseries,This is a placeholder description for the show or movie.
s2147,Movie,Title_2147,Martin Scorsese,"Song Kang, Henry Cavill, Leonardo DiCaprio",United Kingdom,TV-14,2015,"July 21, 2020",116 min,Action & Adventure,This is a placeholder description for the show or movie.
s2148,Movie,Title_2148,nan,Henry Cavill,France,TV-MA,2011,"January 5, 2022",125 min,Documentaries,This is a placeholder description for the show or movie.
s2149,Movie,Title_2149,David Fincher,"Leonardo DiCaprio, Zendaya, Shah Rukh Khan",United States,TV-14,2014,"July 10, 2022",91 min,Comedies,This is a placeholder description for the show or movie.
s2150,TV Show,Title_2150,Bong Joon Ho,"Henry Cavill, Leonardo DiCaprio, Zendaya",United States,TV-MA,2012,"December 26, 2023",2 Seasons,International TV Shows,This is a placeholder description for the show or movie.
s2151,Movie,Title_2151,Mike Flanagan,"Shah Rukh Khan, Zendaya",United States,R,2019,"July 7, 2019",110 min,Action & Adventure,This is a placeholder description for the show or movie.
s2152,Movie,Title_2152,Martin Scorsese,"Leonardo DiCaprio, Zendaya, Shah Rukh Khan",India,TV-PG,2021,"October 8, 2021",134 min,Documentaries,This is a placeholder description for the show or movie.
s2153,TV Show,Title_2153,Greta Gerwig,"Shah Rukh Khan, Millie Bobby Brown, Henry Cavill",United Kingdom,TV-PG,2021,"January 13, 2021",4 Seasons,TV Dramas,This is a placeholder description for the show or movie.
s2154,TV Show,Title_2154,Martin Scorsese,"Millie Bobby Brown, Zendaya",South Korea,PG-13,2009,"October 15, 2017",5 Seasons,TV Comedies,This is a placeholder description for the show or movie.
s2155,Movie,Title_2155,nan,Shah Rukh Khan,United Kingdom,TV-14,2015,"July 16, 2023",144 min,Documentaries,This is a placeholder description for the show or movie.
s2156,Movie,Title_2156,David Fincher,Henry Cavill,United States,TV-14,2022,"December 16, 2023",89 min,Action & Adventure,This is a placeholder description for the show or movie.
s2157,Movie,Title_2157,Martin Scorsese,Song Kang,India,TV-PG,2023,"January 14, 2023",109 min,Documentaries,This is a placeholder description for the show or movie.
s2158,Movie,Title_2158,Greta Gerwig,"Henry Cavill, Leonardo DiCaprio, Millie Bobby Brown",France,TV-MA,2017,"July 1, 2018",119 min,Action & Adventure,This is a placeholder description for the show or movie.
s2159,Movie,Title_2159,Mike Flanagan,"Zendaya, Henry Cavill",United States,TV-14,2014,"January 21, 2014",100 min,Dramas,This is a placeholder description for the show or movie.
s2160,TV Show,Title_2160,Bong Joon Ho,"Millie Bobby Brown, Song Kang, Henry Cavill",India,TV-MA,2017,"January 28, 2017",2 Seasons,Crime TV Shows,This is a placeholder description for the show or movie.
s2161,TV Show,Title_2161,David Fincher,"Henry Cavill, Shah Rukh Khan",France,TV-MA,2017,"January 20, 2023",4 Seasons,Crime TV Shows,This is a placeholder description for the show or movie.
s2162,Movie,Title_2162,Greta Gerwig,"Henry Cavill, Leonardo DiCaprio, Shah Rukh Khan",Canada,TV-MA,2015,"October 12, 2020",110 min,Action & Adventure,This is a placeholder description for the show or movie.
s2163,Movie,Title_2163,nan,"Song Kang, Henry Cavill, Shah Rukh Khan",Canada,TV-MA,2022,"July 20, 2022",112 min,Action & Adventure,This is a placeholder description for the show or movie.
s2164,TV Show,Title_2164,nan,"Shah Rukh Khan, Millie Bobby Brown",United States,PG-13,2019,"December 24, 2019",1 Seasons,TV Dramas,This is a placeholder description for the show or movie.
s2165,Movie,Title_2165,nan,"Henry Cavill, Leonardo DiCaprio",India,PG-13,2016,"December 21, 2017",122 min,Thrillers,This is a placeholder description for the show or movie.
s2166,TV Show,Title_2166,David Fincher,Shah Rukh Khan,United States,TV-PG,2022,"July 20, 2022",2 Seasons,TV Comedies,This is a placeholder description for the show or movie.
s2167,Movie,Title_2167,Martin Scorsese,"Leonardo DiCaprio, Millie Bobby Brown, Shah Rukh Khan",United Kingdom,PG-13,2022,"July 20, 2022",110 min,Thrillers,This is a placeholder description for the show or movie.
s2168,Movie,Title_2168,David Fincher,"Henry Cavill, Millie Bobby Brown, Leonardo DiCaprio",United States,TV-14,2022,"July 13, 2022",135 min,Thrillers,This is a placeholder description for the show or movie.
s2169,TV Show,Title_2169,nan,"Song Kang, Leonardo DiCaprio",South Korea,PG-13,2011,"July 15, 2021",3 Seasons,International TV Shows,This is a placeholder description for the show or movie.
s2170,Movie,Title_2170,Greta Gerwig,Shah Rukh Khan,South Korea,TV-14,2022,"October 21, 2022",141 min,Thrillers,This is a placeholder description for the show or movie.
s2171,TV Show,Title_2171,Bong Joon Ho,Millie Bobby Brown,India,TV-14,2021,"July 12, 2021",3 Seasons,TV Comedies,This is a placeholder description for the show or movie.
s2172,Movie,Title_2172,Bong Joon Ho,Zendaya,United States,TV-MA,2011,"July 4, 2023",111 min,Comedies,This is a placeholder description for the show or movie.
s2173,Movie,Title_2173,David Fincher,Henry Cavill,United States,TV-PG,2016,"December 13, 2016",88 min,Comedies,This is a placeholder description for the show or movie.
s2174,TV Show,Title_2174,nan,"Leonardo DiCaprio, Song Kang",South Korea,TV-MA,2014,"January 11, 2017",1 Seasons,Docuseries,This is a placeholder description for the show or movie.
s2175,Movie,Title_2175,Mike Flanagan,Shah Rukh Khan,United Kingdom,TV-MA,2017,"January 20, 2018",83 min,Dramas,This is a placeholder description for the show or movie.
s2176,TV Show,Title_2176,David Fincher,"Shah Rukh Khan, Song Kang",Canada,PG-13,2018,"July 12, 2019",4 Seasons,TV Comedies,This is a placeholder description for the show or movie.
s2177,Movie,Title_2177,nan,"Leonardo DiCaprio, Song Kang, Henry Cavill",United States,PG-13,2023,"July 1, 2023",121 min,Comedies,This is a placeholder description for the show or movie.
s2178,Movie,Title_2178,Martin Scorsese,"Leonardo DiCaprio, Shah Rukh Khan",India,TV-14,2020,"January 10, 2023",119 min,Thrillers,This is a placeholder description for the show or movie.
s2179,TV Show,Title_2179,Bong Joon Ho,"Leonardo DiCaprio, Henry Cavill",Canada,PG-13,2016,"July 1, 2016",1 Seasons,Docuseries,This is a placeholder description for the show or movie.
s2180,Movie,Title_2180,Bong Joon Ho,"Leonardo DiCaprio, Song Kang",India,PG-13,2023,"October 21, 2023",144 min,Comedies,This is a placeholder description for the show or movie.
s2181,Movie,Title_2181,Bong Joon Ho,"Song Kang, Shah Rukh Khan",United Kingdom,R,2018,"July 12, 2018",144 min,Dramas,This is a placeholder description for the show or movie.
s2182,Movie,Title_2182,Mike Flanagan,Song Kang,South Korea,TV-14,2014,"January 13, 2022",110 min,Dramas,This is a placeholder description for the show or movie.
s2183,Movie,Title_2183,nan,"Millie Bobby Brown, Song Kang, Zendaya",United States,TV-14,2022,"December 4, 2022",135 min,Thrillers,This is a placeholder description for the show or movie.
s2184,Movie,Title_2184,nan,Millie Bobby Brown,United States,R,2021,"October 8, 2021",112 min,Dramas,This is a placeholder description for the show or movie.
s2185,TV Show,Title_2185,nan,Millie Bobby Brown,India,TV-14,2018,"January 16, 2019",2 Seasons,Crime TV Shows,This is a placeholder description for the show or movie.
s2186,TV Show,Title_2186,nan,"Song Kang, Leonardo DiCaprio",United States,TV-PG,2023,"October 8, 2023",5 Seasons,Docuseries,This is a placeholder description for the show or movie.
s2187,TV Show,Title_2187,Mike Flanagan,"Zendaya, Henry Cavill",South Korea,TV-PG,2019,"January 2, 2019",4 Seasons,International TV Shows,This is a placeholder description for the show or movie.
s2188,TV Show,Title_2188,Greta Gerwig,"Zendaya, Henry Cavill, Leonardo DiCaprio",Canada,R,2014,"October 21, 2019",4 Seasons,Docuseries,This is a placeholder description for the show or movie.
s2189,TV Show,Title_2189,David Fincher,Shah Rukh Khan,Japan,PG-13,2013,"December 3, 2022",1 Seasons,Docuseries,This is a placeholder description for the show or movie.
s2190,TV Show,Title_2190,David Fincher,"Henry Cavill, Shah Rukh Khan",United Kingdom,TV-PG,2011,"January 3, 2020",3 Seasons,International TV Shows,This is a placeholder description for the show or movie.
s2191,Movie,Title_2191,nan,Leonardo DiCaprio,United States,R,2018,"October 19, 2018",96 min,Dramas,This is a placeholder description for the show or movie.
s2192,TV Show,Title_2192,Martin Scorsese,"Millie Bobby Brown, Henry Cavill, Shah Rukh Khan",United States,TV-PG,2015,"October 10, 2020",4 Seasons,International TV Shows,This is a placeholder description for the show or movie.
s2193,TV Show,Title_2193,Bong Joon Ho,"Leonardo DiCaprio, Millie Bobby Brown",South Korea,TV-MA,2020,"July 4, 2020",3 Seasons,International TV Shows,This is a placeholder description for the show or movie.
s2194,Movie,Title_2194,Mike Flanagan,"Shah Rukh Khan, Song Kang, Leonardo DiCaprio",United States,R,2021,"December 6, 2021",134 min,Dramas,This is a placeholder description for the show or movie.
s2195,Movie,Title_2195,Martin Scorsese,Leonardo DiCaprio,United Kingdom,TV-14,2018,"October 26, 2020",148 min,Action & Adventure,This is a placeholder description for the show or movie.
s2196,Movie,Title_2196,Martin Scorsese,Zendaya,South Korea,TV-PG,2022,"July 27, 2022",132 min,Documentaries,This is a placeholder description for the show or movie.
s2197,Movie,Title_2197,nan,"Song Kang, Leonardo DiCaprio",United States,TV-14,2015,"October 23, 2017",94 min,Comedies,This is a placeholder description for the show or movie.
s2198,TV Show,Title_2198,Mike Flanagan,"Millie Bobby Brown, Henry Cavill",United States,R,2016,"January 17, 2023",4 Seasons,Crime TV Shows,This is a placeholder description for the show or movie.
s2199,Movie,Title_2199,David Fincher,"Shah Rukh Khan, Song Kang, Leonardo DiCaprio",India,TV-PG,2020,"January 2, 2020",135 min,Dramas,This is a placeholder description for the show or movie.
s2200,Movie,Title_2200,Bong Joon Ho,"Song Kang, Millie Bobby Brown, Leonardo DiCaprio",Japan,TV-14,2014,"December 28, 2021",124 min,Action & Adventure,This is a placeholder description for the show or movie.
s2201,TV Show,Title_2201,David Fincher,"Henry Cavill, Song Kang",United States,PG-13,2013,"January 17, 2017",4 Seasons,Crime TV Shows,This is a placeholder description for the show or movie.
s2202,Movie,Title_2202,Martin Scorsese,"Millie Bobby Brown, Henry Cavill, Leonardo DiCaprio",France,PG-13,2023,"July 14, 2023",97 min,Comedies,This is a placeholder description for the show or movie.
s2203,Movie,Title_2203,Bong Joon Ho,Song Kang,India,TV-MA,2022,"October 21, 2023",85 min,Action & Adventure,This is a placeholder description for the show or movie.
s2204,Movie,Title_2204,Greta Gerwig,Henry Cavill,France,R,2014,"July 4, 2017",101 min,Thrillers,This is a placeholder description for the show or movie.
s2205,TV Show,Title_2205,Martin Scorsese,"Millie Bobby Brown, Zendaya",United States,TV-14,2016,"January 22, 2016",2 Seasons,Crime TV Shows,This is a placeholder description for the show or movie.
s2206,TV Show,Title_2206,David Fincher,"Shah Rukh Khan, Henry Cavill",United States,TV-MA,2018,"October 15, 2019",4 Seasons,International TV Shows,This is a placeholder description for the show or movie.
s2207,Movie,Title_2207,David Fincher,"Millie Bobby Brown, Shah Rukh Khan, Henry Cavill",South Korea,R,2019,"December 27, 2023",109 min,Action & Adventure,This is a placeholder description for the show or movie.
s2208,TV Show,Title_2208,nan,"Millie Bobby Brown, Henry Cavill",Japan,PG-13,2022,"December 4, 2022",2 Seasons,TV Dramas,This is a placeholder description for the show or movie.
s2209,Movie,Title_2209,David Fincher,Henry Cavill,India,TV-14,2008,"October 22, 2021",113 min,Dramas,This is a placeholder description for the show or movie.
s2210,TV Show,Title_2210,Mike Flanagan,"Shah Rukh Khan, Millie Bobby Brown, Henry Cavill",Canada,TV-PG,2023,"July 23, 2023",1 Seasons,TV Comedies,This is a placeholder description for the show or movie.
s2211,TV Show,Title_2211,Martin Scorsese,"Shah Rukh Khan, Song Kang, Henry Cavill",Japan,PG-13,2021,"October 9, 2021",4 Seasons,TV Comedies,This is a placeholder description for the show or movie.
s2212,TV Show,Title_2212,Bong Joon Ho,"Zendaya, Millie Bobby Brown, Henry Cavill",United States,TV-PG,2013,"January 10, 2022",4 Seasons,TV Dramas,This is a placeholder description for the show or movie.
s2213,Movie,Title_2213,David Fincher,"Song Kang, Leonardo DiCaprio",India,TV-PG,2023,"January 10, 2023",111 min,Action & Adventure,This is a placeholder description for the show or movie.
s2214,TV Show,Title_2214,nan,"Shah Rukh Khan, Song Kang, Zendaya",Japan,TV-14,2016,"July 10, 2017",2 Seasons,Docuseries,This is a placeholder description for the show or movie.
s2215,TV Show,Title_2215,nan,"Henry Cavill, Millie Bobby Brown, Shah Rukh Khan",United States,TV-14,2018,"January 5, 2022",5 Seasons,Docuseries,This is a placeholder description for the show or movie.
s2216,Movie,Title_2216,David Fincher,"Leonardo DiCaprio, Millie Bobby Brown, Song Kang",United States,TV-PG,2016,"October 13, 2019",132 min,Thrillers,This is a placeholder description for the show or movie.
s2217,TV Show,Title_2217,Mike Flanagan,Zendaya,South Korea,TV-MA,2023,"October 19, 2023",5 Seasons,TV Dramas,This is a placeholder description for the show or movie.
s2218,Movie,Title_2218,nan,"Millie Bobby Brown, Song Kang",United States,TV-PG,2023,"December 11, 2023",145 min,Thrillers,This is a placeholder description for the show or movie.
s2219,TV Show,Title_2219,Bong Joon Ho,Henry Cavill,United States,TV-PG,2014,"July 22, 2020",1 Seasons,Docuseries,This is a placeholder description for the show or movie.
s2220,Movie,Title_2220,Martin Scorsese,"Millie Bobby Brown, Leonardo DiCaprio",France,TV-14,2012,"July 3, 2023",123 min,Documentaries,This is a placeholder description for the show or movie.
s2221,TV Show,Title_2221,Greta Gerwig,Shah Rukh Khan,India,R,2023,"December 5, 2023",4 Seasons,International TV Shows,This is a placeholder description for the show or movie.
s2222,Movie,Title_2222,Mike Flanagan,"Millie Bobby Brown, Henry Cavill, Zendaya",South Korea,PG-13,2023,"December 27, 2023",86 min,Action & Adventure,This is a placeholder description for the show or movie.
s2223,Movie,Title_2223,nan,Zendaya,South Korea,TV-14,2023,"July 12, 2023",115 min,Thrillers,This is a placeholder description for the show or movie.
s2224,Movie,Title_2224,Martin Scorsese,Leonardo DiCaprio,United States,TV-MA,2020,"October 5, 2023",146 min,Dramas,This is a placeholder description for the show or movie.
s2225,Movie,Title_2225,Greta Gerwig,"Leonardo DiCaprio, Shah Rukh Khan",United States,PG-13,2023,"January 2, 2023",131 min,Documentaries,This is a placeholder description for the show or movie.
s2226,Movie,Title_2226,David Fincher,"Henry Cavill, Leonardo DiCaprio, Song Kang",United States,TV-14,2017,"January 26, 2021",146 min,Documentaries,This is a placeholder description for the show or movie.
s2227,Movie,Title_2227,David Fincher,Millie Bobby Brown,United States,TV-14,2013,"October 25, 2020",120 min,Dramas,This is a placeholder description for the show or movie.
s2228,Movie,Title_2228,Bong Joon Ho,Henry Cavill,United Kingdom,R,2012,"January 27, 2014",80 min,Comedies,This is a placeholder description for the show or movie.
s2229,Movie,Title_2229,Greta Gerwig,"Song Kang, Leonardo DiCaprio",United Kingdom,TV-MA,2018,"December 1, 2023",121 min,Dramas,This is a placeholder description for the show or movie.
s2230,Movie,Title_2230,David Fincher,Henry Cavill,India,TV-MA,2022,"July 13, 2022",110 min,Dramas,This is a placeholder description for the show or movie.
s2231,TV Show,Title_2231,David Fincher,"Henry Cavill, Shah Rukh Khan",United States,TV-14,2023,"July 8, 2023",1 Seasons,International TV Shows,This is a placeholder description for the show or movie.
s2232,Movie,Title_2232,nan,"Henry Cavill, Leonardo DiCaprio, Song Kang",United States,R,2008,"December 27, 2013",109 min,Thrillers,This is a placeholder description for the show or movie.
s2233,TV Show,Title_2233,Bong Joon Ho,Henry Cavill,India,TV-14,2012,"January 2, 2022",1 Seasons,Crime TV Shows,This is a placeholder description for the show or movie.
s2234,TV Show,Title_2234,Martin Scorsese,Shah Rukh Khan,India,TV-PG,2014,"July 22, 2021",4 Seasons,TV Comedies,This is a placeholder description for the show or movie.
s2235,TV Show,Title_2235,David Fincher,"Zendaya, Henry Cavill, Song Kang",United States,TV-PG,2023,"January 8, 2023",4 Seasons,TV Dramas,This is a placeholder description for the show or movie.
s2236,Movie,Title_2236,Mike Flanagan,Song Kang,United Kingdom,R,2020,"July 21, 2021",130 min,Documentaries,This is a placeholder description for the show or movie.
s2237,TV Show,Title_2237,Mike Flanagan,"Shah Rukh Khan, Zendaya",United States,TV-14,2013,"January 4, 2023",3 Seasons,TV Comedies,This is a placeholder description for the show or movie.
s2238,Movie,Title_2238,Martin Scorsese,Shah Rukh Khan,United States,R,2016,"December 22, 2018",149 min,Comedies,This is a placeholder description for the show or movie.
s2239,Movie,Title_2239,Greta Gerwig,Zendaya,Canada,TV-14,2023,"October 17, 2023",112 min,Documentaries,This is a placeholder description for the show or movie.
s2240,Movie,Title_2240,Bong Joon Ho,"Henry Cavill, Shah Rukh Khan",United States,TV-14,2022,"December 4, 2023",109 min,Dramas,This is a placeholder description for the show or movie.
s2241,TV Show,Title_2241,nan,"Song Kang, Zendaya, Leonardo DiCaprio",India,TV-PG,2014,"July 6, 2023",2 Seasons,International TV Shows,This is a placeholder description for the show or movie.
s2242,Movie,Title_2242,Mike Flanagan,Henry Cavill,United States,PG-13,2015,"July 18, 2018",90 min,Thrillers,This is a placeholder description for the show or movie.
s2243,Movie,Title_2243,Mike Flanagan,"Henry Cavill, Leonardo DiCaprio, Millie Bobby Brown",United States,TV-MA,2016,"December 15, 2018",100 min,Dramas,This is a placeholder description for the show or movie.
s2244,TV Show,Title_2244,Martin Scorsese,"Leonardo DiCaprio, Shah Rukh Khan",United States,TV-MA,2022,"January 27, 2022",3 Seasons,TV Dramas,This is a placeholder description for the show or movie.
s2245,TV Show,Title_2245,Greta Gerwig,Millie Bobby Brown,France,R,2015,"July 22, 2022",1 Seasons,International TV Shows,This is a placeholder description for the show or movie.
s2246,Movie,Title_2246,Greta Gerwig,Henry Cavill,India,TV-MA,2016,"October 9, 2019",83 min,Dramas,This is a placeholder description for the show or movie.
s2247,Movie,Title_2247,Martin Scorsese,"Song Kang, Henry Cavill",France,TV-PG,2018,"January 9, 2021",101 min,Thrillers,This is a placeholder description for the show or movie.
s2248,TV Show,Title_2248,Mike Flanagan,Zendaya,India,PG-13,2019,"January 26, 2019",2 Seasons,TV Dramas,This is a placeholder description for the show or movie.
s2249,Movie,Title_2249,Bong Joon Ho,"Song Kang, Millie Bobby Brown",India,TV-14,2022,"October 21, 2022",150 min,Thrillers,This is a placeholder description for the show or movie.
s2250,Movie,Title_2250,Mike Flanagan,Song Kang,United States,TV-14,2014,"January 5, 2015",136 min,Dramas,This is a placeholder description for the show or movie.
s2251,Movie,Title_2251,Greta Gerwig,"Millie Bobby Brown, Song Kang, Shah Rukh Khan",United States,TV-PG,2022,"December 16, 2022",89 min,Dramas,This is a placeholder description for the show or movie.
s2252,TV Show,Title_2252,nan,"Shah Rukh Khan, Millie Bobby Brown, Leonardo DiCaprio",United States,TV-MA,2019,"October 24, 2023",4 Seasons,International TV Shows,This is a placeholder description for the show or movie.
s2253,TV Show,Title_2253,Mike Flanagan,"Zendaya, Shah Rukh Khan",United States,TV-14,2015,"December 4, 2015",2 Seasons,TV Dramas,This is a placeholder description for the show or movie.
s2254,TV Show,Title_2254,Bong Joon Ho,Millie Bobby Brown,India,TV-MA,2018,"October 18, 2020",2 Seasons,Crime TV Shows,This is a placeholder description for the show or movie.
s2255,TV Show,Title_2255,David Fincher,"Shah Rukh Khan, Millie Bobby Brown",United States,TV-PG,2016,"July 26, 2023",3 Seasons,International TV Shows,This is a placeholder description for the show or movie.
s2256,Movie,Title_2256,Mike Flanagan,"Zendaya, Millie Bobby Brown",United States,TV-14,2005,"December 22, 2023",144 min,Comedies,This is a placeholder description for the show or movie.
s2257,Movie,Title_2257,Martin Scorsese,"Leonardo DiCaprio, Song Kang, Millie Bobby Brown",United States,R,2021,"October 14, 2021",81 min,Comedies,This is a placeholder description for the show or movie.
s2258,Movie,Title_2258,David Fincher,"Leonardo DiCaprio, Zendaya, Shah Rukh Khan",India,PG-13,2001,"October 7, 2023",135 min,Thrillers,This is a placeholder description for the show or movie.
s2259,Movie,Title_2259,Martin Scorsese,"Henry Cavill, Leonardo DiCaprio, Shah Rukh Khan",United Kingdom,TV-MA,2012,"October 5, 2018",92 min,Thrillers,This is a placeholder description for the show or movie.
s2260,Movie,Title_2260,Martin Scorsese,Millie Bobby Brown,Japan,TV-MA,2017,"January 20, 2021",119 min,Documentaries,This is a placeholder description for the show or movie.
s2261,TV Show,Title_2261,Martin Scorsese,Millie Bobby Brown,United States,TV-MA,2021,"December 13, 2022",2 Seasons,International TV Shows,This is a placeholder description for the show or movie.
s2262,Movie,Title_2262,Mike Flanagan,"Song Kang, Leonardo DiCaprio, Zendaya",United States,TV-MA,2022,"December 12, 2022",88 min,Dramas,This is a placeholder description for the show or movie.
s2263,TV Show,Title_2263,Greta Gerwig,"Song Kang, Henry Cavill",United States,TV-PG,2020,"October 10, 2020",2 Seasons,Docuseries,This is a placeholder description for the show or movie.
s2264,Movie,Title_2264,David Fincher,"Zendaya, Song Kang",Japan,TV-PG,2014,"July 3, 2022",94 min,Thrillers,This is a placeholder description for the show or movie.
s2265,Movie,Title_2265,Bong Joon Ho,"Millie Bobby Brown, Leonardo DiCaprio, Shah Rukh Khan",United States,TV-PG,2022,"January 22, 2022",139 min,Thrillers,This is a placeholder description for the show or movie.
s2266,Movie,Title_2266,Greta Gerwig,"Leonardo DiCaprio, Shah Rukh Khan, Song Kang",United Kingdom,TV-PG,2015,"July 4, 2022",143 min,Thrillers,This is a placeholder description for the show or movie.
s2267,Movie,Title_2267,Mike Flanagan,Millie Bobby Brown,India,TV-14,2012,"December 26, 2023",146 min,Comedies,This is a placeholder description for the show or movie.
s2268,TV Show,Title_2268,Martin Scorsese,"Henry Cavill, Millie Bobby Brown, Zendaya",United States,TV-PG,2016,"July 18, 2023",2 Seasons,Crime TV Shows,This is a placeholder description for the show or movie.
s2269,Movie,Title_2269,Bong Joon Ho,Song Kang,United States,TV-14,2010,"December 20, 2023",104 min,Dramas,This is a placeholder description for the show or movie.
s2270,Movie,Title_2270,David Fincher,Shah Rukh Khan,United States,R,2016,"July 1, 2018",111 min,Comedies,This is a placeholder description for the show or movie.
s2271,Movie,Title_2271,Greta Gerwig,"Henry Cavill, Shah Rukh Khan",Japan,TV-PG,2018,"December 26, 2018",95 min,Action & Adventure,This is a placeholder description for the show or movie.
s2272,Movie,Title_2272,nan,"Song Kang, Millie Bobby Brown, Henry Cavill",India,R,2017,"December 16, 2017",144 min,Comedies,This is a placeholder description for the show or movie.
s2273,Movie,Title_2273,Greta Gerwig,Song Kang,India,TV-PG,2014,"December 7, 2021",138 min,Comedies,This is a placeholder description for the show or movie.
s2274,TV Show,Title_2274,Bong Joon Ho,Millie Bobby Brown,India,R,2013,"July 4, 2017",3 Seasons,TV Comedies,This is a placeholder description for the show or movie.
s2275,TV Show,Title_2275,Mike Flanagan,"Shah Rukh Khan, Song Kang",United Kingdom,PG-13,2011,"July 2, 2018",2 Seasons,TV Comedies,This is a placeholder description for the show or movie.
s2276,Movie,Title_2276,David Fincher,"Henry Cavill, Shah Rukh Khan",India,R,2023,"January 1, 2023",127 min,Documentaries,This is a placeholder description for the show or movie.
s2277,TV Show,Title_2277,Bong Joon Ho,Leonardo DiCaprio,United States,TV-14,2014,"January 6, 2020",5 Seasons,TV Dramas,This is a placeholder description for the show or movie.
s2278,Movie,Title_2278,Martin Scorsese,"Henry Cavill, Leonardo DiCaprio",United States,TV-MA,2016,"October 4, 2023",95 min,Action & Adventure,This is a placeholder description for the show or movie.
s2279,Movie,Title_2279,David Fincher,"Henry Cavill, Millie Bobby Brown, Song Kang",United States,R,2017,"October 16, 2021",86 min,Thrillers,This is a placeholder description for the show or movie.
s2280,Movie,Title_2280,Greta Gerwig,Leonardo DiCaprio,United Kingdom,TV-MA,2022,"October 4, 2022",141 min,Comedies,This is a placeholder description for the show or movie.
s2281,Movie,Title_2281,Bong Joon Ho,"Millie Bobby Brown, Leonardo DiCaprio, Song Kang",United States,PG-13,2019,"July 10, 2019",140 min,Dramas,This is a placeholder description for the show or movie.
s2282,Movie,Title_2282,Greta Gerwig,"Zendaya, Shah Rukh Khan",India,PG-13,2023,"January 26, 2023",137 min,Comedies,This is a placeholder description for the show or movie.
s2283,Movie,Title_2283,Greta Gerwig,"Shah Rukh Khan, Song Kang, Millie Bobby Brown",United States,TV-14,2015,"January 25, 2018",127 min,Thrillers,This is a placeholder description for the show or movie.
s2284,Movie,Title_2284,Greta Gerwig,"Leonardo DiCaprio, Song Kang, Zendaya",France,TV-14,2009,"July 21, 2022",115 min,Documentaries,This is a placeholder description for the show or movie.
s2285,Movie,Title_2285,Mike Flanagan,"Song Kang, Henry Cavill",United States,R,2006,"January 9, 2019",112 min,Comedies,This is a placeholder description for the show or movie.
s2286,Movie,Title_2286,Greta Gerwig,Leonardo DiCaprio,United States,TV-PG,2016,"October 28, 2023",88 min,Dramas,This is a placeholder description for the show or movie.
s2287,TV Show,Title_2287,Martin Scorsese,Leonardo DiCaprio,France,PG-13,2008,"January 8, 2017",1 Seasons,TV Comedies,This is a placeholder description for the show or movie.
s2288,Movie,Title_2288,Martin Scorsese,"Song Kang, Millie Bobby Brown, Henry Cavill",India,TV-MA,2017,"October 15, 2019",97 min,Dramas,This is a placeholder description for the show or movie.
s2289,Movie,Title_2289,David Fincher,Zendaya,France,TV-PG,2015,"December 10, 2019",83 min,Dramas,This is a placeholder description for the show or movie.
s2290,Movie,Title_2290,nan,"Song Kang, Shah Rukh Khan",United States,PG-13,2011,"July 25, 2021",116 min,Documentaries,This is a placeholder description for the show or movie.
s2291,Movie,Title_2291,Greta Gerwig,"Zendaya, Song Kang, Henry Cavill",United States,R,2006,"October 18, 2019",85 min,Thrillers,This is a placeholder description for the show or movie.
s2292,Movie,Title_2292,Greta Gerwig,"Shah Rukh Khan, Zendaya, Song Kang",United Kingdom,PG-13,2014,"October 17, 2023",131 min,Comedies,This is a placeholder description for the show or movie.
s2293,Movie,Title_2293,Bong Joon Ho,"Millie Bobby Brown, Song Kang, Zendaya",Japan,TV-14,2023,"December 27, 2023",108 min,Thrillers,This is a placeholder description for the show or movie.
s2294,Movie,Title_2294,Mike Flanagan,Leonardo DiCaprio,United States,TV-MA,2023,"July 12, 2023",120 min,Documentaries,This is a placeholder description for the show or movie.
s2295,Movie,Title_2295,nan,Shah Rukh Khan,France,TV-MA,2013,"December 7, 2023",81 min,Action & Adventure,This is a placeholder description for the show or movie.
s2296,Movie,Title_2296,David Fincher,"Henry Cavill, Millie Bobby Brown, Shah Rukh Khan",India,TV-14,2020,"October 25, 2020",109 min,Action & Adventure,This is a placeholder description for the show or movie.
s2297,Movie,Title_2297,nan,"Zendaya, Song Kang, Leonardo DiCaprio",South Korea,TV-PG,2021,"October 19, 2021",142 min,Documentaries,This is a placeholder description for the show or movie.
s2298,Movie,Title_2298,Greta Gerwig,"Zendaya, Millie Bobby Brown, Henry Cavill",United States,TV-14,2017,"December 11, 2017",116 min,Action & Adventure,This is a placeholder description for the show or movie.
s2299,Movie,Title_2299,Bong Joon Ho,Henry Cavill,United States,TV-MA,2016,"January 12, 2021",103 min,Thrillers,This is a placeholder description for the show or movie.
s2300,Movie,Title_2300,Mike Flanagan,Shah Rukh Khan,France,R,2017,"January 13, 2022",136 min,Documentaries,This is a placeholder description for the show or movie.
s2301,TV Show,Title_2301,David Fincher,"Zendaya, Leonardo DiCaprio, Song Kang",France,TV-PG,2019,"October 19, 2019",4 Seasons,TV Comedies,This is a placeholder description for the show or movie.
s2302,Movie,Title_2302,nan,"Henry Cavill, Millie Bobby Brown",India,PG-13,2011,"January 17, 2019",121 min,Action & Adventure,This is a placeholder description for the show or movie.
s2303,Movie,Title_2303,David Fincher,Leonardo DiCaprio,United States,R,2015,"January 16, 2021",128 min,Comedies,This is a placeholder description for the show or movie.
s2304,Movie,Title_2304,Greta Gerwig,Henry Cavill,United States,TV-PG,2014,"October 20, 2018",114 min,Documentaries,This is a placeholder description for the show or movie.
s2305,TV Show,Title_2305,David Fincher,Zendaya,India,TV-MA,2023,"January 23, 2023",1 Seasons,Crime TV Shows,This is a placeholder description for the show or movie.
s2306,Movie,Title_2306,Bong Joon Ho,"Leonardo DiCaprio, Song Kang, Millie Bobby Brown",United States,TV-MA,2014,"July 19, 2020",94 min,Comedies,This is a placeholder description for the show or movie.
s2307,Movie,Title_2307,David Fincher,"Song Kang, Leonardo DiCaprio",United States,R,2023,"July 2, 2023",114 min,Thrillers,This is a placeholder description for the show or movie.
s2308,Movie,Title_2308,Martin Scorsese,"Song Kang, Henry Cavill",United States,TV-PG,2020,"July 13, 2020",98 min,Comedies,This is a placeholder description for the show or movie.
s2309,Movie,Title_2309,Bong Joon Ho,"Shah Rukh Khan, Song Kang, Henry Cavill",Canada,PG-13,2023,"January 10, 2023",144 min,Action & Adventure,This is a placeholder description for the show or movie.
s2310,Movie,Title_2310,nan,"Shah Rukh Khan, Henry Cavill",United States,PG-13,2014,"January 26, 2016",143 min,Comedies,This is a placeholder description for the show or movie.
s2311,Movie,Title_2311,Mike Flanagan,"Henry Cavill, Shah Rukh Khan",India,TV-14,2018,"December 14, 2022",88 min,Action & Adventure,This is a placeholder description for the show or movie.
s2312,TV Show,Title_2312,Mike Flanagan,"Millie Bobby Brown, Leonardo DiCaprio",India,R,2017,"January 27, 2017",5 Seasons,Docuseries,This is a placeholder description for the show or movie.
s2313,Movie,Title_2313,Greta Gerwig,Millie Bobby Brown,United Kingdom,TV-PG,2017,"December 17, 2021",80 min,Thrillers,This is a placeholder description for the show or movie.
s2314,TV Show,Title_2314,Greta Gerwig,"Song Kang, Leonardo DiCaprio",India,R,2015,"December 27, 2021",5 Seasons,International TV Shows,This is a placeholder description for the show or movie.
s2315,TV Show,Title_2315,Martin Scorsese,"Leonardo DiCaprio, Zendaya",United States,PG-13,2023,"July 1, 2023",1 Seasons,International TV Shows,This is a placeholder description for the show or movie.
s2316,Movie,Title_2316,nan,"Zendaya, Leonardo DiCaprio",United Kingdom,TV-PG,2017,"January 26, 2022",117 min,Action & Adventure,This is a placeholder description for the show or movie.
s2317,Movie,Title_2317,Mike Flanagan,Zendaya,South Korea,TV-MA,2013,"December 12, 2017",98 min,Action & Adventure,This is a placeholder description for the show or movie.
s2318,Movie,Title_2318,Mike Flanagan,"Song Kang, Shah Rukh Khan, Leonardo DiCaprio",United Kingdom,TV-MA,2016,"July 19, 2018",88 min,Documentaries,This is a placeholder description for the show or movie.
s2319,Movie,Title_2319,Mike Flanagan,"Song Kang, Leonardo DiCaprio, Shah Rukh Khan",France,TV-PG,2013,"October 3, 2023",91 min,Action & Adventure,This is a placeholder description for the show or movie.
s2320,Movie,Title_2320,Mike Flanagan,"Henry Cavill, Song Kang",Canada,R,2023,"January 6, 2023",126 min,Thrillers,This is a placeholder description for the show or movie.
s2321,TV Show,Title_2321,David Fincher,"Zendaya, Song Kang, Millie Bobby Brown",South Korea,R,2018,"December 2, 2019",3 Seasons,International TV Shows,This is a placeholder description for the show or movie.
s2322,TV Show,Title_2322,nan,"Shah Rukh Khan, Zendaya",United States,TV-MA,2023,"July 17, 2023",4 Seasons,International TV Shows,This is a placeholder description for the show or movie.
s2323,Movie,Title_2323,Bong Joon Ho,Song Kang,India,TV-MA,2009,"July 1, 2021",115 min,Documentaries,This is a placeholder description for the show or movie.
s2324,Movie,Title_2324,Bong Joon Ho,"Shah Rukh Khan, Song Kang, Millie Bobby Brown",India,PG-13,2011,"July 6, 2023",81 min,Comedies,This is a placeholder description for the show or movie.
s2325,TV Show,Title_2325,Martin Scorsese,"Millie Bobby Brown, Henry Cavill, Song Kang",United States,TV-PG,2020,"July 20, 2020",4 Seasons,TV Comedies,This is a placeholder description for the show or movie.
s2326,TV Show,Title_2326,David Fincher,"Song Kang, Leonardo DiCaprio, Henry Cavill",India,R,2016,"January 19, 2019",4 Seasons,TV Dramas,This is a placeholder description for the show or movie.
s2327,TV Show,Title_2327,Mike Flanagan,"Zendaya, Millie Bobby Brown",United States,PG-13,2020,"January 16, 2023",5 Seasons,Crime TV Shows,This is a placeholder description for the show or movie.
s2328,Movie,Title_2328,Mike Flanagan,Leonardo DiCaprio,United Kingdom,R,2012,"October 16, 2023",85 min,Dramas,This is a placeholder description for the show or movie.
s2329,Movie,Title_2329,Greta Gerwig,"Shah Rukh Khan, Zendaya, Millie Bobby Brown",India,TV-MA,2023,"October 24, 2023",87 min,Dramas,This is a placeholder description for the show or movie.
s2330,Movie,Title_2330,Greta Gerwig,"Song Kang, Leonardo DiCaprio",India,TV-PG,2018,"December 4, 2023",130 min,Comedies,This is a placeholder description for the show or movie.
s2331,Movie,Title_2331,Martin Scorsese,Shah Rukh Khan,France,TV-14,2023,"July 26, 2023",150 min,Dramas,This is a placeholder description for the show or movie.
s2332,Movie,Title_2332,Mike Flanagan,"Millie Bobby Brown, Leonardo DiCaprio, Shah Rukh Khan",United States,TV-PG,2022,"December 4, 2023",130 min,Documentaries,This is a placeholder description for the show or movie.
s2333,Movie,Title_2333,Martin Scorsese,"Song Kang, Shah Rukh Khan, Zendaya",United States,TV-14,2018,"January 21, 2018",131 min,Thrillers,This is a placeholder description for the show or movie.
s2334,TV Show,Title_2334,David Fincher,"Millie Bobby Brown, Shah Rukh Khan, Leonardo DiCaprio",United States,PG-13,2018,"December 26, 2020",1 Seasons,Crime TV Shows,This is a placeholder description for the show or movie.
s2335,Movie,Title_2335,Bong Joon Ho,"Henry Cavill, Zendaya",Japan,TV-14,2015,"July 14, 2021",93 min,Thrillers,This is a placeholder description for the show or movie.
s2336,Movie,Title_2336,Mike Flanagan,Song Kang,India,TV-14,2011,"December 27, 2018",119 min,Comedies,This is a placeholder description for the show or movie.
s2337,Movie,Title_2337,nan,Henry Cavill,United Kingdom,PG-13,2021,"December 6, 2021",100 min,Thrillers,This is a placeholder description for the show or movie.
s2338,Movie,Title_2338,David Fincher,"Song Kang, Henry Cavill",United States,TV-PG,2022,"December 21, 2022",108 min,Thrillers,This is a placeholder description for the show or movie.
s2339,Movie,Title_2339,Mike Flanagan,"Millie Bobby Brown, Leonardo DiCaprio",India,PG-13,2009,"January 6, 2018",85 min,Comedies,This is a placeholder description for the show or movie.
s2340,Movie,Title_2340,nan,"Henry Cavill, Leonardo DiCaprio",United States,TV-MA,2019,"July 3, 2023",133 min,Comedies,This is a placeholder description for the show or movie.
s2341,TV Show,Title_2341,Greta Gerwig,"Shah Rukh Khan, Zendaya",Canada,TV-MA,2018,"January 12, 2019",2 Seasons,TV Dramas,This is a placeholder description for the show or movie.
s2342,Movie,Title_2342,Martin Scorsese,Shah Rukh Khan,South Korea,TV-14,2020,"October 10, 2020",83 min,Dramas,This is a placeholder description for the show or movie.
s2343,Movie,Title_2343,Greta Gerwig,Zendaya,Canada,PG-13,2018,"January 26, 2018",126 min,Documentaries,This is a placeholder description for the show or movie.
s2344,Movie,Title_2344,Bong Joon Ho,"Henry Cavill, Millie Bobby Brown",Canada,PG-13,2018,"January 16, 2019",88 min,Comedies,This is a placeholder description for the show or movie.
s2345,TV Show,Title_2345,Greta Gerwig,Leonardo DiCaprio,India,PG-13,2013,"July 5, 2020",4 Seasons,TV Dramas,This is a placeholder description for the show or movie.
s2346,TV Show,Title_2346,Mike Flanagan,"Shah Rukh Khan, Zendaya, Henry Cavill",Canada,TV-PG,2018,"January 7, 2023",5 Seasons,TV Dramas,This is a placeholder description for the show or movie.
s2347,TV Show,Title_2347,nan,"Leonardo DiCaprio, Shah Rukh Khan, Song Kang",India,R,2009,"January 18, 2019",5 Seasons,Crime TV Shows,This is a placeholder description for the show or movie.
s2348,Movie,Title_2348,Greta Gerwig,"Leonardo DiCaprio, Henry Cavill, Millie Bobby Brown",United Kingdom,R,2014,"January 27, 2022",119 min,Action & Adventure,This is a placeholder description for the show or movie.
s2349,Movie,Title_2349,Mike Flanagan,"Zendaya, Shah Rukh Khan",United States,R,2021,"December 27, 2021",109 min,Thrillers,This is a placeholder description for the show or movie.
s2350,Movie,Title_2350,Bong Joon Ho,Leonardo DiCaprio,United States,TV-PG,2014,"January 9, 2022",100 min,Comedies,This is a placeholder description for the show or movie.
s2351,Movie,Title_2351,nan,"Zendaya, Henry Cavill, Shah Rukh Khan",India,PG-13,2010,"October 4, 2014",131 min,Thrillers,This is a placeholder description for the show or movie.
s2352,TV Show,Title_2352,Greta Gerwig,"Henry Cavill, Millie Bobby Brown",India,R,2011,"October 27, 2019",4 Seasons,Docuseries,This is a placeholder description for the show or movie.
s2353,Movie,Title_2353,Martin Scorsese,Zendaya,United States,PG-13,2021,"December 21, 2021",91 min,Action & Adventure,This is a placeholder description for the show or movie.
s2354,TV Show,Title_2354,Martin Scorsese,Millie Bobby Brown,Canada,TV-14,2023,"July 8, 2023",1 Seasons,TV Comedies,This is a placeholder description for the show or movie.
s2355,TV Show,Title_2355,nan,"Leonardo DiCaprio, Henry Cavill",United States,R,2010,"December 28, 2020",1 Seasons,TV Dramas,This is a placeholder description for the show or movie.
s2356,Movie,Title_2356,Martin Scorsese,"Shah Rukh Khan, Henry Cavill, Song Kang",United States,TV-14,2023,"October 16, 2023",89 min,Action & Adventure,This is a placeholder description for the show or movie.
s2357,TV Show,Title_2357,Greta Gerwig,Millie Bobby Brown,Canada,TV-PG,2023,"October 9, 2023",5 Seasons,International TV Shows,This is a placeholder description for the show or movie.
s2358,Movie,Title_2358,Greta Gerwig,Zendaya,India,TV-MA,2015,"October 26, 2017",124 min,Documentaries,This is a placeholder description for the show or movie.
s2359,Movie,Title_2359,nan,"Millie Bobby Brown, Song Kang",Canada,TV-PG,2023,"December 21, 2023",125 min,Dramas,This is a placeholder description for the show or movie.
s2360,Movie,Title_2360,Greta Gerwig,"Song Kang, Henry Cavill, Leonardo DiCaprio",India,TV-PG,2023,"October 20, 2023",128 min,Thrillers,This is a placeholder description for the show or movie.
s2361,Movie,Title_2361,Mike Flanagan,"Leonardo DiCaprio, Henry Cavill",France,TV-PG,2014,"July 22, 2019",147 min,Documentaries,This is a placeholder description for the show or movie.
s2362,Movie,Title_2362,Bong Joon Ho,"Shah Rukh Khan, Leonardo DiCaprio, Zendaya",India,R,2023,"October 21, 2023",148 min,Thrillers,This is a placeholder description for the show or movie.
s2363,Movie,Title_2363,Martin Scorsese,"Leonardo DiCaprio, Zendaya, Henry Cavill",United States,TV-14,2018,"October 25, 2020",130 min,Action & Adventure,This is a placeholder description for the show or movie.
s2364,Movie,Title_2364,Mike Flanagan,Henry Cavill,United States,R,2018,"January 23, 2018",127 min,Dramas,This is a placeholder description for the show or movie.
s2365,Movie,Title_2365,nan,"Song Kang, Millie Bobby Brown",United States,TV-MA,2017,"January 12, 2019",87 min,Thrillers,This is a placeholder description for the show or movie.
s2366,Movie,Title_2366,Martin Scorsese,"Song Kang, Zendaya, Shah Rukh Khan",France,TV-PG,2017,"January 28, 2022",96 min,Thrillers,This is a placeholder description for the show or movie.
s2367,Movie,Title_2367,Mike Flanagan,"Shah Rukh Khan, Zendaya",United States,PG-13,2023,"January 4, 2023",136 min,Comedies,This is a placeholder description for the show or movie.
s2368,Movie,Title_2368,Greta Gerwig,"Shah Rukh Khan, Song Kang, Henry Cavill",United States,TV-MA,2016,"July 11, 2017",121 min,Dramas,This is a placeholder description for the show or movie.
s2369,Movie,Title_2369,nan,"Zendaya, Shah Rukh Khan",United States,TV-14,2018,"October 7, 2018",133 min,Comedies,This is a placeholder description for the show or movie.
s2370,TV Show,Title_2370,nan,"Song Kang, Shah Rukh Khan",South Korea,TV-MA,2019,"December 11, 2023",3 Seasons,International TV Shows,This is a placeholder description for the show or movie.
s2371,TV Show,Title_2371,Martin Scorsese,"Millie Bobby Brown, Shah Rukh Khan",United States,R,2005,"December 18, 2021",1 Seasons,TV Comedies,This is a placeholder description for the show or movie.
s2372,TV Show,Title_2372,Greta Gerwig,"Henry Cavill, Leonardo DiCaprio, Shah Rukh Khan",France,PG-13,2015,"January 24, 2021",1 Seasons,International TV Shows,This is a placeholder description for the show or movie.
s2373,TV Show,Title_2373,Martin Scorsese,"Song Kang, Leonardo DiCaprio, Millie Bobby Brown",United States,R,2013,"December 24, 2023",4 Seasons,TV Comedies,This is a placeholder description for the show or movie.
s2374,Movie,Title_2374,David Fincher,Zendaya,United States,TV-PG,2022,"July 8, 2022",92 min,Dramas,This is a placeholder description for the show or movie.
s2375,TV Show,Title_2375,Mike Flanagan,"Zendaya, Leonardo DiCaprio",United States,TV-PG,2021,"July 12, 2021",3 Seasons,Docuseries,This is a placeholder description for the show or movie.
s2376,Movie,Title_2376,David Fincher,"Zendaya, Millie Bobby Brown",South Korea,TV-MA,2014,"January 2, 2022",99 min,Comedies,This is a placeholder description for the show or movie.
s2377,Movie,Title_2377,Mike Flanagan,"Millie Bobby Brown, Henry Cavill",Japan,TV-PG,2014,"January 7, 2023",89 min,Thrillers,This is a placeholder description for the show or movie.
s2378,TV Show,Title_2378,Bong Joon Ho,"Millie Bobby Brown, Zendaya, Henry Cavill",United States,TV-PG,2016,"January 21, 2021",3 Seasons,TV Comedies,This is a placeholder description for the show or movie.
s2379,Movie,Title_2379,nan,"Leonardo DiCaprio, Millie Bobby Brown",United States,TV-14,2023,"July 7, 2023",142 min,Comedies,This is a placeholder description for the show or movie.
s2380,TV Show,Title_2380,Martin Scorsese,"Henry Cavill, Leonardo DiCaprio, Millie Bobby Brown",Canada,TV-14,2018,"July 26, 2023",1 Seasons,Docuseries,This is a placeholder description for the show or movie.
s2381,TV Show,Title_2381,Bong Joon Ho,"Shah Rukh Khan, Leonardo DiCaprio, Millie Bobby Brown",United States,R,2022,"December 6, 2022",5 Seasons,TV Dramas,This is a placeholder description for the show or movie.
s2382,TV Show,Title_2382,Bong Joon Ho,"Millie Bobby Brown, Leonardo DiCaprio, Zendaya",United States,R,2015,"January 1, 2019",4 Seasons,TV Comedies,This is a placeholder description for the show or movie.
s2383,TV Show,Title_2383,nan,"Leonardo DiCaprio, Shah Rukh Khan, Henry Cavill",United States,TV-14,2023,"July 27, 2023",2 Seasons,International TV Shows,This is a placeholder description for the show or movie.
s2384,Movie,Title_2384,nan,"Henry Cavill, Song Kang",United States,TV-MA,2018,"December 13, 2018",104 min,Dramas,This is a placeholder description for the show or movie.
s2385,Movie,Title_2385,Mike Flanagan,Song Kang,United States,TV-14,2021,"July 26, 2021",147 min,Dramas,This is a placeholder description for the show or movie.
s2386,Movie,Title_2386,David Fincher,"Shah Rukh Khan, Leonardo DiCaprio, Millie Bobby Brown",United States,R,2012,"October 11, 2017",149 min,Dramas,This is a placeholder description for the show or movie.
s2387,Movie,Title_2387,Greta Gerwig,"Leonardo DiCaprio, Song Kang, Henry Cavill",United States,PG-13,2008,"July 17, 2017",128 min,Thrillers,This is a placeholder description for the show or movie.
s2388,Movie,Title_2388,Mike Flanagan,"Leonardo DiCaprio, Henry Cavill, Millie Bobby Brown",South Korea,TV-PG,2021,"December 18, 2023",143 min,Comedies,This is a placeholder description for the show or movie.
s2389,TV Show,Title_2389,Greta Gerwig,Henry Cavill,United States,PG-13,2021,"December 19, 2021",1 Seasons,International TV Shows,This is a placeholder description for the show or movie.
s2390,TV Show,Title_2390,Bong Joon Ho,"Shah Rukh Khan, Leonardo DiCaprio",Canada,PG-13,2017,"October 13, 2022",3 Seasons,TV Comedies,This is a placeholder description for the show or movie.
s2391,Movie,Title_2391,Greta Gerwig,"Henry Cavill, Zendaya",United States,TV-PG,2019,"January 3, 2023",117 min,Dramas,This is a placeholder description for the show or movie.
s2392,Movie,Title_2392,David Fincher,"Song Kang, Shah Rukh Khan, Leonardo DiCaprio",United Kingdom,TV-14,2017,"October 26, 2023",122 min,Documentaries,This is a placeholder description for the show or movie.
s2393,Movie,Title_2393,Mike Flanagan,"Song Kang, Leonardo DiCaprio, Millie Bobby Brown",United States,TV-MA,2022,"July 7, 2022",107 min,Documentaries,This is a placeholder description for the show or movie.
s2394,Movie,Title_2394,nan,"Henry Cavill, Zendaya",Canada,PG-13,2007,"December 6, 2022",135 min,Documentaries,This is a placeholder description for the show or movie.
s2395,TV Show,Title_2395,David Fincher,"Leonardo DiCaprio, Shah Rukh Khan",United States,TV-MA,2017,"October 18, 2018",2 Seasons,TV Dramas,This is a placeholder description for the show or movie.
s2396,Movie,Title_2396,David Fincher,Song Kang,Japan,R,2010,"January 23, 2019",143 min,Action & Adventure,This is a placeholder description for the show or movie.
s2397,Movie,Title_2397,Mike Flanagan,Zendaya,United States,PG-13,2018,"January 13, 2018",99 min,Documentaries,This is a placeholder description for the show or movie.
s2398,Movie,Title_2398,nan,Henry Cavill,United States,R,2010,"October 22, 2021",114 min,Dramas,This is a placeholder description for the show or movie.
s2399,Movie,Title_2399,David Fincher,"Henry Cavill, Song Kang, Leonardo DiCaprio",France,TV-14,2022,"October 9, 2022",128 min,Dramas,This is a placeholder description for the show or movie.
s2400,Movie,Title_2400,nan,"Shah Rukh Khan, Millie Bobby Brown, Leonardo DiCaprio",India,PG-13,2023,"December 14, 2023",103 min,Documentaries,This is a placeholder description for the show or movie.
s2401,Movie,Title_2401,Martin Scorsese,"Millie Bobby Brown, Henry Cavill, Leonardo DiCaprio",United States,R,2017,"January 7, 2017",88 min,Comedies,This is a placeholder description for the show or movie.
s2402,Movie,Title_2402,Martin Scorsese,Zendaya,France,R,2010,"July 13, 2023",103 min,Dramas,This is a placeholder description for the show or movie.
s2403,Movie,Title_2403,Martin Scorsese,"Zendaya, Shah Rukh Khan, Leonardo DiCaprio",United States,TV-14,2023,"January 9, 2023",108 min,Thrillers,This is a placeholder description for the show or movie.
s2404,Movie,Title_2404,Greta Gerwig,"Leonardo DiCaprio, Henry Cavill",United States,TV-MA,2018,"January 28, 2019",90 min,Dramas,This is a placeholder description for the show or movie.
s2405,TV Show,Title_2405,David Fincher,Zendaya,France,TV-MA,2016,"July 7, 2018",2 Seasons,TV Comedies,This is a placeholder description for the show or movie.
s2406,Movie,Title_2406,Mike Flanagan,Zendaya,United States,PG-13,2019,"July 22, 2022",116 min,Documentaries,This is a placeholder description for the show or movie.
s2407,Movie,Title_2407,Mike Flanagan,"Henry Cavill, Millie Bobby Brown, Shah Rukh Khan",Japan,TV-14,2020,"July 17, 2020",140 min,Comedies,This is a placeholder description for the show or movie.
s2408,Movie,Title_2408,Greta Gerwig,Leonardo DiCaprio,United States,PG-13,2017,"October 2, 2022",139 min,Dramas,This is a placeholder description for the show or movie.
s2409,TV Show,Title_2409,Mike Flanagan,"Song Kang, Zendaya, Shah Rukh Khan",Canada,TV-MA,2020,"October 9, 2020",4 Seasons,International TV Shows,This is a placeholder description for the show or movie.
s2410,Movie,Title_2410,Martin Scorsese,"Zendaya, Leonardo DiCaprio",India,TV-14,2017,"January 12, 2021",108 min,Thrillers,This is a placeholder description for the show or movie.
s2411,TV Show,Title_2411,David Fincher,Millie Bobby Brown,France,TV-PG,2015,"October 15, 2022",5 Seasons,TV Dramas,This is a placeholder description for the show or movie.
s2412,Movie,Title_2412,Mike Flanagan,"Shah Rukh Khan, Henry Cavill",India,TV-14,2012,"January 13, 2018",112 min,Comedies,This is a placeholder description for the show or movie.
s2413,Movie,Title_2413,Mike Flanagan,"Zendaya, Song Kang",United States,TV-14,2021,"October 15, 2021",134 min,Thrillers,This is a placeholder description for the show or movie.
s2414,Movie,Title_2414,Bong Joon Ho,Henry Cavill,United Kingdom,TV-PG,2010,"December 10, 2020",145 min,Documentaries,This is a placeholder description for the show or movie.
s2415,Movie,Title_2415,Bong Joon Ho,"Henry Cavill, Leonardo DiCaprio, Millie Bobby Brown",United States,R,2009,"January 28, 2016",108 min,Thrillers,This is a placeholder description for the show or movie.
s2416,TV Show,Title_2416,Bong Joon Ho,Shah Rukh Khan,South Korea,R,2021,"October 16, 2021",4 Seasons,TV Dramas,This is a placeholder description for the show or movie.
s2417,Movie,Title_2417,David Fincher,"Leonardo DiCaprio, Millie Bobby Brown, Zendaya",Japan,R,2023,"October 24, 2023",95 min,Comedies,This is a placeholder description for the show or movie.
s2418,Movie,Title_2418,Martin Scorsese,"Zendaya, Shah Rukh Khan, Henry Cavill",India,TV-MA,2017,"January 25, 2021",95 min,Action & Adventure,This is a placeholder description for the show or movie.
s2419,Movie,Title_2419,nan,"Leonardo DiCaprio, Millie Bobby Brown",South Korea,TV-14,2012,"October 21, 2023",89 min,Dramas,This is a placeholder description for the show or movie.
s2420,Movie,Title_2420,Martin Scorsese,"Leonardo DiCaprio, Shah Rukh Khan",United States,TV-PG,2020,"December 12, 2020",86 min,Dramas,This is a placeholder description for the show or movie.
s2421,Movie,Title_2421,Martin Scorsese,"Millie Bobby Brown, Shah Rukh Khan",India,TV-MA,2017,"December 27, 2021",125 min,Comedies,This is a placeholder description for the show or movie.
s2422,Movie,Title_2422,David Fincher,"Shah Rukh Khan, Leonardo DiCaprio",United States,TV-PG,2015,"December 27, 2015",141 min,Documentaries,This is a placeholder description for the show or movie.
s2423,TV Show,Title_2423,David Fincher,Zendaya,United Kingdom,TV-MA,2019,"January 18, 2023",3 Seasons,TV Dramas,This is a placeholder description for the show or movie.
s2424,Movie,Title_2424,Bong Joon Ho,"Song Kang, Zendaya, Henry Cavill",United States,TV-MA,2016,"January 23, 2023",107 min,Comedies,This is a placeholder description for the show or movie.
s2425,Movie,Title_2425,Mike Flanagan,"Leonardo DiCaprio, Henry Cavill",South Korea,TV-MA,2014,"January 1, 2020",128 min,Thrillers,This is a placeholder description for the show or movie.
s2426,TV Show,Title_2426,Greta Gerwig,"Millie Bobby Brown, Leonardo DiCaprio, Zendaya",United States,TV-PG,2021,"January 21, 2021",2 Seasons,Docuseries,This is a placeholder description for the show or movie.
s2427,Movie,Title_2427,Greta Gerwig,"Song Kang, Leonardo DiCaprio",United Kingdom,PG-13,2016,"July 20, 2022",127 min,Documentaries,This is a placeholder description for the show or movie.
s2428,TV Show,Title_2428,nan,"Shah Rukh Khan, Millie Bobby Brown",United States,TV-MA,2023,"January 25, 2023",2 Seasons,TV Comedies,This is a placeholder description for the show or movie.
s2429,Movie,Title_2429,Mike Flanagan,"Zendaya, Shah Rukh Khan, Song Kang",South Korea,R,2015,"October 22, 2019",119 min,Dramas,This is a placeholder description for the show or movie.
s2430,TV Show,Title_2430,nan,Leonardo DiCaprio,United States,TV-14,2023,"October 4, 2023",2 Seasons,Docuseries,This is a placeholder description for the show or movie.
s2431,Movie,Title_2431,Bong Joon Ho,Song Kang,India,PG-13,2015,"December 14, 2016",89 min,Action & Adventure,This is a placeholder description for the show or movie.
s2432,TV Show,Title_2432,nan,"Shah Rukh Khan, Millie Bobby Brown",United States,PG-13,2008,"October 21, 2021",4 Seasons,TV Dramas,This is a placeholder description for the show or movie.
s2433,TV Show,Title_2433,Mike Flanagan,Henry Cavill,Canada,TV-PG,2021,"October 17, 2021",4 Seasons,TV Dramas,This is a placeholder description for the show or movie.
s2434,Movie,Title_2434,Mike Flanagan,Shah Rukh Khan,United States,PG-13,2017,"December 20, 2017",118 min,Action & Adventure,This is a placeholder description for the show or movie.
s2435,TV Show,Title_2435,Greta Gerwig,"Millie Bobby Brown, Shah Rukh Khan",Canada,TV-PG,2018,"December 6, 2021",1 Seasons,International TV Shows,This is a placeholder description for the show or movie.
s2436,Movie,Title_2436,Bong Joon Ho,"Zendaya, Henry Cavill, Millie Bobby Brown",United States,TV-PG,2015,"December 26, 2023",122 min,Action & Adventure,This is a placeholder description for the show or movie.
s2437,Movie,Title_2437,David Fincher,"Henry Cavill, Song Kang, Leonardo DiCaprio",South Korea,R,2013,"October 19, 2020",98 min,Comedies,This is a placeholder description for the show or movie.
s2438,Movie,Title_2438,nan,"Zendaya, Song Kang",United States,TV-MA,2022,"December 17, 2022",124 min,Thrillers,This is a placeholder description for the show or movie.
s2439,Movie,Title_2439,Greta Gerwig,"Henry Cavill, Song Kang",United States,PG-13,2017,"July 8, 2017",117 min,Comedies,This is a placeholder description for the show or movie.
s2440,Movie,Title_2440,nan,Leonardo DiCaprio,India,TV-MA,2023,"July 2, 2023",99 min,Dramas,This is a placeholder description for the show or movie.
s2441,Movie,Title_2441,nan,Leonardo DiCaprio,United States,TV-MA,2020,"July 17, 2022",93 min,Thrillers,This is a placeholder description for the show or movie.
s2442,Movie,Title_2442,David Fincher,"Leonardo DiCaprio, Song Kang",United States,TV-MA,2014,"January 10, 2019",115 min,Comedies,This is a placeholder description for the show or movie.
s2443,TV Show,Title_2443,Bong Joon Ho,"Millie Bobby Brown, Song Kang",France,TV-PG,2023,"January 7, 2023",2 Seasons,Crime TV Shows,This is a placeholder description for the show or movie.
s2444,TV Show,Title_2444,Mike Flanagan,"Zendaya, Song Kang",France,TV-MA,2023,"January 7, 2023",4 Seasons,Docuseries,This is a placeholder description for the show or movie.
s2445,Movie,Title_2445,Martin Scorsese,"Millie Bobby Brown, Henry Cavill",Canada,PG-13,2012,"October 24, 2020",118 min,Action & Adventure,This is a placeholder description for the show or movie.
s2446,Movie,Title_2446,nan,"Zendaya, Leonardo DiCaprio, Shah Rukh Khan",United States,TV-PG,2023,"January 18, 2023",131 min,Documentaries,This is a placeholder description for the show or movie.
s2447,Movie,Title_2447,Martin Scorsese,"Zendaya, Song Kang, Millie Bobby Brown",United States,PG-13,2017,"January 18, 2021",116 min,Dramas,This is a placeholder description for the show or movie.
s2448,Movie,Title_2448,Bong Joon Ho,"Zendaya, Henry Cavill",United Kingdom,TV-PG,2018,"July 6, 2021",120 min,Comedies,This is a placeholder description for the show or movie.
s2449,Movie,Title_2449,Martin Scorsese,"Zendaya, Shah Rukh Khan",United States,TV-14,2014,"January 12, 2018",93 min,Documentaries,This is a placeholder description for the show or movie.
s2450,Movie,Title_2450,nan,Millie Bobby Brown,France,TV-14,2017,"January 22, 2017",107 min,Comedies,This is a placeholder description for the show or movie.
s2451,Movie,Title_2451,David Fincher,Song Kang,United States,TV-14,2017,"October 12, 2018",141 min,Thrillers,This is a placeholder description for the show or movie.
s2452,TV Show,Title_2452,Martin Scorsese,Shah Rukh Khan,France,TV-14,2015,"July 9, 2020",2 Seasons,International TV Shows,This is a placeholder description for the show or movie.
s2453,Movie,Title_2453,Bong Joon Ho,Song Kang,India,TV-PG,2008,"July 5, 2019",81 min,Documentaries,This is a placeholder description for the show or movie.
s2454,Movie,Title_2454,Bong Joon Ho,"Song Kang, Shah Rukh Khan, Henry Cavill",South Korea,TV-MA,2023,"October 24, 2023",144 min,Documentaries,This is a placeholder description for the show or movie.
s2455,Movie,Title_2455,David Fincher,"Shah Rukh Khan, Song Kang, Zendaya",United States,R,2023,"January 27, 2023",110 min,Action & Adventure,This is a placeholder description for the show or movie.
s2456,Movie,Title_2456,Martin Scorsese,"Zendaya, Millie Bobby Brown",Japan,R,2014,"July 18, 2016",100 min,Dramas,This is a placeholder description for the show or movie.
s2457,Movie,Title_2457,Martin Scorsese,"Song Kang, Millie Bobby Brown, Leonardo DiCaprio",United States,TV-14,2018,"December 16, 2023",134 min,Comedies,This is a placeholder description for the show or movie.
s2458,Movie,Title_2458,Mike Flanagan,"Leonardo DiCaprio, Shah Rukh Khan, Song Kang",United Kingdom,TV-MA,2016,"July 22, 2019",91 min,Thrillers,This is a placeholder description for the show or movie.
s2459,Movie,Title_2459,Greta Gerwig,"Shah Rukh Khan, Song Kang",South Korea,PG-13,2023,"December 12, 2023",89 min,Documentaries,This is a placeholder description for the show or movie.
s2460,Movie,Title_2460,Bong Joon Ho,Leonardo DiCaprio,United States,TV-MA,2010,"October 12, 2020",98 min,Dramas,This is a placeholder description for the show or movie.
s2461,TV Show,Title_2461,Mike Flanagan,Shah Rukh Khan,India,PG-13,2023,"December 4, 2023",5 Seasons,TV Comedies,This is a placeholder description for the show or movie.
s2462,TV Show,Title_2462,Bong Joon Ho,"Millie Bobby Brown, Leonardo DiCaprio",India,R,2004,"December 16, 2021",5 Seasons,International TV Shows,This is a placeholder description for the show or movie.
s2463,Movie,Title_2463,Mike Flanagan,Zendaya,United States,TV-MA,2017,"October 10, 2017",128 min,Comedies,This is a placeholder description for the show or movie.
s2464,Movie,Title_2464,Greta Gerwig,"Zendaya, Leonardo DiCaprio",India,TV-MA,2009,"October 9, 2022",100 min,Thrillers,This is a placeholder description for the show or movie.
s2465,Movie,Title_2465,Mike Flanagan,"Leonardo DiCaprio, Song Kang, Shah Rukh Khan",United States,R,2014,"October 4, 2017",128 min,Documentaries,This is a placeholder description for the show or movie.
s2466,Movie,Title_2466,Bong Joon Ho,Henry Cavill,United States,TV-MA,2017,"January 4, 2018",116 min,Comedies,This is a placeholder description for the show or movie.
s2467,Movie,Title_2467,Martin Scorsese,"Leonardo DiCaprio, Song Kang",United Kingdom,PG-13,2018,"December 6, 2019",88 min,Dramas,This is a placeholder description for the show or movie.
s2468,Movie,Title_2468,Bong Joon Ho,Song Kang,United Kingdom,TV-MA,2012,"January 18, 2018",122 min,Thrillers,This is a placeholder description for the show or movie.
s2469,Movie,Title_2469,nan,"Millie Bobby Brown, Shah Rukh Khan",United States,PG-13,2020,"December 13, 2020",85 min,Comedies,This is a placeholder description for the show or movie.
s2470,Movie,Title_2470,David Fincher,"Henry Cavill, Song Kang, Millie Bobby Brown",Japan,TV-14,2017,"October 5, 2023",81 min,Dramas,This is a placeholder description for the show or movie.
s2471,Movie,Title_2471,David Fincher,Song Kang,Japan,TV-MA,2021,"July 8, 2022",100 min,Thrillers,This is a placeholder description for the show or movie.
s2472,TV Show,Title_2472,nan,"Leonardo DiCaprio, Shah Rukh Khan, Henry Cavill",India,PG-13,2017,"October 1, 2020",5 Seasons,TV Dramas,This is a placeholder description for the show or movie.
s2473,TV Show,Title_2473,David Fincher,"Song Kang, Millie Bobby Brown",India,R,2015,"July 28, 2022",1 Seasons,Docuseries,This is a placeholder description for the show or movie.
s2474,TV Show,Title_2474,David Fincher,"Zendaya, Shah Rukh Khan, Henry Cavill",United States,TV-14,2017,"October 16, 2020",3 Seasons,Docuseries,This is a placeholder description for the show or movie.
s2475,Movie,Title_2475,Greta Gerwig,Zendaya,Canada,TV-MA,2018,"December 13, 2019",94 min,Action & Adventure,This is a placeholder description for the show or movie.
s2476,TV Show,Title_2476,Martin Scorsese,"Millie Bobby Brown, Zendaya",United Kingdom,PG-13,2023,"December 20, 2023",4 Seasons,TV Comedies,This is a placeholder description for the show or movie.
s2477,Movie,Title_2477,Martin Scorsese,"Zendaya, Millie Bobby Brown",United States,TV-MA,2014,"December 8, 2022",106 min,Thrillers,This is a placeholder description for the show or movie.
s2478,TV Show,Title_2478,Bong Joon Ho,"Millie Bobby Brown, Shah Rukh Khan",United Kingdom,PG-13,2015,"January 26, 2019",2 Seasons,Crime TV Shows,This is a placeholder description for the show or movie.
s2479,Movie,Title_2479,nan,"Millie Bobby Brown, Zendaya",United States,TV-MA,2012,"July 14, 2021",106 min,Thrillers,This is a placeholder description for the show or movie.
s2480,TV Show,Title_2480,Mike Flanagan,"Song Kang, Henry Cavill",United States,TV-14,2020,"December 10, 2020",3 Seasons,Crime TV Shows,This is a placeholder description for the show or movie.
s2481,Movie,Title_2481,Bong Joon Ho,"Shah Rukh Khan, Song Kang",United Kingdom,TV-14,2021,"December 26, 2021",101 min,Action & Adventure,This is a placeholder description for the show or movie.
s2482,TV Show,Title_2482,Bong Joon Ho,Leonardo DiCaprio,United Kingdom,TV-MA,2014,"December 10, 2019",3 Seasons,Docuseries,This is a placeholder description for the show or movie.
s2483,TV Show,Title_2483,Bong Joon Ho,Shah Rukh Khan,India,TV-MA,2012,"January 11, 2014",3 Seasons,International TV Shows,This is a placeholder description for the show or movie.
s2484,Movie,Title_2484,Bong Joon Ho,Henry Cavill,India,TV-PG,2016,"October 4, 2022",131 min,Dramas,This is a placeholder description for the show or movie.
s2485,Movie,Title_2485,Martin Scorsese,"Shah Rukh Khan, Song Kang, Henry Cavill",France,TV-MA,2023,"October 2, 2023",91 min,Thrillers,This is a placeholder description for the show or movie.
s2486,TV Show,Title_2486,Mike Flanagan,Zendaya,India,TV-MA,2021,"October 2, 2021",2 Seasons,TV Comedies,This is a placeholder description for the show or movie.
s2487,Movie,Title_2487,Bong Joon Ho,Leonardo DiCaprio,United Kingdom,TV-14,2023,"January 15, 2023",82 min,Action & Adventure,This is a placeholder description for the show or movie.
s2488,TV Show,Title_2488,Martin Scorsese,"Leonardo DiCaprio, Song Kang, Henry Cavill",United States,TV-MA,2009,"December 18, 2020",2 Seasons,International TV Shows,This is a placeholder description for the show or movie.
s2489,Movie,Title_2489,Bong Joon Ho,"Zendaya, Shah Rukh Khan",United States,R,2012,"October 1, 2017",97 min,Documentaries,This is a placeholder description for the show or movie.
s2490,Movie,Title_2490,David Fincher,"Leonardo DiCaprio, Shah Rukh Khan, Zendaya",United States,TV-MA,2016,"July 1, 2018",84 min,Dramas,This is a placeholder description for the show or movie.
s2491,Movie,Title_2491,Bong Joon Ho,"Zendaya, Song Kang, Shah Rukh Khan",India,TV-PG,2018,"July 1, 2022",112 min,Comedies,This is a placeholder description for the show or movie.
s2492,Movie,Title_2492,nan,"Leonardo DiCaprio, Zendaya",South Korea,PG-13,2016,"January 5, 2021",132 min,Comedies,This is a placeholder description for the show or movie.
s2493,TV Show,Title_2493,nan,"Leonardo DiCaprio, Song Kang",United States,TV-14,2018,"October 25, 2022",1 Seasons,International TV Shows,This is a placeholder description for the show or movie.
s2494,Movie,Title_2494,Bong Joon Ho,"Zendaya, Song Kang",United States,R,2017,"July 10, 2019",87 min,Dramas,This is a placeholder description for the show or movie.
s2495,Movie,Title_2495,Greta Gerwig,"Millie Bobby Brown, Henry Cavill",United States,PG-13,2016,"October 7, 2019",127 min,Thrillers,This is a placeholder description for the show or movie.
s2496,Movie,Title_2496,David Fincher,"Song Kang, Henry Cavill, Zendaya",United States,R,2014,"July 2, 2017",94 min,Dramas,This is a placeholder description for the show or movie.
s2497,Movie,Title_2497,Mike Flanagan,"Shah Rukh Khan, Henry Cavill",France,TV-14,2021,"January 21, 2021",116 min,Documentaries,This is a placeholder description for the show or movie.
s2498,TV Show,Title_2498,Bong Joon Ho,"Millie Bobby Brown, Song Kang, Henry Cavill",United Kingdom,TV-PG,2016,"December 20, 2023",3 Seasons,Docuseries,This is a placeholder description for the show or movie.
s2499,TV Show,Title_2499,Mike Flanagan,Leonardo DiCaprio,United States,TV-14,2016,"January 16, 2022",4 Seasons,TV Comedies,This is a placeholder description for the show or movie.
s2500,Movie,Title_2500,David Fincher,"Song Kang, Leonardo DiCaprio, Shah Rukh Khan",Canada,R,2015,"January 12, 2016",86 min,Comedies,This is a placeholder description for the show or movie.
s2501,TV Show,Title_2501,Bong Joon Ho,Leonardo DiCaprio,Canada,R,2010,"October 19, 2023",3 Seasons,Crime TV Shows,This is a placeholder description for the show or movie.
s2502,TV Show,Title_2502,Greta Gerwig,Shah Rukh Khan,United Kingdom,TV-14,2012,"October 4, 2022",5 Seasons,Docuseries,This is a placeholder description for the show or movie.
s2503,Movie,Title_2503,Martin Scorsese,"Zendaya, Shah Rukh Khan, Millie Bobby Brown",United States,TV-MA,2013,"October 27, 2023",137 min,Documentaries,This is a placeholder description for the show or movie.
s2504,TV Show,Title_2504,Greta Gerwig,Leonardo DiCaprio,India,TV-14,2023,"October 4, 2023",3 Seasons,TV Comedies,This is a placeholder description for the show or movie.
s2505,Movie,Title_2505,Greta Gerwig,Song Kang,United States,TV-PG,2012,"December 24, 2022",111 min,Thrillers,This is a placeholder description for the show or movie.
s2506,Movie,Title_2506,Martin Scorsese,Leonardo DiCaprio,South Korea,TV-14,2020,"January 17, 2022",114 min,Dramas,This is a placeholder description for the show or movie.
s2507,TV Show,Title_2507,Martin Scorsese,"Song Kang, Zendaya",United Kingdom,PG-13,2015,"January 9, 2023",4 Seasons,Crime TV Shows,This is a placeholder description for the show or movie.
s2508,Movie,Title_2508,nan,"Henry Cavill, Song Kang, Shah Rukh Khan",India,TV-MA,2018,"December 27, 2018",95 min,Dramas,This is a placeholder description for the show or movie.
s2509,TV Show,Title_2509,Martin Scorsese,"Zendaya, Leonardo DiCaprio",United States,PG-13,2016,"October 2, 2016",2 Seasons,TV Comedies,This is a placeholder description for the show or movie.
s2510,TV Show,Title_2510,Bong Joon Ho,"Shah Rukh Khan, Leonardo DiCaprio",United States,TV-14,2023,"October 12, 2023",5 Seasons,Crime TV Shows,This is a placeholder description for the show or movie.
s2511,Movie,Title_2511,Mike Flanagan,"Shah Rukh Khan, Song Kang, Zendaya",United States,TV-MA,2020,"October 15, 2020",139 min,Documentaries,This is a placeholder description for the show or movie.
s2512,TV Show,Title_2512,nan,Song Kang,France,PG-13,2014,"October 27, 2014",2 Seasons,Crime TV Shows,This is a placeholder description for the show or movie.
s2513,Movie,Title_2513,nan,Leonardo DiCaprio,United States,PG-13,2020,"December 14, 2023",118 min,Thrillers,This is a placeholder description for the show or movie.
s2514,Movie,Title_2514,Mike Flanagan,"Leonardo DiCaprio, Henry Cavill, Zendaya",United States,TV-MA,2013,"July 19, 2015",117 min,Comedies,This is a placeholder description for the show or movie.
s2515,Movie,Title_2515,nan,"Millie Bobby Brown, Shah Rukh Khan, Zendaya",France,TV-MA,2022,"January 26, 2022",149 min,Documentaries,This is a placeholder description for the show or movie.
s2516,TV Show,Title_2516,Martin Scorsese,"Henry Cavill, Leonardo DiCaprio, Shah Rukh Khan",India,R,2023,"December 19, 2023",3 Seasons,Docuseries,This is a placeholder description for the show or movie.
s2517,Movie,Title_2517,Greta Gerwig,Leonardo DiCaprio,South Korea,TV-MA,2012,"July 16, 2020",128 min,Documentaries,This is a placeholder description for the show or movie.
s2518,Movie,Title_2518,David Fincher,"Shah Rukh Khan, Song Kang",United States,TV-14,2012,"January 7, 2017",96 min,Action & Adventure,This is a placeholder description for the show or movie.
s2519,TV Show,Title_2519,Martin Scorsese,"Shah Rukh Khan, Song Kang",India,TV-PG,2019,"January 3, 2019",1 Seasons,Docuseries,This is a placeholder description for the show or movie.
s2520,TV Show,Title_2520,Greta Gerwig,Millie Bobby Brown,United States,R,2023,"December 13, 2023",3 Seasons,Docuseries,This is a placeholder description for the show or movie.
s2521,TV Show,Title_2521,Greta Gerwig,"Zendaya, Millie Bobby Brown",South Korea,TV-MA,2011,"January 12, 2016",3 Seasons,TV Comedies,This is a placeholder description for the show or movie.
s2522,Movie,Title_2522,nan,Millie Bobby Brown,United States,TV-PG,2022,"October 15, 2022",137 min,Thrillers,This is a placeholder description for the show or movie.
s2523,Movie,Title_2523,Bong Joon Ho,"Henry Cavill, Song Kang",India,R,2023,"December 22, 2023",116 min,Dramas,This is a placeholder description for the show or movie.
s2524,Movie,Title_2524,Bong Joon Ho,Zendaya,South Korea,TV-14,2019,"October 3, 2021",130 min,Documentaries,This is a placeholder description for the show or movie.
s2525,TV Show,Title_2525,nan,Song Kang,India,TV-PG,2021,"January 4, 2023",3 Seasons,Docuseries,This is a placeholder description for the show or movie.
s2526,Movie,Title_2526,nan,Shah Rukh Khan,India,TV-MA,2014,"December 24, 2019",107 min,Action & Adventure,This is a placeholder description for the show or movie.
s2527,Movie,Title_2527,Mike Flanagan,"Shah Rukh Khan, Henry Cavill",United States,TV-MA,2014,"October 19, 2019",90 min,Action & Adventure,This is a placeholder description for the show or movie.
s2528,TV Show,Title_2528,Mike Flanagan,Song Kang,United States,TV-14,2021,"October 16, 2021",1 Seasons,Crime TV Shows,This is a placeholder description for the show or movie.
s2529,Movie,Title_2529,David Fincher,"Henry Cavill, Song Kang, Millie Bobby Brown",United Kingdom,R,2023,"December 10, 2023",141 min,Dramas,This is a placeholder description for the show or movie.
s2530,TV Show,Title_2530,David Fincher,"Shah Rukh Khan, Leonardo DiCaprio",United Kingdom,TV-PG,2016,"January 6, 2023",4 Seasons,TV Dramas,This is a placeholder description for the show or movie.
s2531,TV Show,Title_2531,David Fincher,"Zendaya, Leonardo DiCaprio",France,TV-14,2019,"July 6, 2021",5 Seasons,Crime TV Shows,This is a placeholder description for the show or movie.
s2532,TV Show,Title_2532,David Fincher,Leonardo DiCaprio,Canada,R,2012,"December 20, 2016",2 Seasons,International TV Shows,This is a placeholder description for the show or movie.
s2533,Movie,Title_2533,Greta Gerwig,Song Kang,India,PG-13,2022,"July 1, 2022",112 min,Dramas,This is a placeholder description for the show or movie.
s2534,Movie,Title_2534,Greta Gerwig,"Leonardo DiCaprio, Millie Bobby Brown",Japan,PG-13,2015,"October 12, 2022",148 min,Thrillers,This is a placeholder description for the show or movie.
s2535,TV Show,Title_2535,Mike Flanagan,"Shah Rukh Khan, Song Kang",United States,R,2012,"July 27, 2020",5 Seasons,International TV Shows,This is a placeholder description for the show or movie.
s2536,TV Show,Title_2536,Bong Joon Ho,"Shah Rukh Khan, Leonardo DiCaprio",India,TV-MA,2018,"October 13, 2019",4 Seasons,TV Comedies,This is a placeholder description for the show or movie.
s2537,TV Show,Title_2537,nan,Zendaya,United States,TV-MA,2015,"July 5, 2018",4 Seasons,Crime TV Shows,This is a placeholder description for the show or movie.
s2538,Movie,Title_2538,Bong Joon Ho,Henry Cavill,United States,PG-13,2012,"January 8, 2021",129 min,Documentaries,This is a placeholder description for the show or movie.
s2539,TV Show,Title_2539,Martin Scorsese,"Zendaya, Song Kang, Shah Rukh Khan",South Korea,TV-MA,2014,"July 24, 2022",3 Seasons,Docuseries,This is a placeholder description for the show or movie.
s2540,TV Show,Title_2540,Greta Gerwig,"Shah Rukh Khan, Song Kang",India,TV-MA,2016,"January 4, 2016",4 Seasons,International TV Shows,This is a placeholder description for the show or movie.
s2541,TV Show,Title_2541,David Fincher,"Leonardo DiCaprio, Shah Rukh Khan, Henry Cavill",India,R,2016,"July 23, 2018",5 Seasons,TV Comedies,This is a placeholder description for the show or movie.
s2542,TV Show,Title_2542,David Fincher,"Millie Bobby Brown, Song Kang, Henry Cavill",India,R,2023,"January 4, 2023",1 Seasons,TV Dramas,This is a placeholder description for the show or movie.
s2543,TV Show,Title_2543,Martin Scorsese,"Leonardo DiCaprio, Shah Rukh Khan, Henry Cavill",India,TV-MA,2016,"October 9, 2023",1 Seasons,Crime TV Shows,This is a placeholder description for the show or movie.
s2544,Movie,Title_2544,Bong Joon Ho,Zendaya,United States,R,2020,"January 3, 2023",88 min,Dramas,This is a placeholder description for the show or movie.
s2545,Movie,Title_2545,David Fincher,"Zendaya, Leonardo DiCaprio",United Kingdom,TV-PG,2023,"July 15, 2023",86 min,Documentaries,This is a placeholder description for the show or movie.
s2546,Movie,Title_2546,Bong Joon Ho,Zendaya,India,PG-13,2022,"July 16, 2023",119 min,Action & Adventure,This is a placeholder description for the show or movie.
s2547,Movie,Title_2547,nan,"Leonardo DiCaprio, Shah Rukh Khan, Zendaya",South Korea,TV-PG,2023,"December 5, 2023",146 min,Documentaries,This is a placeholder description for the show or movie.
s2548,Movie,Title_2548,Martin Scorsese,"Song Kang, Zendaya",United States,TV-PG,2022,"July 19, 2022",85 min,Comedies,This is a placeholder description for the show or movie.
s2549,Movie,Title_2549,Bong Joon Ho,"Shah Rukh Khan, Millie Bobby Brown",United States,TV-MA,2013,"July 25, 2018",85 min,Comedies,This is a placeholder description for the show or movie.
s2550,Movie,Title_2550,nan,Shah Rukh Khan,United Kingdom,TV-MA,2009,"October 1, 2023",139 min,Dramas,This is a placeholder description for the show or movie.
s2551,Movie,Title_2551,Bong Joon Ho,Henry Cavill,South Korea,TV-PG,2016,"July 10, 2023",145 min,Documentaries,This is a placeholder description for the show or movie.
s2552,Movie,Title_2552,Bong Joon Ho,"Henry Cavill, Shah Rukh Khan",India,TV-PG,2011,"October 6, 2023",142 min,Thrillers,This is a placeholder description for the show or movie.
s2553,TV Show,Title_2553,David Fincher,"Shah Rukh Khan, Zendaya, Millie Bobby Brown",Canada,TV-14,2015,"January 11, 2016",2 Seasons,TV Comedies,This is a placeholder description for the show or movie.
s2554,TV Show,Title_2554,Mike Flanagan,Leonardo DiCaprio,France,TV-14,2023,"January 18, 2023",2 Seasons,Docuseries,This is a placeholder description for the show or movie.
s2555,Movie,Title_2555,Greta Gerwig,"Millie Bobby Brown, Shah Rukh Khan",France,PG-13,2019,"July 13, 2020",108 min,Thrillers,This is a placeholder description for the show or movie.
s2556,TV Show,Title_2556,Bong Joon Ho,Leonardo DiCaprio,Canada,TV-PG,2020,"October 3, 2020",4 Seasons,TV Comedies,This is a placeholder description for the show or movie.
s2557,Movie,Title_2557,Bong Joon Ho,"Henry Cavill, Millie Bobby Brown",Canada,R,2014,"January 12, 2018",127 min,Dramas,This is a placeholder description for the show or movie.
s2558,Movie,Title_2558,Bong Joon Ho,"Millie Bobby Brown, Leonardo DiCaprio",United States,TV-14,2023,"October 15, 2023",136 min,Action & Adventure,This is a placeholder description for the show or movie.
s2559,Movie,Title_2559,Mike Flanagan,"Zendaya, Millie Bobby Brown, Shah Rukh Khan",South Korea,TV-MA,2023,"October 19, 2023",102 min,Dramas,This is a placeholder description for the show or movie.
s2560,Movie,Title_2560,nan,Shah Rukh Khan,India,TV-PG,2016,"July 11, 2017",98 min,Documentaries,This is a placeholder description for the show or movie.
s2561,TV Show,Title_2561,Martin Scorsese,"Zendaya, Song Kang, Millie Bobby Brown",France,R,2014,"October 16, 2018",1 Seasons,Crime TV Shows,This is a placeholder description for the show or movie.
s2562,TV Show,Title_2562,David Fincher,"Zendaya, Millie Bobby Brown, Henry Cavill",United States,R,2023,"July 24, 2023",3 Seasons,Crime TV Shows,This is a placeholder description for the show or movie.
s2563,Movie,Title_2563,Mike Flanagan,"Henry Cavill, Song Kang, Millie Bobby Brown",India,R,2021,"October 19, 2021",81 min,Comedies,This is a placeholder description for the show or movie.
s2564,Movie,Title_2564,nan,"Millie Bobby Brown, Shah Rukh Khan",India,TV-MA,2022,"July 26, 2022",126 min,Comedies,This is a placeholder description for the show or movie.
s2565,Movie,Title_2565,Bong Joon Ho,"Leonardo DiCaprio, Song Kang",India,TV-14,2007,"January 3, 2020",84 min,Thrillers,This is a placeholder description for the show or movie.
s2566,Movie,Title_2566,nan,Leonardo DiCaprio,United States,R,2013,"July 7, 2017",95 min,Comedies,This is a placeholder description for the show or movie.
s2567,Movie,Title_2567,Mike Flanagan,"Song Kang, Leonardo DiCaprio, Zendaya",India,TV-14,2016,"July 23, 2018",108 min,Documentaries,This is a placeholder description for the show or movie.
s2568,Movie,Title_2568,Mike Flanagan,"Shah Rukh Khan, Millie Bobby Brown, Zendaya",South Korea,PG-13,2017,"October 24, 2019",131 min,Thrillers,This is a placeholder description for the show or movie.
s2569,TV Show,Title_2569,Mike Flanagan,Henry Cavill,United Kingdom,TV-MA,2008,"July 5, 2023",2 Seasons,International TV Shows,This is a placeholder description for the show or movie.
s2570,TV Show,Title_2570,Martin Scorsese,Leonardo DiCaprio,United States,TV-14,2013,"October 6, 2017",2 Seasons,TV Comedies,This is a placeholder description for the show or movie.
s2571,Movie,Title_2571,Greta Gerwig,"Henry Cavill, Shah Rukh Khan, Song Kang",Canada,TV-14,2016,"October 5, 2019",101 min,Documentaries,This is a placeholder description for the show or movie.
s2572,TV Show,Title_2572,David Fincher,"Leonardo DiCaprio, Song Kang",United States,R,2023,"October 14, 2023",4 Seasons,TV Comedies,This is a placeholder description for the show or movie.
s2573,Movie,Title_2573,Martin Scorsese,"Zendaya, Millie Bobby Brown, Henry Cavill",United States,R,2020,"December 3, 2020",144 min,Thrillers,This is a placeholder description for the show or movie.
s2574,Movie,Title_2574,Martin Scorsese,"Song Kang, Zendaya, Shah Rukh Khan",United Kingdom,TV-MA,2019,"July 11, 2020",121 min,Dramas,This is a placeholder description for the show or movie.
s2575,Movie,Title_2575,Greta Gerwig,"Shah Rukh Khan, Millie Bobby Brown",South Korea,TV-14,2008,"January 27, 2019",102 min,Thrillers,This is a placeholder description for the show or movie.
s2576,Movie,Title_2576,Martin Scorsese,Millie Bobby Brown,India,TV-PG,2023,"December 22, 2023",102 min,Thrillers,This is a placeholder description for the show or movie.
s2577,TV Show,Title_2577,Mike Flanagan,"Millie Bobby Brown, Song Kang",India,R,2011,"October 15, 2021",1 Seasons,International TV Shows,This is a placeholder description for the show or movie.
s2578,Movie,Title_2578,Mike Flanagan,Leonardo DiCaprio,United States,R,2015,"July 13, 2023",128 min,Dramas,This is a placeholder description for the show or movie.
s2579,Movie,Title_2579,nan,"Leonardo DiCaprio, Henry Cavill, Song Kang",India,PG-13,2011,"October 26, 2021",104 min,Thrillers,This is a placeholder description for the show or movie.
s2580,Movie,Title_2580,Bong Joon Ho,"Zendaya, Shah Rukh Khan, Henry Cavill",United States,TV-MA,2010,"July 5, 2019",130 min,Comedies,This is a placeholder description for the show or movie.
s2581,Movie,Title_2581,Martin Scorsese,Henry Cavill,France,TV-14,2017,"January 28, 2023",121 min,Thrillers,This is a placeholder description for the show or movie.
s2582,TV Show,Title_2582,Bong Joon Ho,"Song Kang, Zendaya, Shah Rukh Khan",South Korea,TV-14,2012,"January 12, 2021",2 Seasons,International TV Shows,This is a placeholder description for the show or movie.
s2583,Movie,Title_2583,David Fincher,Song Kang,United Kingdom,TV-14,2018,"January 14, 2020",139 min,Thrillers,This is a placeholder description for the show or movie.
s2584,Movie,Title_2584,Mike Flanagan,"Shah Rukh Khan, Zendaya",India,R,2022,"December 20, 2022",137 min,Action & Adventure,This is a placeholder description for the show or movie.
s2585,Movie,Title_2585,nan,"Shah Rukh Khan, Leonardo DiCaprio, Song Kang",South Korea,TV-MA,2022,"January 8, 2022",89 min,Dramas,This is a placeholder description for the show or movie.
s2586,Movie,Title_2586,David Fincher,"Shah Rukh Khan, Song Kang",India,TV-14,2023,"January 27, 2023",129 min,Thrillers,This is a placeholder description for the show or movie.
s2587,Movie,Title_2587,nan,"Shah Rukh Khan, Zendaya",United States,TV-PG,2016,"December 12, 2018",149 min,Thrillers,This is a placeholder description for the show or movie.
s2588,TV Show,Title_2588,Greta Gerwig,Leonardo DiCaprio,United States,PG-13,2022,"December 2, 2023",3 Seasons,Docuseries,This is a placeholder description for the show or movie.
s2589,Movie,Title_2589,Mike Flanagan,"Henry Cavill, Shah Rukh Khan",United Kingdom,PG-13,2015,"October 14, 2016",147 min,Comedies,This is a placeholder description for the show or movie.
s2590,TV Show,Title_2590,David Fincher,Leonardo DiCaprio,France,TV-14,2021,"October 28, 2021",5 Seasons,Crime TV Shows,This is a placeholder description for the show or movie.
s2591,TV Show,Title_2591,Greta Gerwig,"Millie Bobby Brown, Song Kang",United States,R,2011,"January 9, 2016",3 Seasons,Crime TV Shows,This is a placeholder description for the show or movie.
s2592,TV Show,Title_2592,David Fincher,"Millie Bobby Brown, Zendaya",United States,PG-13,2015,"January 3, 2015",5 Seasons,Docuseries,This is a placeholder description for the show or movie.
s2593,Movie,Title_2593,nan,"Henry Cavill, Millie Bobby Brown, Zendaya",India,PG-13,2008,"July 2, 2016",123 min,Dramas,This is a placeholder description for the show or movie.
s2594,Movie,Title_2594,Greta Gerwig,"Zendaya, Millie Bobby Brown, Leonardo DiCaprio",South Korea,PG-13,2021,"July 25, 2021",118 min,Action & Adventure,This is a placeholder description for the show or movie.
s2595,Movie,Title_2595,Greta Gerwig,"Millie Bobby Brown, Shah Rukh Khan",United States,PG-13,2016,"December 23, 2023",137 min,Thrillers,This is a placeholder description for the show or movie.
s2596,TV Show,Title_2596,Mike Flanagan,"Millie Bobby Brown, Song Kang",United States,TV-14,2017,"July 27, 2021",5 Seasons,International TV Shows,This is a placeholder description for the show or movie.
s2597,Movie,Title_2597,Bong Joon Ho,"Zendaya, Shah Rukh Khan",United Kingdom,TV-MA,2013,"December 7, 2023",102 min,Action & Adventure,This is a placeholder description for the show or movie.
s2598,Movie,Title_2598,nan,"Shah Rukh Khan, Leonardo DiCaprio",India,TV-MA,2015,"October 9, 2019",144 min,Action & Adventure,This is a placeholder description for the show or movie.
s2599,Movie,Title_2599,nan,"Millie Bobby Brown, Song Kang, Zendaya",United States,R,2023,"January 5, 2023",138 min,Comedies,This is a placeholder description for the show or movie.
s2600,Movie,Title_2600,Greta Gerwig,"Leonardo DiCaprio, Millie Bobby Brown",United States,TV-PG,2018,"December 23, 2019",92 min,Thrillers,This is a placeholder description for the show or movie.
s2601,Movie,Title_2601,Greta Gerwig,"Henry Cavill, Zendaya",United Kingdom,TV-MA,2016,"July 8, 2021",114 min,Comedies,This is a placeholder description for the show or movie.
s2602,Movie,Title_2602,Mike Flanagan,Song Kang,India,TV-PG,2020,"December 1, 2020",137 min,Documentaries,This is a placeholder description for the show or movie.
s2603,TV Show,Title_2603,Bong Joon Ho,"Shah Rukh Khan, Henry Cavill, Millie Bobby Brown",France,TV-MA,2014,"January 22, 2018",1 Seasons,International TV Shows,This is a placeholder description for the show or movie.
s2604,Movie,Title_2604,nan,"Leonardo DiCaprio, Song Kang, Henry Cavill",United Kingdom,TV-MA,2010,"January 8, 2015",149 min,Comedies,This is a placeholder description for the show or movie.
s2605,Movie,Title_2605,Martin Scorsese,"Zendaya, Leonardo DiCaprio, Millie Bobby Brown",United States,R,2019,"December 7, 2022",140 min,Action & Adventure,This is a placeholder description for the show or movie.
s2606,Movie,Title_2606,Martin Scorsese,Millie Bobby Brown,India,PG-13,2022,"December 14, 2022",123 min,Documentaries,This is a placeholder description for the show or movie.
s2607,Movie,Title_2607,Bong Joon Ho,Millie Bobby Brown,India,R,2016,"January 12, 2016",101 min,Documentaries,This is a placeholder description for the show or movie.
s2608,Movie,Title_2608,David Fincher,"Shah Rukh Khan, Leonardo DiCaprio",United States,TV-MA,2018,"October 24, 2018",105 min,Action & Adventure,This is a placeholder description for the show or movie.
s2609,TV Show,Title_2609,Mike Flanagan,Zendaya,France,PG-13,2020,"January 9, 2020",1 Seasons,TV Comedies,This is a placeholder description for the show or movie.
s2610,Movie,Title_2610,Bong Joon Ho,Henry Cavill,South Korea,PG-13,2008,"December 25, 2017",81 min,Dramas,This is a placeholder description for the show or movie.
s2611,TV Show,Title_2611,Martin Scorsese,Millie Bobby Brown,United States,PG-13,2018,"October 7, 2020",4 Seasons,Docuseries,This is a placeholder description for the show or movie.
s2612,Movie,Title_2612,Greta Gerwig,Zendaya,United States,TV-PG,2010,"January 23, 2015",98 min,Documentaries,This is a placeholder description for the show or movie.
s2613,Movie,Title_2613,Martin Scorsese,Leonardo DiCaprio,United States,TV-MA,2018,"December 14, 2018",90 min,Comedies,This is a placeholder description for the show or movie.
s2614,TV Show,Title_2614,Greta Gerwig,"Henry Cavill, Shah Rukh Khan",United States,TV-14,2009,"December 14, 2018",5 Seasons,Crime TV Shows,This is a placeholder description for the show or movie.
s2615,Movie,Title_2615,Mike Flanagan,Shah Rukh Khan,India,R,2015,"January 28, 2017",82 min,Dramas,This is a placeholder description for the show or movie.
s2616,Movie,Title_2616,Greta Gerwig,"Shah Rukh Khan, Henry Cavill",India,TV-PG,2014,"July 9, 2020",95 min,Thrillers,This is a placeholder description for the show or movie.
s2617,Movie,Title_2617,Bong Joon Ho,Song Kang,France,R,2014,"December 12, 2020",134 min,Thrillers,This is a placeholder description for the show or movie.
s2618,Movie,Title_2618,Greta Gerwig,"Henry Cavill, Song Kang, Millie Bobby Brown",United States,TV-14,2016,"January 14, 2020",81 min,Thrillers,This is a placeholder description for the show or movie.
s2619,TV Show,Title_2619,David Fincher,Millie Bobby Brown,India,PG-13,2022,"January 5, 2022",2 Seasons,International TV Shows,This is a placeholder description for the show or movie.
s2620,Movie,Title_2620,Bong Joon Ho,"Song Kang, Henry Cavill, Zendaya",Japan,TV-14,2023,"October 24, 2023",83 min,Thrillers,This is a placeholder description for the show or movie.
s2621,TV Show,Title_2621,Mike Flanagan,Zendaya,India,R,2019,"December 3, 2019",4 Seasons,TV Comedies,This is a placeholder description for the show or movie.
s2622,TV Show,Title_2622,Bong Joon Ho,Henry Cavill,United States,TV-14,2016,"July 18, 2017",2 Seasons,International TV Shows,This is a placeholder description for the show or movie.
s2623,Movie,Title_2623,David Fincher,"Song Kang, Shah Rukh Khan, Henry Cavill",United States,TV-MA,2018,"July 3, 2022",104 min,Thrillers,This is a placeholder description for the show or movie.
s2624,TV Show,Title_2624,Mike Flanagan,"Henry Cavill, Millie Bobby Brown, Shah Rukh Khan",United States,TV-14,2014,"October 4, 2019",3 Seasons,Crime TV Shows,This is a placeholder description for the show or movie.
s2625,Movie,Title_2625,Martin Scorsese,Henry Cavill,France,TV-MA,2014,"January 4, 2020",93 min,Action & Adventure,This is a placeholder description for the show or movie.
s2626,TV Show,Title_2626,David Fincher,"Millie Bobby Brown, Song Kang, Zendaya",France,TV-14,2015,"July 9, 2017",3 Seasons,TV Comedies,This is a placeholder description for the show or movie.
s2627,Movie,Title_2627,Mike Flanagan,Leonardo DiCaprio,France,TV-MA,2014,"December 6, 2021",136 min,Comedies,This is a placeholder description for the show or movie.
s2628,TV Show,Title_2628,Greta Gerwig,Millie Bobby Brown,South Korea,TV-MA,2017,"January 6, 2018",4 Seasons,Crime TV Shows,This is a placeholder description for the show or movie.
s2629,Movie,Title_2629,Bong Joon Ho,"Zendaya, Millie Bobby Brown",United States,TV-14,2019,"October 15, 2019",113 min,Comedies,This is a placeholder description for the show or movie.
s2630,Movie,Title_2630,Mike Flanagan,"Henry Cavill, Shah Rukh Khan, Zendaya",France,TV-PG,2023,"December 18, 2023",104 min,Dramas,This is a placeholder description for the show or movie.
s2631,Movie,Title_2631,Bong Joon Ho,Zendaya,France,PG-13,2017,"July 18, 2017",136 min,Dramas,This is a placeholder description for the show or movie.
s2632,TV Show,Title_2632,Greta Gerwig,"Zendaya, Henry Cavill",United States,PG-13,2016,"July 22, 2016",1 Seasons,Docuseries,This is a placeholder description for the show or movie.
s2633,Movie,Title_2633,Mike Flanagan,"Shah Rukh Khan, Henry Cavill, Millie Bobby Brown",United States,PG-13,2021,"July 24, 2022",86 min,Action & Adventure,This is a placeholder description for the show or movie.
s2634,Movie,Title_2634,Martin Scorsese,"Leonardo DiCaprio, Millie Bobby Brown, Zendaya",India,TV-MA,2021,"July 5, 2021",135 min,Documentaries,This is a placeholder description for the show or movie.
s2635,TV Show,Title_2635,David Fincher,Zendaya,United States,PG-13,2013,"October 19, 2017",1 Seasons,Crime TV Shows,This is a placeholder description for the show or movie.
s2636,TV Show,Title_2636,Mike Flanagan,"Leonardo DiCaprio, Song Kang, Zendaya",United States,TV-MA,2023,"January 3, 2023",1 Seasons,International TV Shows,This is a placeholder description for the show or movie.
s2637,TV Show,Title_2637,Greta Gerwig,"Shah Rukh Khan, Leonardo DiCaprio",France,TV-PG,2018,"January 18, 2018",5 Seasons,Crime TV Shows,This is a placeholder description for the show or movie.
s2638,TV Show,Title_2638,Mike Flanagan,Song Kang,France,TV-14,2023,"July 6, 2023",3 Seasons,Docuseries,This is a placeholder description for the show or movie.
s2639,TV Show,Title_2639,Bong Joon Ho,"Zendaya, Song Kang, Shah Rukh Khan",United States,TV-14,2019,"October 12, 2023",4 Seasons,TV Comedies,This is a placeholder description for the show or movie.
s2640,TV Show,Title_2640,nan,Song Kang,India,TV-MA,2013,"July 5, 2022",3 Seasons,International TV Shows,This is a placeholder description for the show or movie.
s2641,Movie,Title_2641,Mike Flanagan,"Millie Bobby Brown, Song Kang",South Korea,TV-MA,2020,"July 1, 2020",83 min,Thrillers,This is a placeholder description for the show or movie.
s2642,Movie,Title_2642,Martin Scorsese,"Song Kang, Shah Rukh Khan, Zendaya",United Kingdom,TV-PG,2013,"January 25, 2017",92 min,Action & Adventure,This is a placeholder description for the show or movie.
s2643,TV Show,Title_2643,Mike Flanagan,"Song Kang, Shah Rukh Khan",United States,PG-13,2019,"October 8, 2019",5 Seasons,Docuseries,This is a placeholder description for the show or movie.
s2644,Movie,Title_2644,David Fincher,"Shah Rukh Khan, Leonardo DiCaprio, Zendaya",Canada,TV-PG,2018,"July 25, 2021",127 min,Comedies,This is a placeholder description for the show or movie.
s2645,Movie,Title_2645,Mike Flanagan,Zendaya,Japan,TV-14,2022,"July 26, 2022",118 min,Documentaries,This is a placeholder description for the show or movie.
s2646,Movie,Title_2646,nan,"Henry Cavill, Shah Rukh Khan, Song Kang",France,TV-14,2023,"July 11, 2023",114 min,Documentaries,This is a placeholder description for the show or movie.
s2647,TV Show,Title_2647,Bong Joon Ho,"Zendaya, Song Kang, Millie Bobby Brown",United States,PG-13,2020,"January 13, 2020",4 Seasons,Docuseries,This is a placeholder description for the show or movie.
s2648,Movie,Title_2648,Mike Flanagan,Song Kang,United States,TV-14,2016,"January 18, 2019",84 min,Dramas,This is a placeholder description for the show or movie.
s2649,Movie,Title_2649,Martin Scorsese,"Millie Bobby Brown, Song Kang, Zendaya",France,TV-MA,2019,"October 1, 2020",146 min,Dramas,This is a placeholder description for the show or movie.
s2650,Movie,Title_2650,Greta Gerwig,Henry Cavill,United States,TV-14,2019,"December 10, 2019",149 min,Documentaries,This is a placeholder description for the show or movie.
s2651,Movie,Title_2651,Mike Flanagan,"Millie Bobby Brown, Shah Rukh Khan",Canada,R,2019,"July 14, 2019",132 min,Documentaries,This is a placeholder description for the show or movie.
s2652,Movie,Title_2652,Mike Flanagan,"Leonardo DiCaprio, Song Kang",United States,PG-13,2016,"October 26, 2018",110 min,Documentaries,This is a placeholder description for the show or movie.
s2653,Movie,Title_2653,David Fincher,Song Kang,United States,PG-13,2023,"January 28, 2023",129 min,Documentaries,This is a placeholder description for the show or movie.
s2654,Movie,Title_2654,Martin Scorsese,Song Kang,India,PG-13,2020,"July 23, 2023",102 min,Thrillers,This is a placeholder description for the show or movie.
s2655,TV Show,Title_2655,nan,"Leonardo DiCaprio, Millie Bobby Brown",United States,R,2021,"January 26, 2021",4 Seasons,Crime TV Shows,This is a placeholder description for the show or movie.
s2656,Movie,Title_2656,Greta Gerwig,Song Kang,France,TV-PG,2010,"October 1, 2019",128 min,Dramas,This is a placeholder description for the show or movie.
s2657,TV Show,Title_2657,Bong Joon Ho,Shah Rukh Khan,United States,TV-MA,2016,"October 19, 2016",5 Seasons,Crime TV Shows,This is a placeholder description for the show or movie.
s2658,TV Show,Title_2658,Mike Flanagan,"Shah Rukh Khan, Henry Cavill, Leonardo DiCaprio",Japan,PG-13,2010,"July 8, 2021",3 Seasons,Docuseries,This is a placeholder description for the show or movie.
s2659,Movie,Title_2659,nan,"Millie Bobby Brown, Zendaya",Japan,TV-14,2019,"January 2, 2019",146 min,Comedies,This is a placeholder description for the show or movie.
s2660,TV Show,Title_2660,Greta Gerwig,"Zendaya, Leonardo DiCaprio",United States,TV-MA,2014,"January 6, 2023",5 Seasons,Crime TV Shows,This is a placeholder description for the show or movie.
s2661,Movie,Title_2661,Bong Joon Ho,"Henry Cavill, Song Kang, Shah Rukh Khan",Canada,TV-14,2013,"July 12, 2020",89 min,Thrillers,This is a placeholder description for the show or movie.
s2662,TV Show,Title_2662,nan,Leonardo DiCaprio,United States,TV-MA,2017,"July 11, 2021",4 Seasons,Crime TV Shows,This is a placeholder description for the show or movie.
s2663,Movie,Title_2663,Martin Scorsese,"Leonardo DiCaprio, Song Kang, Henry Cavill",South Korea,TV-MA,2013,"December 19, 2020",114 min,Comedies,This is a placeholder description for the show or movie.
s2664,TV Show,Title_2664,Martin Scorsese,"Song Kang, Shah Rukh Khan",India,TV-14,2018,"January 25, 2020",5 Seasons,International TV Shows,This is a placeholder description for the show or movie.
s2665,Movie,Title_2665,Greta Gerwig,"Song Kang, Shah Rukh Khan, Leonardo DiCaprio",United States,TV-14,2018,"October 9, 2021",138 min,Thrillers,This is a placeholder description for the show or movie.
s2666,Movie,Title_2666,Bong Joon Ho,"Leonardo DiCaprio, Millie Bobby Brown, Zendaya",India,TV-MA,2023,"October 6, 2023",120 min,Comedies,This is a placeholder description for the show or movie.
s2667,Movie,Title_2667,Martin Scorsese,"Zendaya, Shah Rukh Khan, Millie Bobby Brown",United Kingdom,PG-13,2014,"October 7, 2014",149 min,Action & Adventure,This is a placeholder description for the show or movie.
s2668,TV Show,Title_2668,Greta Gerwig,"Song Kang, Shah Rukh Khan, Zendaya",France,TV-14,2020,"January 3, 2020",4 Seasons,TV Comedies,This is a placeholder description for the show or movie.
s2669,TV Show,Title_2669,Martin Scorsese,"Shah Rukh Khan, Leonardo DiCaprio, Henry Cavill",United States,R,2023,"October 14, 2023",4 Seasons,Docuseries,This is a placeholder description for the show or movie.
s2670,Movie,Title_2670,Martin Scorsese,"Henry Cavill, Leonardo DiCaprio",India,R,2018,"December 24, 2023",148 min,Action & Adventure,This is a placeholder description for the show or movie.
s2671,Movie,Title_2671,nan,"Song Kang, Millie Bobby Brown, Zendaya",United States,TV-MA,2023,"January 22, 2023",109 min,Thrillers,This is a placeholder description for the show or movie.
s2672,Movie,Title_2672,nan,Millie Bobby Brown,South Korea,TV-PG,2013,"October 25, 2019",80 min,Comedies,This is a placeholder description for the show or movie.
s2673,TV Show,Title_2673,Martin Scorsese,"Millie Bobby Brown, Song Kang",United States,TV-MA,2018,"October 7, 2019",2 Seasons,Crime TV Shows,This is a placeholder description for the show or movie.
s2674,Movie,Title_2674,David Fincher,"Song Kang, Leonardo DiCaprio",United Kingdom,TV-MA,2020,"January 15, 2022",146 min,Documentaries,This is a placeholder description for the show or movie.
s2675,TV Show,Title_2675,nan,"Song Kang, Millie Bobby Brown",United States,PG-13,2023,"October 2, 2023",4 Seasons,TV Comedies,This is a placeholder description for the show or movie.
s2676,Movie,Title_2676,Bong Joon Ho,Song Kang,India,PG-13,2013,"January 13, 2019",126 min,Documentaries,This is a placeholder description for the show or movie.
s2677,Movie,Title_2677,Greta Gerwig,Shah Rukh Khan,South Korea,TV-PG,2017,"October 12, 2021",107 min,Comedies,This is a placeholder description for the show or movie.
s2678,Movie,Title_2678,Greta Gerwig,"Henry Cavill, Shah Rukh Khan, Leonardo DiCaprio",South Korea,TV-PG,2019,"July 27, 2023",121 min,Comedies,This is a placeholder description for the show or movie.
s2679,Movie,Title_2679,Bong Joon Ho,Song Kang,South Korea,TV-PG,2015,"October 17, 2021",119 min,Thrillers,This is a placeholder description for the show or movie.
s2680,Movie,Title_2680,Bong Joon Ho,Shah Rukh Khan,India,TV-PG,2023,"July 3, 2023",147 min,Action & Adventure,This is a placeholder description for the show or movie.
s2681,Movie,Title_2681,Bong Joon Ho,"Shah Rukh Khan, Song Kang, Henry Cavill",Japan,TV-PG,2018,"July 2, 2018",109 min,Comedies,This is a placeholder description for the show or movie.
s2682,TV Show,Title_2682,Bong Joon Ho,"Shah Rukh Khan, Millie Bobby Brown",India,TV-MA,2018,"July 26, 2018",4 Seasons,International TV Shows,This is a placeholder description for the show or movie.
s2683,Movie,Title_2683,Mike Flanagan,Zendaya,France,TV-MA,2023,"December 20, 2023",138 min,Dramas,This is a placeholder description for the show or movie.
s2684,Movie,Title_2684,Greta Gerwig,Millie Bobby Brown,India,R,2013,"December 1, 2022",111 min,Thrillers,This is a placeholder description for the show or movie.
s2685,Movie,Title_2685,Mike Flanagan,"Zendaya, Song Kang, Henry Cavill",India,R,2018,"July 15, 2022",112 min,Dramas,This is a placeholder description for the show or movie.
s2686,Movie,Title_2686,Martin Scorsese,"Leonardo DiCaprio, Shah Rukh Khan",United States,TV-14,2012,"October 26, 2021",139 min,Thrillers,This is a placeholder description for the show or movie.
s2687,Movie,Title_2687,Martin Scorsese,Shah Rukh Khan,India,TV-MA,2021,"December 24, 2021",112 min,Comedies,This is a placeholder description for the show or movie.
s2688,Movie,Title_2688,Greta Gerwig,Zendaya,United States,TV-PG,2011,"January 10, 2019",129 min,Action & Adventure,This is a placeholder description for the show or movie.
s2689,Movie,Title_2689,Martin Scorsese,"Shah Rukh Khan, Leonardo DiCaprio",Japan,TV-14,2023,"January 18, 2023",88 min,Dramas,This is a placeholder description for the show or movie.
s2690,Movie,Title_2690,Bong Joon Ho,"Leonardo DiCaprio, Shah Rukh Khan",United Kingdom,PG-13,2015,"December 13, 2016",99 min,Thrillers,This is a placeholder description for the show or movie.
s2691,Movie,Title_2691,Mike Flanagan,"Millie Bobby Brown, Henry Cavill, Zendaya",France,TV-MA,2015,"January 20, 2018",143 min,Comedies,This is a placeholder description for the show or movie.
s2692,Movie,Title_2692,Bong Joon Ho,"Leonardo DiCaprio, Zendaya, Millie Bobby Brown",United States,R,2020,"July 14, 2020",138 min,Documentaries,This is a placeholder description for the show or movie.
s2693,Movie,Title_2693,Martin Scorsese,Zendaya,United States,TV-MA,2014,"January 13, 2023",94 min,Thrillers,This is a placeholder description for the show or movie.
s2694,Movie,Title_2694,nan,"Leonardo DiCaprio, Song Kang, Shah Rukh Khan",Japan,TV-MA,2018,"December 11, 2021",120 min,Action & Adventure,This is a placeholder description for the show or movie.
s2695,TV Show,Title_2695,Mike Flanagan,Shah Rukh Khan,United States,TV-MA,2009,"December 16, 2012",4 Seasons,TV Dramas,This is a placeholder description for the show or movie.
s2696,Movie,Title_2696,Bong Joon Ho,"Millie Bobby Brown, Shah Rukh Khan",India,TV-MA,2010,"October 4, 2018",104 min,Comedies,This is a placeholder description for the show or movie.
s2697,TV Show,Title_2697,Greta Gerwig,Millie Bobby Brown,Japan,PG-13,2020,"July 9, 2020",1 Seasons,Crime TV Shows,This is a placeholder description for the show or movie.
s2698,Movie,Title_2698,Bong Joon Ho,Shah Rukh Khan,India,R,2023,"October 2, 2023",102 min,Action & Adventure,This is a placeholder description for the show or movie.
s2699,TV Show,Title_2699,nan,Henry Cavill,United States,TV-MA,2023,"July 5, 2023",3 Seasons,Crime TV Shows,This is a placeholder description for the show or movie.
s2700,TV Show,Title_2700,Martin Scorsese,Leonardo DiCaprio,Japan,PG-13,2020,"December 8, 2020",3 Seasons,TV Comedies,This is a placeholder description for the show or movie.
s2701,Movie,Title_2701,Mike Flanagan,Shah Rukh Khan,United States,TV-14,2022,"October 4, 2022",108 min,Dramas,This is a placeholder description for the show or movie.
s2702,TV Show,Title_2702,Greta Gerwig,"Leonardo DiCaprio, Henry Cavill",Japan,TV-MA,2020,"January 2, 2023",4 Seasons,International TV Shows,This is a placeholder description for the show or movie.
s2703,Movie,Title_2703,Mike Flanagan,Zendaya,United States,PG-13,2014,"December 17, 2020",106 min,Action & Adventure,This is a placeholder description for the show or movie.
s2704,Movie,Title_2704,Greta Gerwig,Millie Bobby Brown,United Kingdom,TV-PG,2008,"July 4, 2022",104 min,Action & Adventure,This is a placeholder description for the show or movie.
s2705,TV Show,Title_2705,Mike Flanagan,"Song Kang, Henry Cavill",United States,TV-14,2023,"December 21, 2023",3 Seasons,Crime TV Shows,This is a placeholder description for the show or movie.
s2706,TV Show,Title_2706,Martin Scorsese,"Song Kang, Leonardo DiCaprio",Canada,R,2017,"December 23, 2022",2 Seasons,Docuseries,This is a placeholder description for the show or movie.
s2707,Movie,Title_2707,Greta Gerwig,"Henry Cavill, Leonardo DiCaprio, Millie Bobby Brown",United States,TV-MA,2018,"January 18, 2020",130 min,Comedies,This is a placeholder description for the show or movie.
s2708,Movie,Title_2708,David Fincher,"Millie Bobby Brown, Henry Cavill",South Korea,TV-MA,2016,"December 12, 2018",136 min,Comedies,This is a placeholder description for the show or movie.
s2709,Movie,Title_2709,Mike Flanagan,Henry Cavill,India,PG-13,2017,"July 10, 2020",91 min,Action & Adventure,This is a placeholder description for the show or movie.
s2710,Movie,Title_2710,Mike Flanagan,Song Kang,United States,R,2012,"July 8, 2019",111 min,Comedies,This is a placeholder description for the show or movie.
s2711,TV Show,Title_2711,Bong Joon Ho,Zendaya,Canada,TV-PG,2023,"January 10, 2023",2 Seasons,TV Dramas,This is a placeholder description for the show or movie.
s2712,Movie,Title_2712,Greta Gerwig,Henry Cavill,India,TV-14,2011,"December 11, 2019",115 min,Action & Adventure,This is a placeholder description for the show or movie.
s2713,Movie,Title_2713,nan,Zendaya,United States,R,2014,"January 5, 2015",82 min,Documentaries,This is a placeholder description for the show or movie.
s2714,Movie,Title_2714,David Fincher,"Millie Bobby Brown, Song Kang, Henry Cavill",United States,TV-MA,2018,"October 13, 2018",121 min,Action & Adventure,This is a placeholder description for the show or movie.
s2715,Movie,Title_2715,Martin Scorsese,"Millie Bobby Brown, Song Kang",India,PG-13,2014,"December 23, 2020",86 min,Thrillers,This is a placeholder description for the show or movie.
s2716,Movie,Title_2716,Bong Joon Ho,"Henry Cavill, Leonardo DiCaprio",United States,TV-PG,2010,"January 25, 2014",145 min,Comedies,This is a placeholder description for the show or movie.
s2717,Movie,Title_2717,David Fincher,Song Kang,United States,PG-13,2021,"October 5, 2021",92 min,Documentaries,This is a placeholder description for the show or movie.
s2718,TV Show,Title_2718,Greta Gerwig,"Zendaya, Millie Bobby Brown, Leonardo DiCaprio",United States,TV-14,2013,"July 27, 2014",1 Seasons,Docuseries,This is a placeholder description for the show or movie.
s2719,TV Show,Title_2719,David Fincher,"Henry Cavill, Shah Rukh Khan",United Kingdom,R,2015,"July 2, 2021",2 Seasons,Crime TV Shows,This is a placeholder description for the show or movie.
s2720,Movie,Title_2720,Mike Flanagan,"Zendaya, Millie Bobby Brown, Shah Rukh Khan",India,PG-13,2018,"December 1, 2023",94 min,Thrillers,This is a placeholder description for the show or movie.
s2721,TV Show,Title_2721,Mike Flanagan,"Millie Bobby Brown, Henry Cavill",United States,PG-13,2023,"January 16, 2023",3 Seasons,TV Comedies,This is a placeholder description for the show or movie.
s2722,TV Show,Title_2722,Bong Joon Ho,Millie Bobby Brown,France,TV-MA,2012,"July 3, 2023",3 Seasons,TV Comedies,This is a placeholder description for the show or movie.
s2723,TV Show,Title_2723,Greta Gerwig,"Henry Cavill, Shah Rukh Khan",Japan,PG-13,2023,"July 28, 2023",1 Seasons,TV Comedies,This is a placeholder description for the show or movie.
s2724,Movie,Title_2724,Greta Gerwig,Shah Rukh Khan,United States,TV-PG,2018,"July 19, 2020",143 min,Documentaries,This is a placeholder description for the show or movie.
s2725,Movie,Title_2725,David Fincher,Shah Rukh Khan,United States,R,2010,"January 13, 2020",100 min,Comedies,This is a placeholder description for the show or movie.
s2726,Movie,Title_2726,Bong Joon Ho,"Zendaya, Henry Cavill",France,TV-14,2018,"October 27, 2018",101 min,Action & Adventure,This is a placeholder description for the show or movie.
s2727,Movie,Title_2727,Greta Gerwig,"Song Kang, Henry Cavill, Millie Bobby Brown",India,PG-13,2015,"December 7, 2023",93 min,Comedies,This is a placeholder description for the show or movie.
s2728,Movie,Title_2728,nan,"Song Kang, Zendaya",United States,TV-PG,2017,"January 22, 2023",94 min,Comedies,This is a placeholder description for the show or movie.
s2729,Movie,Title_2729,nan,Song Kang,India,TV-14,2009,"July 13, 2018",133 min,Action & Adventure,This is a placeholder description for the show or movie.
s2730,Movie,Title_2730,Mike Flanagan,Zendaya,South Korea,TV-PG,2010,"October 14, 2016",80 min,Documentaries,This is a placeholder description for the show or movie.
s2731,TV Show,Title_2731,David Fincher,Shah Rukh Khan,United States,PG-13,2013,"January 24, 2020",4 Seasons,TV Dramas,This is a placeholder description for the show or movie.
s2732,Movie,Title_2732,Martin Scorsese,"Millie Bobby Brown, Leonardo DiCaprio",South Korea,PG-13,2019,"December 19, 2019",135 min,Dramas,This is a placeholder description for the show or movie.
s2733,Movie,Title_2733,Mike Flanagan,"Song Kang, Shah Rukh Khan, Leonardo DiCaprio",Canada,R,2006,"December 20, 2023",96 min,Dramas,This is a placeholder description for the show or movie.
s2734,TV Show,Title_2734,Bong Joon Ho,"Zendaya, Millie Bobby Brown, Shah Rukh Khan",India,TV-MA,2016,"October 21, 2016",4 Seasons,International TV Shows,This is a placeholder description for the show or movie.
s2735,TV Show,Title_2735,Greta Gerwig,Millie Bobby Brown,Japan,TV-PG,2019,"July 24, 2020",1 Seasons,TV Dramas,This is a placeholder description for the show or movie.
s2736,TV Show,Title_2736,Mike Flanagan,Leonardo DiCaprio,United States,TV-MA,2016,"July 28, 2020",3 Seasons,TV Dramas,This is a placeholder description for the show or movie.
s2737,TV Show,Title_2737,Martin Scorsese,Henry Cavill,India,TV-MA,2012,"January 16, 2022",2 Seasons,International TV Shows,This is a placeholder description for the show or movie.
s2738,Movie,Title_2738,Martin Scorsese,"Zendaya, Henry Cavill",India,TV-14,2013,"October 18, 2018",129 min,Thrillers,This is a placeholder description for the show or movie.
s2739,TV Show,Title_2739,nan,"Millie Bobby Brown, Zendaya, Leonardo DiCaprio",India,TV-14,2021,"October 11, 2023",5 Seasons,TV Comedies,This is a placeholder description for the show or movie.
s2740,Movie,Title_2740,Bong Joon Ho,Millie Bobby Brown,United States,TV-PG,2023,"January 27, 2023",128 min,Documentaries,This is a placeholder description for the show or movie.
s2741,Movie,Title_2741,Mike Flanagan,"Shah Rukh Khan, Millie Bobby Brown, Henry Cavill",United States,TV-MA,2016,"December 22, 2016",132 min,Action & Adventure,This is a placeholder description for the show or movie.
s2742,Movie,Title_2742,David Fincher,"Henry Cavill, Song Kang",United States,R,2023,"October 21, 2023",148 min,Dramas,This is a placeholder description for the show or movie.
s2743,Movie,Title_2743,Mike Flanagan,"Millie Bobby Brown, Zendaya, Shah Rukh Khan",United States,TV-MA,2014,"January 1, 2022",113 min,Dramas,This is a placeholder description for the show or movie.
s2744,Movie,Title_2744,nan,"Zendaya, Leonardo DiCaprio, Millie Bobby Brown",United States,TV-14,2016,"July 6, 2023",115 min,Action & Adventure,This is a placeholder description for the show or movie.
s2745,Movie,Title_2745,Martin Scorsese,Henry Cavill,Canada,TV-MA,2015,"October 7, 2023",145 min,Thrillers,This is a placeholder description for the show or movie.
s2746,TV Show,Title_2746,Bong Joon Ho,Leonardo DiCaprio,United States,PG-13,2021,"January 24, 2023",1 Seasons,Crime TV Shows,This is a placeholder description for the show or movie.
s2747,Movie,Title_2747,Bong Joon Ho,"Song Kang, Leonardo DiCaprio, Henry Cavill",United Kingdom,PG-13,2015,"January 17, 2021",104 min,Dramas,This is a placeholder description for the show or movie.
s2748,Movie,Title_2748,David Fincher,Henry Cavill,United States,R,2013,"July 4, 2022",85 min,Comedies,This is a placeholder description for the show or movie.
s2749,TV Show,Title_2749,Bong Joon Ho,"Leonardo DiCaprio, Shah Rukh Khan",United States,TV-PG,2022,"December 23, 2023",4 Seasons,TV Comedies,This is a placeholder description for the show or movie.
s2750,Movie,Title_2750,nan,"Zendaya, Henry Cavill, Millie Bobby Brown",United States,TV-MA,2020,"December 19, 2022",120 min,Comedies,This is a placeholder description for the show or movie.
s2751,Movie,Title_2751,nan,"Henry Cavill, Leonardo DiCaprio, Shah Rukh Khan",United States,PG-13,2015,"July 15, 2021",134 min,Comedies,This is a placeholder description for the show or movie.
s2752,TV Show,Title_2752,nan,"Millie Bobby Brown, Henry Cavill, Shah Rukh Khan",India,TV-PG,2016,"December 23, 2020",4 Seasons,Docuseries,This is a placeholder description for the show or movie.
s2753,Movie,Title_2753,Bong Joon Ho,Song Kang,United States,PG-13,2018,"July 4, 2018",116 min,Dramas,This is a placeholder description for the show or movie.
s2754,Movie,Title_2754,Bong Joon Ho,"Zendaya, Millie Bobby Brown, Leonardo DiCaprio",France,TV-PG,2018,"October 14, 2018",110 min,Thrillers,This is a placeholder description for the show or movie.
s2755,TV Show,Title_2755,nan,Henry Cavill,France,TV-PG,2016,"December 2, 2023",4 Seasons,Crime TV Shows,This is a placeholder description for the show or movie.
s2756,Movie,Title_2756,Bong Joon Ho,"Zendaya, Millie Bobby Brown, Song Kang",India,PG-13,2018,"December 21, 2021",111 min,Documentaries,This is a placeholder description for the show or movie.
s2757,Movie,Title_2757,Bong Joon Ho,"Shah Rukh Khan, Leonardo DiCaprio",South Korea,TV-14,2010,"December 16, 2021",141 min,Dramas,This is a placeholder description for the show or movie.
s2758,TV Show,Title_2758,Martin Scorsese,Henry Cavill,United States,TV-PG,2020,"January 13, 2020",4 Seasons,International TV Shows,This is a placeholder description for the show or movie.
s2759,TV Show,Title_2759,Mike Flanagan,"Henry Cavill, Millie Bobby Brown, Zendaya",India,TV-MA,2023,"July 16, 2023",2 Seasons,TV Dramas,This is a placeholder description for the show or movie.
s2760,Movie,Title_2760,Greta Gerwig,"Leonardo DiCaprio, Millie Bobby Brown, Shah Rukh Khan",Canada,PG-13,2021,"October 16, 2022",120 min,Dramas,This is a placeholder description for the show or movie.
s2761,Movie,Title_2761,Bong Joon Ho,Zendaya,United States,TV-14,2020,"December 14, 2020",134 min,Thrillers,This is a placeholder description for the show or movie.
s2762,Movie,Title_2762,Greta Gerwig,"Henry Cavill, Song Kang",United States,PG-13,2020,"December 26, 2022",147 min,Action & Adventure,This is a placeholder description for the show or movie.
s2763,Movie,Title_2763,Greta Gerwig,Leonardo DiCaprio,United States,R,2014,"December 13, 2020",144 min,Dramas,This is a placeholder description for the show or movie.
s2764,Movie,Title_2764,Martin Scorsese,Henry Cavill,India,TV-MA,2017,"July 13, 2017",117 min,Thrillers,This is a placeholder description for the show or movie.
s2765,Movie,Title_2765,Bong Joon Ho,"Millie Bobby Brown, Song Kang, Zendaya",India,R,2021,"July 15, 2021",120 min,Documentaries,This is a placeholder description for the show or movie.
s2766,TV Show,Title_2766,nan,"Henry Cavill, Song Kang, Leonardo DiCaprio",United States,TV-PG,2010,"December 7, 2018",3 Seasons,Crime TV Shows,This is a placeholder description for the show or movie.
s2767,Movie,Title_2767,Greta Gerwig,"Shah Rukh Khan, Millie Bobby Brown, Henry Cavill",India,TV-PG,2014,"December 13, 2023",81 min,Documentaries,This is a placeholder description for the show or movie.
s2768,Movie,Title_2768,Bong Joon Ho,"Shah Rukh Khan, Leonardo DiCaprio, Song Kang",India,R,2018,"July 19, 2023",103 min,Action & Adventure,This is a placeholder description for the show or movie.
s2769,Movie,Title_2769,David Fincher,"Leonardo DiCaprio, Shah Rukh Khan",South Korea,R,2014,"January 1, 2022",106 min,Action & Adventure,This is a placeholder description for the show or movie.
s2770,TV Show,Title_2770,nan,"Shah Rukh Khan, Song Kang",United States,TV-PG,2023,"October 28, 2023",3 Seasons,Crime TV Shows,This is a placeholder description for the show or movie.
s2771,Movie,Title_2771,David Fincher,"Millie Bobby Brown, Song Kang",South Korea,TV-14,2022,"December 14, 2022",127 min,Documentaries,This is a placeholder description for the show or movie.
s2772,Movie,Title_2772,David Fincher,"Henry Cavill, Shah Rukh Khan",United Kingdom,TV-MA,2010,"December 14, 2021",125 min,Documentaries,This is a placeholder description for the show or movie.
s2773,TV Show,Title_2773,Greta Gerwig,"Millie Bobby Brown, Zendaya, Shah Rukh Khan",Canada,PG-13,2019,"July 17, 2019",3 Seasons,Crime TV Shows,This is a placeholder description for the show or movie.
s2774,Movie,Title_2774,David Fincher,Song Kang,Canada,R,2013,"January 4, 2022",146 min,Documentaries,This is a placeholder description for the show or movie.
s2775,Movie,Title_2775,Martin Scorsese,Leonardo DiCaprio,India,TV-MA,2013,"January 3, 2023",105 min,Comedies,This is a placeholder description for the show or movie.
s2776,Movie,Title_2776,Martin Scorsese,"Zendaya, Leonardo DiCaprio",United States,PG-13,2018,"July 8, 2018",113 min,Documentaries,This is a placeholder description for the show or movie.
s2777,Movie,Title_2777,Greta Gerwig,Song Kang,India,PG-13,2015,"July 16, 2019",105 min,Comedies,This is a placeholder description for the show or movie.
s2778,Movie,Title_2778,Bong Joon Ho,Shah Rukh Khan,France,R,2023,"October 28, 2023",131 min,Action & Adventure,This is a placeholder description for the show or movie.
s2779,Movie,Title_2779,Mike Flanagan,"Zendaya, Shah Rukh Khan, Song Kang",India,TV-14,2017,"January 21, 2018",137 min,Comedies,This is a placeholder description for the show or movie.
s2780,Movie,Title_2780,Bong Joon Ho,Henry Cavill,United States,TV-14,2020,"January 20, 2020",135 min,Dramas,This is a placeholder description for the show or movie.
s2781,Movie,Title_2781,Bong Joon Ho,"Shah Rukh Khan, Song Kang, Zendaya",United States,TV-MA,2012,"July 21, 2019",97 min,Dramas,This is a placeholder description for the show or movie.
s2782,TV Show,Title_2782,Bong Joon Ho,"Zendaya, Henry Cavill",France,TV-MA,2016,"October 17, 2018",3 Seasons,TV Dramas,This is a placeholder description for the show or movie.
s2783,TV Show,Title_2783,Bong Joon Ho,"Song Kang, Zendaya",United States,TV-PG,2015,"January 5, 2023",3 Seasons,International TV Shows,This is a placeholder description for the show or movie.
s2784,TV Show,Title_2784,nan,"Millie Bobby Brown, Leonardo DiCaprio",United States,TV-14,2016,"January 24, 2016",5 Seasons,Docuseries,This is a placeholder description for the show or movie.
s2785,TV Show,Title_2785,Mike Flanagan,Leonardo DiCaprio,United States,TV-MA,2015,"January 4, 2020",2 Seasons,International TV Shows,This is a placeholder description for the show or movie.
s2786,Movie,Title_2786,nan,Song Kang,France,TV-PG,2011,"January 25, 2023",86 min,Comedies,This is a placeholder description for the show or movie.
s2787,TV Show,Title_2787,David Fincher,"Henry Cavill, Shah Rukh Khan",United States,PG-13,2022,"December 18, 2023",5 Seasons,TV Dramas,This is a placeholder description for the show or movie.
s2788,Movie,Title_2788,Bong Joon Ho,Millie Bobby Brown,India,TV-MA,2019,"July 1, 2019",107 min,Dramas,This is a placeholder description for the show or movie.
s2789,TV Show,Title_2789,Martin Scorsese,Song Kang,United Kingdom,TV-PG,2023,"July 17, 2023",4 Seasons,TV Comedies,This is a placeholder description for the show or movie.
s2790,TV Show,Title_2790,Greta Gerwig,"Henry Cavill, Shah Rukh Khan, Song Kang",United States,TV-14,2014,"July 23, 2020",3 Seasons,International TV Shows,This is a placeholder description for the show or movie.
s2791,TV Show,Title_2791,Greta Gerwig,Zendaya,Japan,PG-13,2023,"July 24, 2023",2 Seasons,Crime TV Shows,This is a placeholder description for the show or movie.
s2792,TV Show,Title_2792,nan,"Song Kang, Leonardo DiCaprio, Millie Bobby Brown",India,TV-MA,2022,"October 18, 2022",4 Seasons,TV Dramas,This is a placeholder description for the show or movie.
s2793,Movie,Title_2793,nan,Shah Rukh Khan,India,TV-14,2016,"October 20, 2021",103 min,Documentaries,This is a placeholder description for the show or movie.
s2794,Movie,Title_2794,Martin Scorsese,"Zendaya, Millie Bobby Brown, Song Kang",Japan,PG-13,2017,"July 2, 2022",118 min,Comedies,This is a placeholder description for the show or movie.
s2795,Movie,Title_2795,Bong Joon Ho,"Shah Rukh Khan, Millie Bobby Brown",France,R,2022,"January 16, 2022",83 min,Comedies,This is a placeholder description for the show or movie.
s2796,Movie,Title_2796,Mike Flanagan,Millie Bobby Brown,India,TV-14,2005,"January 12, 2020",135 min,Action & Adventure,This is a placeholder description for the show or movie.
s2797,Movie,Title_2797,David Fincher,"Song Kang, Zendaya",United States,R,2017,"July 13, 2020",93 min,Action & Adventure,This is a placeholder description for the show or movie.
s2798,Movie,Title_2798,Greta Gerwig,Zendaya,South Korea,TV-MA,2014,"July 28, 2016",107 min,Dramas,This is a placeholder description for the show or movie.
s2799,TV Show,Title_2799,David Fincher,"Shah Rukh Khan, Song Kang",India,TV-PG,2020,"December 9, 2020",1 Seasons,TV Comedies,This is a placeholder description for the show or movie.
s2800,Movie,Title_2800,Mike Flanagan,"Leonardo DiCaprio, Millie Bobby Brown",France,TV-MA,2020,"October 17, 2020",97 min,Documentaries,This is a placeholder description for the show or movie.
s2801,TV Show,Title_2801,nan,Zendaya,France,TV-14,2023,"December 12, 2023",4 Seasons,Crime TV Shows,This is a placeholder description for the show or movie.
s2802,TV Show,Title_2802,Greta Gerwig,"Zendaya, Henry Cavill",United States,R,2019,"October 21, 2019",1 Seasons,TV Comedies,This is a placeholder description for the show or movie.
s2803,TV Show,Title_2803,David Fincher,"Zendaya, Henry Cavill",France,R,2022,"October 17, 2022",1 Seasons,TV Dramas,This is a placeholder description for the show or movie.
s2804,TV Show,Title_2804,nan,Leonardo DiCaprio,United States,PG-13,2019,"October 9, 2023",1 Seasons,TV Dramas,This is a placeholder description for the show or movie.
s2805,Movie,Title_2805,Mike Flanagan,"Leonardo DiCaprio, Song Kang",United Kingdom,TV-MA,2023,"December 15, 2023",141 min,Dramas,This is a placeholder description for the show or movie.
s2806,TV Show,Title_2806,David Fincher,Henry Cavill,United States,TV-MA,2012,"December 4, 2017",1 Seasons,TV Dramas,This is a placeholder description for the show or movie.
s2807,TV Show,Title_2807,Bong Joon Ho,"Millie Bobby Brown, Song Kang, Shah Rukh Khan",Japan,TV-14,2010,"July 14, 2019",1 Seasons,TV Dramas,This is a placeholder description for the show or movie.
s2808,Movie,Title_2808,nan,Song Kang,United Kingdom,R,2021,"July 13, 2021",98 min,Action & Adventure,This is a placeholder description for the show or movie.
s2809,Movie,Title_2809,Mike Flanagan,"Millie Bobby Brown, Henry Cavill",United Kingdom,TV-14,2015,"January 13, 2023",141 min,Comedies,This is a placeholder description for the show or movie.
s2810,TV Show,Title_2810,David Fincher,Song Kang,France,TV-14,2018,"December 14, 2021",1 Seasons,Docuseries,This is a placeholder description for the show or movie.
s2811,Movie,Title_2811,Bong Joon Ho,Song Kang,India,R,2023,"July 8, 2023",126 min,Comedies,This is a placeholder description for the show or movie.
s2812,Movie,Title_2812,Bong Joon Ho,"Zendaya, Shah Rukh Khan",India,TV-14,2023,"October 3, 2023",136 min,Documentaries,This is a placeholder description for the show or movie.
s2813,TV Show,Title_2813,Mike Flanagan,"Zendaya, Shah Rukh Khan",Japan,R,2023,"October 23, 2023",4 Seasons,International TV Shows,This is a placeholder description for the show or movie.
s2814,Movie,Title_2814,Martin Scorsese,"Song Kang, Zendaya",Canada,TV-14,2020,"October 11, 2020",117 min,Comedies,This is a placeholder description for the show or movie.
s2815,Movie,Title_2815,Greta Gerwig,"Leonardo DiCaprio, Shah Rukh Khan",France,TV-PG,2023,"July 11, 2023",149 min,Dramas,This is a placeholder description for the show or movie.
s2816,TV Show,Title_2816,Mike Flanagan,"Henry Cavill, Song Kang",France,TV-14,2019,"January 2, 2019",4 Seasons,TV Comedies,This is a placeholder description for the show or movie.
s2817,Movie,Title_2817,Bong Joon Ho,Millie Bobby Brown,United States,TV-14,2022,"January 11, 2022",140 min,Thrillers,This is a placeholder description for the show or movie.
s2818,Movie,Title_2818,Bong Joon Ho,"Shah Rukh Khan, Leonardo DiCaprio, Zendaya",India,TV-PG,2023,"January 2, 2023",124 min,Comedies,This is a placeholder description for the show or movie.
s2819,Movie,Title_2819,Mike Flanagan,Henry Cavill,United States,TV-MA,2011,"July 8, 2022",128 min,Dramas,This is a placeholder description for the show or movie.
s2820,Movie,Title_2820,Martin Scorsese,Song Kang,United Kingdom,R,2015,"July 20, 2019",145 min,Documentaries,This is a placeholder description for the show or movie.
s2821,TV Show,Title_2821,Greta Gerwig,Zendaya,United States,PG-13,2016,"January 10, 2016",2 Seasons,TV Dramas,This is a placeholder description for the show or movie.
s2822,Movie,Title_2822,David Fincher,"Henry Cavill, Zendaya",South Korea,TV-PG,2017,"October 28, 2023",130 min,Documentaries,This is a placeholder description for the show or movie.
s2823,Movie,Title_2823,Mike Flanagan,Shah Rukh Khan,United States,TV-MA,2023,"October 1, 2023",114 min,Dramas,This is a placeholder description for the show or movie.
s2824,Movie,Title_2824,Greta Gerwig,Song Kang,United States,TV-14,2023,"October 1, 2023",130 min,Thrillers,This is a placeholder description for the show or movie.
s2825,Movie,Title_2825,Greta Gerwig,Millie Bobby Brown,United States,TV-MA,2016,"October 6, 2021",111 min,Action & Adventure,This is a placeholder description for the show or movie.
s2826,TV Show,Title_2826,nan,Zendaya,United States,TV-PG,2017,"July 1, 2019",5 Seasons,International TV Shows,This is a placeholder description for the show or movie.
s2827,TV Show,Title_2827,Bong Joon Ho,"Song Kang, Henry Cavill",United Kingdom,TV-14,2011,"July 21, 2013",5 Seasons,International TV Shows,This is a placeholder description for the show or movie.
s2828,Movie,Title_2828,David Fincher,Leonardo DiCaprio,United States,TV-MA,2022,"October 1, 2022",139 min,Dramas,This is a placeholder description for the show or movie.
s2829,Movie,Title_2829,Mike Flanagan,"Zendaya, Song Kang",United States,PG-13,2022,"January 13, 2022",147 min,Thrillers,This is a placeholder description for the show or movie.
s2830,Movie,Title_2830,Bong Joon Ho,Millie Bobby Brown,United States,R,2014,"July 28, 2020",120 min,Comedies,This is a placeholder description for the show or movie.
s2831,Movie,Title_2831,nan,"Leonardo DiCaprio, Millie Bobby Brown",South Korea,R,2022,"January 11, 2022",133 min,Thrillers,This is a placeholder description for the show or movie.
s2832,TV Show,Title_2832,nan,"Song Kang, Shah Rukh Khan",South Korea,TV-PG,2022,"December 3, 2022",1 Seasons,TV Comedies,This is a placeholder description for the show or movie.
s2833,Movie,Title_2833,Bong Joon Ho,"Henry Cavill, Millie Bobby Brown, Shah Rukh Khan",United States,TV-14,2017,"January 7, 2019",127 min,Action & Adventure,This is a placeholder description for the show or movie.
s2834,Movie,Title_2834,Martin Scorsese,"Millie Bobby Brown, Leonardo DiCaprio, Zendaya",Canada,TV-14,2023,"January 14, 2023",109 min,Thrillers,This is a placeholder description for the show or movie.
s2835,Movie,Title_2835,Greta Gerwig,"Shah Rukh Khan, Henry Cavill",India,R,2023,"July 6, 2023",122 min,Dramas,This is a placeholder description for the show or movie.
s2836,TV Show,Title_2836,Mike Flanagan,Leonardo DiCaprio,United States,TV-MA,2018,"July 11, 2020",5 Seasons,TV Comedies,This is a placeholder description for the show or movie.
s2837,TV Show,Title_2837,Mike Flanagan,"Song Kang, Leonardo DiCaprio",United Kingdom,TV-14,2021,"October 13, 2021",4 Seasons,Docuseries,This is a placeholder description for the show or movie.
s2838,Movie,Title_2838,Mike Flanagan,"Shah Rukh Khan, Millie Bobby Brown, Leonardo DiCaprio",United States,PG-13,2023,"December 7, 2023",117 min,Documentaries,This is a placeholder description for the show or movie.
s2839,TV Show,Title_2839,Bong Joon Ho,Henry Cavill,South Korea,PG-13,2012,"December 4, 2019",2 Seasons,Crime TV Shows,This is a placeholder description for the show or movie.
s2840,Movie,Title_2840,Martin Scorsese,Song Kang,United States,TV-14,2016,"January 18, 2023",94 min,Comedies,This is a placeholder description for the show or movie.
s2841,Movie,Title_2841,David Fincher,Song Kang,France,TV-14,2023,"December 3, 2023",106 min,Action & Adventure,This is a placeholder description for the show or movie.
s2842,TV Show,Title_2842,nan,"Leonardo DiCaprio, Song Kang",United States,R,2017,"December 15, 2022",1 Seasons,International TV Shows,This is a placeholder description for the show or movie.
s2843,TV Show,Title_2843,Bong Joon Ho,"Leonardo DiCaprio, Song Kang, Shah Rukh Khan",India,TV-PG,2022,"October 27, 2022",3 Seasons,TV Comedies,This is a placeholder description for the show or movie.
s2844,TV Show,Title_2844,David Fincher,"Leonardo DiCaprio, Millie Bobby Brown, Song Kang",France,R,2021,"January 20, 2021",4 Seasons,International TV Shows,This is a placeholder description for the show or movie.
s2845,Movie,Title_2845,nan,"Zendaya, Song Kang",United States,TV-PG,2011,"July 10, 2022",104 min,Thrillers,This is a placeholder description for the show or movie.
s2846,Movie,Title_2846,nan,"Shah Rukh Khan, Henry Cavill, Zendaya",India,PG-13,2023,"October 26, 2023",142 min,Thrillers,This is a placeholder description for the show or movie.
s2847,TV Show,Title_2847,Martin Scorsese,"Shah Rukh Khan, Millie Bobby Brown",United States,TV-PG,2023,"December 24, 2023",3 Seasons,Docuseries,This is a placeholder description for the show or movie.
s2848,Movie,Title_2848,Greta Gerwig,"Leonardo DiCaprio, Song Kang",India,R,2013,"January 5, 2014",146 min,Documentaries,This is a placeholder description for the show or movie.
s2849,Movie,Title_2849,Mike Flanagan,"Leonardo DiCaprio, Shah Rukh Khan",United States,TV-14,2021,"January 1, 2021",113 min,Comedies,This is a placeholder description for the show or movie.
s2850,Movie,Title_2850,David Fincher,Henry Cavill,United States,TV-PG,2011,"October 26, 2019",92 min,Documentaries,This is a placeholder description for the show or movie.
s2851,TV Show,Title_2851,Bong Joon Ho,"Song Kang, Henry Cavill",United Kingdom,R,2021,"December 16, 2021",3 Seasons,Crime TV Shows,This is a placeholder description for the show or movie.
s2852,Movie,Title_2852,David Fincher,"Henry Cavill, Millie Bobby Brown",India,PG-13,2014,"December 8, 2019",124 min,Dramas,This is a placeholder description for the show or movie.
s2853,Movie,Title_2853,Greta Gerwig,Zendaya,United Kingdom,TV-PG,2017,"December 17, 2017",108 min,Action & Adventure,This is a placeholder description for the show or movie.
s2854,TV Show,Title_2854,Mike Flanagan,"Leonardo DiCaprio, Zendaya, Shah Rukh Khan",United States,PG-13,2017,"July 13, 2017",5 Seasons,Crime TV Shows,This is a placeholder description for the show or movie.
s2855,Movie,Title_2855,David Fincher,"Shah Rukh Khan, Leonardo DiCaprio, Song Kang",United States,PG-13,2021,"October 10, 2021",86 min,Documentaries,This is a placeholder description for the show or movie.
s2856,Movie,Title_2856,Greta Gerwig,"Zendaya, Shah Rukh Khan",India,TV-MA,2023,"December 18, 2023",134 min,Documentaries,This is a placeholder description for the show or movie.
s2857,Movie,Title_2857,Bong Joon Ho,"Henry Cavill, Leonardo DiCaprio, Shah Rukh Khan",India,TV-PG,2015,"January 21, 2020",91 min,Comedies,This is a placeholder description for the show or movie.
s2858,Movie,Title_2858,Martin Scorsese,Song Kang,United States,R,2013,"July 9, 2020",133 min,Action & Adventure,This is a placeholder description for the show or movie.
s2859,Movie,Title_2859,nan,"Zendaya, Henry Cavill",United States,TV-PG,2014,"July 1, 2018",126 min,Dramas,This is a placeholder description for the show or movie.
s2860,Movie,Title_2860,Bong Joon Ho,"Leonardo DiCaprio, Millie Bobby Brown",United States,TV-PG,2020,"October 22, 2020",80 min,Comedies,This is a placeholder description for the show or movie.
s2861,TV Show,Title_2861,Mike Flanagan,Millie Bobby Brown,United States,PG-13,2011,"December 16, 2020",2 Seasons,International TV Shows,This is a placeholder description for the show or movie.
s2862,Movie,Title_2862,nan,Song Kang,United States,PG-13,2017,"December 9, 2020",107 min,Thrillers,This is a placeholder description for the show or movie.
s2863,TV Show,Title_2863,Bong Joon Ho,"Shah Rukh Khan, Zendaya",United States,PG-13,2019,"October 16, 2020",4 Seasons,TV Comedies,This is a placeholder description for the show or movie.
s2864,Movie,Title_2864,Bong Joon Ho,"Zendaya, Shah Rukh Khan",United Kingdom,PG-13,2021,"December 16, 2021",112 min,Action & Adventure,This is a placeholder description for the show or movie.
s2865,Movie,Title_2865,Bong Joon Ho,"Zendaya, Shah Rukh Khan, Leonardo DiCaprio",India,R,2007,"July 7, 2014",141 min,Thrillers,This is a placeholder description for the show or movie.
s2866,Movie,Title_2866,Bong Joon Ho,"Leonardo DiCaprio, Zendaya, Song Kang",United States,TV-14,2023,"January 25, 2023",99 min,Documentaries,This is a placeholder description for the show or movie.
s2867,Movie,Title_2867,nan,Leonardo DiCaprio,United States,TV-MA,2022,"January 16, 2022",118 min,Action & Adventure,This is a placeholder description for the show or movie.
s2868,TV Show,Title_2868,Mike Flanagan,Shah Rukh Khan,United States,PG-13,2017,"July 3, 2018",1 Seasons,International TV Shows,This is a placeholder description for the show or movie.
s2869,Movie,Title_2869,Greta Gerwig,"Shah Rukh Khan, Song Kang",India,PG-13,2023,"January 22, 2023",107 min,Comedies,This is a placeholder description for the show or movie.
s2870,Movie,Title_2870,David Fincher,"Shah Rukh Khan, Millie Bobby Brown",France,TV-MA,2015,"January 4, 2015",85 min,Thrillers,This is a placeholder description for the show or movie.
s2871,TV Show,Title_2871,Martin Scorsese,Shah Rukh Khan,United Kingdom,PG-13,2023,"January 11, 2023",1 Seasons,Docuseries,This is a placeholder description for the show or movie.
s2872,TV Show,Title_2872,David Fincher,"Shah Rukh Khan, Song Kang",Canada,TV-14,2021,"July 3, 2022",2 Seasons,International TV Shows,This is a placeholder description for the show or movie.
s2873,TV Show,Title_2873,David Fincher,"Song Kang, Millie Bobby Brown, Leonardo DiCaprio",South Korea,TV-PG,2015,"July 21, 2022",4 Seasons,Docuseries,This is a placeholder description for the show or movie.
s2874,Movie,Title_2874,Martin Scorsese,"Song Kang, Henry Cavill, Millie Bobby Brown",United States,TV-MA,2014,"January 27, 2017",139 min,Thrillers,This is a placeholder description for the show or movie.
s2875,TV Show,Title_2875,nan,"Leonardo DiCaprio, Shah Rukh Khan",United States,R,2023,"January 27, 2023",3 Seasons,International TV Shows,This is a placeholder description for the show or movie.
s2876,Movie,Title_2876,Mike Flanagan,Leonardo DiCaprio,United Kingdom,TV-MA,2020,"July 22, 2021",117 min,Dramas,This is a placeholder description for the show or movie.
s2877,Movie,Title_2877,Martin Scorsese,Song Kang,United States,TV-14,2021,"October 17, 2021",81 min,Action & Adventure,This is a placeholder description for the show or movie.
s2878,Movie,Title_2878,Mike Flanagan,Millie Bobby Brown,India,R,2015,"October 20, 2019",147 min,Thrillers,This is a placeholder description for the show or movie.
s2879,Movie,Title_2879,nan,"Song Kang, Leonardo DiCaprio",Canada,TV-PG,2013,"January 11, 2021",134 min,Comedies,This is a placeholder description for the show or movie.
s2880,Movie,Title_2880,David Fincher,"Zendaya, Song Kang, Henry Cavill",South Korea,PG-13,2023,"July 15, 2023",129 min,Documentaries,This is a placeholder description for the show or movie.
s2881,Movie,Title_2881,Mike Flanagan,"Song Kang, Millie Bobby Brown",United States,TV-MA,2016,"January 18, 2020",144 min,Comedies,This is a placeholder description for the show or movie.
s2882,TV Show,Title_2882,nan,"Henry Cavill, Zendaya, Shah Rukh Khan",India,R,2020,"December 14, 2021",5 Seasons,Docuseries,This is a placeholder description for the show or movie.
s2883,Movie,Title_2883,nan,"Millie Bobby Brown, Song Kang, Leonardo DiCaprio",United Kingdom,TV-MA,2013,"December 18, 2023",109 min,Documentaries,This is a placeholder description for the show or movie.
s2884,Movie,Title_2884,Greta Gerwig,"Song Kang, Zendaya",South Korea,TV-PG,2022,"December 20, 2022",97 min,Action & Adventure,This is a placeholder description for the show or movie.
s2885,Movie,Title_2885,Martin Scorsese,"Millie Bobby Brown, Song Kang",South Korea,TV-MA,2023,"July 18, 2023",90 min,Documentaries,This is a placeholder description for the show or movie.
s2886,TV Show,Title_2886,Greta Gerwig,"Zendaya, Leonardo DiCaprio, Shah Rukh Khan",France,R,2012,"July 19, 2019",1 Seasons,Crime TV Shows,This is a placeholder description for the show or movie.
s2887,Movie,Title_2887,David Fincher,"Song Kang, Leonardo DiCaprio",United States,TV-14,2009,"October 16, 2021",146 min,Thrillers,This is a placeholder description for the show or movie.
s2888,Movie,Title_2888,Martin Scorsese,Zendaya,India,R,2017,"December 9, 2019",150 min,Documentaries,This is a placeholder description for the show or movie.
s2889,TV Show,Title_2889,David Fincher,"Zendaya, Millie Bobby Brown",United States,TV-MA,2023,"December 24, 2023",4 Seasons,TV Dramas,This is a placeholder description for the show or movie.
s2890,TV Show,Title_2890,Greta Gerwig,"Henry Cavill, Millie Bobby Brown, Zendaya",United States,TV-PG,2016,"December 11, 2020",4 Seasons,TV Dramas,This is a placeholder description for the show or movie.
s2891,Movie,Title_2891,nan,Shah Rukh Khan,France,PG-13,2008,"December 15, 2019",86 min,Action & Adventure,This is a placeholder description for the show or movie.
s2892,TV Show,Title_2892,David Fincher,Zendaya,France,PG-13,2005,"October 8, 2018",3 Seasons,Docuseries,This is a placeholder description for the show or movie.
s2893,TV Show,Title_2893,Martin Scorsese,"Millie Bobby Brown, Song Kang",United States,TV-PG,2022,"July 14, 2022",4 Seasons,TV Comedies,This is a placeholder description for the show or movie.
s2894,TV Show,Title_2894,Martin Scorsese,Henry Cavill,United States,TV-MA,2015,"January 10, 2020",1 Seasons,Crime TV Shows,This is a placeholder description for the show or movie.
s2895,Movie,Title_2895,David Fincher,Leonardo DiCaprio,United States,TV-PG,2012,"October 27, 2019",108 min,Comedies,This is a placeholder description for the show or movie.
s2896,TV Show,Title_2896,Martin Scorsese,"Zendaya, Millie Bobby Brown",South Korea,TV-MA,2023,"January 1, 2023",1 Seasons,Crime TV Shows,This is a placeholder description for the show or movie.
s2897,Movie,Title_2897,nan,Song Kang,United States,R,2018,"October 27, 2020",123 min,Action & Adventure,This is a placeholder description for the show or movie.
s2898,Movie,Title_2898,nan,Millie Bobby Brown,United States,TV-14,2013,"December 7, 2017",133 min,Documentaries,This is a placeholder description for the show or movie.
s2899,Movie,Title_2899,Martin Scorsese,"Shah Rukh Khan, Millie Bobby Brown",United States,TV-MA,2019,"July 27, 2019",124 min,Documentaries,This is a placeholder description for the show or movie.
s2900,Movie,Title_2900,David Fincher,Millie Bobby Brown,India,PG-13,2022,"July 18, 2023",132 min,Dramas,This is a placeholder description for the show or movie.
s2901,Movie,Title_2901,Greta Gerwig,"Millie Bobby Brown, Song Kang, Zendaya",France,PG-13,2019,"October 15, 2020",131 min,Action & Adventure,This is a placeholder description for the show or movie.
s2902,TV Show,Title_2902,Martin Scorsese,"Millie Bobby Brown, Zendaya, Leonardo DiCaprio",United States,TV-14,2009,"January 8, 2022",4 Seasons,TV Comedies,This is a placeholder description for the show or movie.
s2903,Movie,Title_2903,Martin Scorsese,"Leonardo DiCaprio, Song Kang, Shah Rukh Khan",India,TV-MA,2012,"July 2, 2018",106 min,Dramas,This is a placeholder description for the show or movie.
s2904,Movie,Title_2904,Martin Scorsese,"Millie Bobby Brown, Zendaya, Leonardo DiCaprio",United States,TV-14,2022,"July 13, 2023",96 min,Comedies,This is a placeholder description for the show or movie.
s2905,Movie,Title_2905,Martin Scorsese,"Zendaya, Leonardo DiCaprio",India,R,2015,"July 21, 2018",85 min,Documentaries,This is a placeholder description for the show or movie.
s2906,Movie,Title_2906,David Fincher,"Zendaya, Song Kang, Millie Bobby Brown",United Kingdom,TV-14,2014,"October 13, 2016",101 min,Comedies,This is a placeholder description for the show or movie.
s2907,TV Show,Title_2907,Greta Gerwig,Henry Cavill,United States,R,2014,"December 25, 2015",3 Seasons,TV Comedies,This is a placeholder description for the show or movie.
s2908,Movie,Title_2908,Greta Gerwig,Song Kang,United States,PG-13,2021,"July 24, 2021",98 min,Dramas,This is a placeholder description for the show or movie.
s2909,Movie,Title_2909,Mike Flanagan,Zendaya,South Korea,R,2020,"October 13, 2020",87 min,Comedies,This is a placeholder description for the show or movie.
s2910,Movie,Title_2910,Martin Scorsese,Henry Cavill,United States,TV-MA,2012,"January 4, 2020",145 min,Thrillers,This is a placeholder description for the show or movie.
s2911,Movie,Title_2911,Martin Scorsese,"Song Kang, Shah Rukh Khan, Zendaya",United Kingdom,TV-MA,2018,"December 19, 2019",99 min,Documentaries,This is a placeholder description for the show or movie.
s2912,Movie,Title_2912,Mike Flanagan,"Shah Rukh Khan, Song Kang",United States,TV-MA,2016,"July 19, 2023",106 min,Comedies,This is a placeholder description for the show or movie.
s2913,TV Show,Title_2913,Greta Gerwig,"Henry Cavill, Zendaya, Song Kang",United States,TV-MA,2020,"January 28, 2023",4 Seasons,TV Dramas,This is a placeholder description for the show or movie.
s2914,TV Show,Title_2914,Bong Joon Ho,"Millie Bobby Brown, Song Kang",United Kingdom,TV-PG,2023,"July 14, 2023",2 Seasons,TV Dramas,This is a placeholder description for the show or movie.
s2915,Movie,Title_2915,nan,"Millie Bobby Brown, Leonardo DiCaprio, Song Kang",South Korea,R,2012,"October 22, 2021",114 min,Documentaries,This is a placeholder description for the show or movie.
s2916,TV Show,Title_2916,Bong Joon Ho,"Shah Rukh Khan, Song Kang, Millie Bobby Brown",India,TV-MA,2015,"October 8, 2015",4 Seasons,TV Comedies,This is a placeholder description for the show or movie.
s2917,TV Show,Title_2917,Greta Gerwig,"Leonardo DiCaprio, Shah Rukh Khan, Millie Bobby Brown",United States,TV-14,2023,"December 6, 2023",3 Seasons,TV Comedies,This is a placeholder description for the show or movie.
s2918,TV Show,Title_2918,Martin Scorsese,"Millie Bobby Brown, Henry Cavill, Song Kang",India,TV-14,2012,"December 6, 2018",5 Seasons,TV Comedies,This is a placeholder description for the show or movie.
s2919,Movie,Title_2919,Bong Joon Ho,"Shah Rukh Khan, Henry Cavill, Song Kang",India,TV-PG,2014,"July 21, 2017",96 min,Thrillers,This is a placeholder description for the show or movie.
s2920,Movie,Title_2920,David Fincher,"Song Kang, Henry Cavill, Shah Rukh Khan",India,R,2016,"July 25, 2023",149 min,Thrillers,This is a placeholder description for the show or movie.
s2921,Movie,Title_2921,David Fincher,Zendaya,United Kingdom,R,2014,"December 12, 2023",132 min,Dramas,This is a placeholder description for the show or movie.
s2922,TV Show,Title_2922,Mike Flanagan,Henry Cavill,United States,R,2022,"October 3, 2022",5 Seasons,TV Dramas,This is a placeholder description for the show or movie.
s2923,TV Show,Title_2923,Greta Gerwig,"Zendaya, Song Kang, Leonardo DiCaprio",India,TV-PG,2021,"January 5, 2021",5 Seasons,Docuseries,This is a placeholder description for the show or movie.
s2924,Movie,Title_2924,Greta Gerwig,Henry Cavill,India,R,2023,"December 19, 2023",81 min,Action & Adventure,This is a placeholder description for the show or movie.
s2925,Movie,Title_2925,Bong Joon Ho,"Henry Cavill, Zendaya",United States,R,2009,"July 23, 2020",107 min,Action & Adventure,This is a placeholder description for the show or movie.
s2926,TV Show,Title_2926,Martin Scorsese,"Shah Rukh Khan, Millie Bobby Brown",United Kingdom,TV-MA,2021,"December 11, 2021",5 Seasons,Docuseries,This is a placeholder description for the show or movie.
s2927,TV Show,Title_2927,Greta Gerwig,"Leonardo DiCaprio, Zendaya",United States,R,2018,"July 17, 2018",3 Seasons,Crime TV Shows,This is a placeholder description for the show or movie.
s2928,TV Show,Title_2928,Bong Joon Ho,"Henry Cavill, Song Kang, Zendaya",United States,TV-MA,2011,"October 17, 2015",5 Seasons,TV Dramas,This is a placeholder description for the show or movie.
s2929,TV Show,Title_2929,Bong Joon Ho,Millie Bobby Brown,France,TV-MA,2010,"July 2, 2022",2 Seasons,TV Dramas,This is a placeholder description for the show or movie.
s2930,Movie,Title_2930,nan,"Leonardo DiCaprio, Zendaya, Millie Bobby Brown",United States,R,2005,"December 12, 2018",108 min,Documentaries,This is a placeholder description for the show or movie.
s2931,Movie,Title_2931,nan,Song Kang,United States,TV-14,2014,"January 5, 2019",131 min,Action & Adventure,This is a placeholder description for the show or movie.
s2932,TV Show,Title_2932,Greta Gerwig,Henry Cavill,India,PG-13,2008,"July 21, 2021",2 Seasons,Crime TV Shows,This is a placeholder description for the show or movie.
s2933,Movie,Title_2933,Bong Joon Ho,"Song Kang, Leonardo DiCaprio",France,TV-14,2011,"October 22, 2023",105 min,Documentaries,This is a placeholder description for the show or movie.
s2934,Movie,Title_2934,Mike Flanagan,Shah Rukh Khan,France,R,2014,"October 27, 2019",135 min,Comedies,This is a placeholder description for the show or movie.
s2935,TV Show,Title_2935,Mike Flanagan,Leonardo DiCaprio,India,R,2018,"October 13, 2020",2 Seasons,Docuseries,This is a placeholder description for the show or movie.
s2936,Movie,Title_2936,nan,"Song Kang, Millie Bobby Brown, Zendaya",United States,TV-14,2018,"December 26, 2018",146 min,Documentaries,This is a placeholder description for the show or movie.
s2937,TV Show,Title_2937,Greta Gerwig,Millie Bobby Brown,France,R,2019,"July 13, 2021",3 Seasons,TV Comedies,This is a placeholder description for the show or movie.
s2938,Movie,Title_2938,Martin Scorsese,"Song Kang, Leonardo DiCaprio",India,TV-MA,2014,"January 14, 2021",123 min,Documentaries,This is a placeholder description for the show or movie.
s2939,TV Show,Title_2939,Mike Flanagan,"Song Kang, Henry Cavill, Leonardo DiCaprio",United States,TV-PG,2023,"December 3, 2023",5 Seasons,Docuseries,This is a placeholder description for the show or movie.
s2940,Movie,Title_2940,Mike Flanagan,Millie Bobby Brown,South Korea,R,2022,"December 7, 2022",133 min,Dramas,This is a placeholder description for the show or movie.
s2941,Movie,Title_2941,nan,Millie Bobby Brown,United States,R,2013,"January 18, 2017",82 min,Comedies,This is a placeholder description for the show or movie.
s2942,Movie,Title_2942,nan,Song Kang,United States,TV-14,2019,"January 18, 2022",150 min,Action & Adventure,This is a placeholder description for the show or movie.
s2943,Movie,Title_2943,Greta Gerwig,"Millie Bobby Brown, Song Kang, Zendaya",South Korea,TV-MA,2023,"January 2, 2023",135 min,Action & Adventure,This is a placeholder description for the show or movie.
s2944,TV Show,Title_2944,nan,Zendaya,India,TV-14,2012,"July 27, 2017",3 Seasons,Crime TV Shows,This is a placeholder description for the show or movie.
s2945,TV Show,Title_2945,David Fincher,"Henry Cavill, Zendaya, Millie Bobby Brown",United States,TV-14,2023,"January 23, 2023",1 Seasons,Docuseries,This is a placeholder description for the show or movie.
s2946,Movie,Title_2946,Bong Joon Ho,Henry Cavill,United States,R,2018,"January 11, 2018",122 min,Documentaries,This is a placeholder description for the show or movie.
s2947,Movie,Title_2947,Mike Flanagan,Song Kang,India,TV-MA,2023,"December 12, 2023",100 min,Thrillers,This is a placeholder description for the show or movie.
s2948,Movie,Title_2948,David Fincher,Zendaya,United States,R,2014,"July 14, 2017",83 min,Documentaries,This is a placeholder description for the show or movie.
s2949,Movie,Title_2949,Martin Scorsese,"Zendaya, Shah Rukh Khan, Millie Bobby Brown",United States,R,2019,"October 27, 2020",146 min,Comedies,This is a placeholder description for the show or movie.
s2950,TV Show,Title_2950,David Fincher,"Zendaya, Shah Rukh Khan",United Kingdom,R,2022,"December 9, 2022",3 Seasons,International TV Shows,This is a placeholder description for the show or movie.
s2951,TV Show,Title_2951,Greta Gerwig,Song Kang,Japan,R,2016,"December 5, 2018",4 Seasons,TV Dramas,This is a placeholder description for the show or movie.
s2952,TV Show,Title_2952,Martin Scorsese,Henry Cavill,India,TV-PG,2017,"July 3, 2018",4 Seasons,TV Dramas,This is a placeholder description for the show or movie.
s2953,TV Show,Title_2953,Martin Scorsese,"Shah Rukh Khan, Zendaya, Henry Cavill",South Korea,PG-13,2017,"July 12, 2020",3 Seasons,TV Comedies,This is a placeholder description for the show or movie.
s2954,Movie,Title_2954,nan,"Henry Cavill, Song Kang, Zendaya",South Korea,TV-MA,2013,"December 17, 2021",127 min,Dramas,This is a placeholder description for the show or movie.
s2955,TV Show,Title_2955,David Fincher,"Song Kang, Shah Rukh Khan",United Kingdom,TV-PG,2016,"October 4, 2017",1 Seasons,International TV Shows,This is a placeholder description for the show or movie.
s2956,TV Show,Title_2956,Greta Gerwig,"Millie Bobby Brown, Shah Rukh Khan, Henry Cavill",United States,PG-13,2016,"July 10, 2020",3 Seasons,TV Dramas,This is a placeholder description for the show or movie.
s2957,TV Show,Title_2957,Mike Flanagan,Song Kang,Japan,PG-13,2018,"October 18, 2021",1 Seasons,TV Dramas,This is a placeholder description for the show or movie.
s2958,TV Show,Title_2958,nan,"Leonardo DiCaprio, Millie Bobby Brown",India,PG-13,2022,"January 1, 2023",3 Seasons,TV Dramas,This is a placeholder description for the show or movie.
s2959,Movie,Title_2959,David Fincher,Millie Bobby Brown,United States,TV-PG,2019,"December 20, 2019",149 min,Comedies,This is a placeholder description for the show or movie.
s2960,TV Show,Title_2960,Mike Flanagan,"Song Kang, Henry Cavill",United States,TV-MA,2016,"October 28, 2016",5 Seasons,TV Comedies,This is a placeholder description for the show or movie.
s2961,Movie,Title_2961,David Fincher,Leonardo DiCaprio,South Korea,TV-14,2023,"October 22, 2023",80 min,Documentaries,This is a placeholder description for the show or movie.
s2962,Movie,Title_2962,nan,"Henry Cavill, Zendaya",United States,PG-13,2021,"July 7, 2022",100 min,Comedies,This is a placeholder description for the show or movie.
s2963,Movie,Title_2963,Mike Flanagan,"Millie Bobby Brown, Zendaya, Shah Rukh Khan",United States,TV-14,2019,"October 4, 2021",91 min,Dramas,This is a placeholder description for the show or movie.
s2964,TV Show,Title_2964,nan,Henry Cavill,United Kingdom,TV-14,2010,"July 23, 2019",1 Seasons,Docuseries,This is a placeholder description for the show or movie.
s2965,TV Show,Title_2965,David Fincher,"Millie Bobby Brown, Shah Rukh Khan, Song Kang",Japan,R,2013,"October 8, 2020",5 Seasons,International TV Shows,This is a placeholder description for the show or movie.
s2966,TV Show,Title_2966,Martin Scorsese,Zendaya,United Kingdom,TV-14,2017,"October 11, 2023",5 Seasons,TV Dramas,This is a placeholder description for the show or movie.
s2967,TV Show,Title_2967,Bong Joon Ho,"Henry Cavill, Leonardo DiCaprio, Shah Rukh Khan",United States,R,2022,"October 11, 2022",1 Seasons,Crime TV Shows,This is a placeholder description for the show or movie.
s2968,Movie,Title_2968,Martin Scorsese,"Zendaya, Song Kang, Henry Cavill",United States,TV-MA,2016,"October 14, 2023",113 min,Thrillers,This is a placeholder description for the show or movie.
s2969,TV Show,Title_2969,nan,"Shah Rukh Khan, Millie Bobby Brown",United Kingdom,TV-MA,2017,"July 21, 2020",5 Seasons,TV Comedies,This is a placeholder description for the show or movie.
s2970,Movie,Title_2970,nan,"Henry Cavill, Millie Bobby Brown, Shah Rukh Khan",United States,R,2018,"October 14, 2018",127 min,Thrillers,This is a placeholder description for the show or movie.
s2971,Movie,Title_2971,nan,"Song Kang, Henry Cavill, Zendaya",United Kingdom,TV-MA,2018,"January 23, 2018",110 min,Action & Adventure,This is a placeholder description for the show or movie.
s2972,Movie,Title_2972,Mike Flanagan,"Millie Bobby Brown, Henry Cavill, Zendaya",United States,PG-13,2010,"July 19, 2021",88 min,Action & Adventure,This is a placeholder description for the show or movie.
s2973,TV Show,Title_2973,Greta Gerwig,"Shah Rukh Khan, Leonardo DiCaprio",France,TV-MA,2023,"October 25, 2023",5 Seasons,TV Comedies,This is a placeholder description for the show or movie.
s2974,TV Show,Title_2974,nan,Millie Bobby Brown,India,R,2014,"July 6, 2015",4 Seasons,TV Dramas,This is a placeholder description for the show or movie.
s2975,Movie,Title_2975,Martin Scorsese,"Song Kang, Shah Rukh Khan, Leonardo DiCaprio",United States,PG-13,2021,"October 19, 2021",133 min,Comedies,This is a placeholder description for the show or movie.
s2976,Movie,Title_2976,Bong Joon Ho,Leonardo DiCaprio,Japan,TV-14,2021,"July 9, 2021",150 min,Action & Adventure,This is a placeholder description for the show or movie.
s2977,TV Show,Title_2977,nan,"Millie Bobby Brown, Zendaya",United States,TV-14,2020,"December 1, 2020",1 Seasons,TV Comedies,This is a placeholder description for the show or movie.
s2978,Movie,Title_2978,nan,"Henry Cavill, Millie Bobby Brown, Song Kang",United States,TV-14,2019,"October 18, 2019",106 min,Comedies,This is a placeholder description for the show or movie.
s2979,TV Show,Title_2979,nan,Shah Rukh Khan,South Korea,R,2014,"October 22, 2017",5 Seasons,TV Comedies,This is a placeholder description for the show or movie.
s2980,TV Show,Title_2980,Mike Flanagan,"Zendaya, Millie Bobby Brown, Shah Rukh Khan",United States,TV-14,2006,"December 8, 2019",4 Seasons,TV Dramas,This is a placeholder description for the show or movie.
s2981,Movie,Title_2981,nan,"Henry Cavill, Shah Rukh Khan",India,TV-MA,2023,"January 9, 2023",144 min,Dramas,This is a placeholder description for the show or movie.
s2982,Movie,Title_2982,Martin Scorsese,"Leonardo DiCaprio, Shah Rukh Khan, Song Kang",United States,TV-14,2019,"December 7, 2019",130 min,Action & Adventure,This is a placeholder description for the show or movie.
s2983,TV Show,Title_2983,David Fincher,Song Kang,United States,TV-PG,2022,"July 14, 2022",2 Seasons,International TV Shows,This is a placeholder description for the show or movie.
s2984,TV Show,Title_2984,Greta Gerwig,"Henry Cavill, Leonardo DiCaprio",United States,TV-PG,2023,"December 19, 2023",3 Seasons,Crime TV Shows,This is a placeholder description for the show or movie.
s2985,Movie,Title_2985,nan,"Song Kang, Leonardo DiCaprio",Canada,TV-14,2014,"January 23, 2017",144 min,Documentaries,This is a placeholder description for the show or movie.
s2986,TV Show,Title_2986,Mike Flanagan,"Millie Bobby Brown, Leonardo DiCaprio, Shah Rukh Khan",United Kingdom,TV-14,2010,"July 10, 2017",5 Seasons,Docuseries,This is a placeholder description for the show or movie.
s2987,Movie,Title_2987,Martin Scorsese,Leonardo DiCaprio,United States,TV-PG,2018,"December 13, 2018",135 min,Comedies,This is a placeholder description for the show or movie.
s2988,Movie,Title_2988,nan,"Song Kang, Zendaya",United States,TV-14,1998,"July 13, 2023",137 min,Action & Adventure,This is a placeholder description for the show or movie.
s2989,TV Show,Title_2989,Mike Flanagan,"Millie Bobby Brown, Zendaya, Song Kang",France,PG-13,2009,"July 9, 2021",3 Seasons,Crime TV Shows,This is a placeholder description for the show or movie.
s2990,TV Show,Title_2990,David Fincher,"Zendaya, Henry Cavill, Song Kang",France,TV-PG,2018,"December 3, 2023",4 Seasons,Docuseries,This is a placeholder description for the show or movie.
s2991,Movie,Title_2991,Bong Joon Ho,"Shah Rukh Khan, Leonardo DiCaprio",India,R,2022,"December 8, 2022",106 min,Thrillers,This is a placeholder description for the show or movie.
s2992,TV Show,Title_2992,nan,"Zendaya, Henry Cavill, Leonardo DiCaprio",South Korea,TV-PG,2014,"December 16, 2023",3 Seasons,International TV Shows,This is a placeholder description for the show or movie.
s2993,Movie,Title_2993,Martin Scorsese,"Shah Rukh Khan, Song Kang",Canada,TV-MA,2010,"January 13, 2020",150 min,Comedies,This is a placeholder description for the show or movie.
s2994,Movie,Title_2994,Mike Flanagan,"Zendaya, Song Kang",United States,PG-13,2017,"October 18, 2018",91 min,Dramas,This is a placeholder description for the show or movie.
s2995,Movie,Title_2995,Mike Flanagan,"Millie Bobby Brown, Shah Rukh Khan, Song Kang",United States,R,2019,"January 4, 2020",143 min,Thrillers,This is a placeholder description for the show or movie.
s2996,TV Show,Title_2996,nan,Henry Cavill,United States,TV-14,2020,"December 7, 2020",1 Seasons,TV Comedies,This is a placeholder description for the show or movie.
s2997,Movie,Title_2997,Mike Flanagan,Leonardo DiCaprio,South Korea,TV-MA,2020,"October 8, 2020",106 min,Documentaries,This is a placeholder description for the show or movie.
s2998,Movie,Title_2998,Bong Joon Ho,"Henry Cavill, Leonardo DiCaprio, Song Kang",Canada,TV-MA,2014,"July 27, 2020",126 min,Action & Adventure,This is a placeholder description for the show or movie.
s2999,Movie,Title_2999,Mike Flanagan,"Leonardo DiCaprio, Zendaya, Henry Cavill",United Kingdom,PG-13,2014,"July 3, 2017",139 min,Documentaries,This is a placeholder description for the show or movie.
s3000,TV Show,Title_3000,Greta Gerwig,"Leonardo DiCaprio, Henry Cavill",United States,R,2016,"October 8, 2019",5 Seasons,Crime TV Shows,This is a placeholder description for the show or movie.
s3001,TV Show,Title_3001,Greta Gerwig,Song Kang,United Kingdom,TV-MA,2018,"December 8, 2022",5 Seasons,Crime TV Shows,This is a placeholder description for the show or movie.
s3002,TV Show,Title_3002,Mike Flanagan,Millie Bobby Brown,South Korea,R,2015,"December 24, 2020",4 Seasons,Docuseries,This is a placeholder description for the show or movie.
s3003,Movie,Title_3003,nan,"Leonardo DiCaprio, Song Kang",Japan,R,2018,"December 4, 2018",87 min,Thrillers,This is a placeholder description for the show or movie.
s3004,Movie,Title_3004,Greta Gerwig,Shah Rukh Khan,United States,TV-MA,2018,"January 12, 2023",80 min,Action & Adventure,This is a placeholder description for the show or movie.
s3005,Movie,Title_3005,Martin Scorsese,Zendaya,United Kingdom,R,2018,"July 10, 2020",86 min,Thrillers,This is a placeholder description for the show or movie.
s3006,TV Show,Title_3006,Greta Gerwig,"Millie Bobby Brown, Song Kang, Zendaya",United States,PG-13,2014,"July 9, 2023",3 Seasons,TV Comedies,This is a placeholder description for the show or movie.
s3007,TV Show,Title_3007,Mike Flanagan,"Millie Bobby Brown, Leonardo DiCaprio, Henry Cavill",Canada,TV-MA,2014,"July 20, 2014",3 Seasons,Crime TV Shows,This is a placeholder description for the show or movie.
s3008,Movie,Title_3008,nan,"Song Kang, Zendaya, Henry Cavill",United Kingdom,PG-13,2022,"January 15, 2022",103 min,Action & Adventure,This is a placeholder description for the show or movie.
s3009,TV Show,Title_3009,David Fincher,"Song Kang, Millie Bobby Brown, Henry Cavill",United States,PG-13,2016,"December 19, 2018",2 Seasons,Docuseries,This is a placeholder description for the show or movie.
s3010,Movie,Title_3010,nan,"Millie Bobby Brown, Shah Rukh Khan, Leonardo DiCaprio",South Korea,R,2023,"December 24, 2023",115 min,Documentaries,This is a placeholder description for the show or movie.
s3011,Movie,Title_3011,nan,Millie Bobby Brown,United States,R,2020,"July 27, 2020",129 min,Action & Adventure,This is a placeholder description for the show or movie.
s3012,Movie,Title_3012,nan,Henry Cavill,South Korea,TV-MA,2019,"January 4, 2023",133 min,Action & Adventure,This is a placeholder description for the show or movie.
s3013,Movie,Title_3013,Martin Scorsese,"Leonardo DiCaprio, Zendaya",United States,TV-14,2016,"January 2, 2016",99 min,Dramas,This is a placeholder description for the show or movie.
s3014,Movie,Title_3014,Bong Joon Ho,"Zendaya, Millie Bobby Brown, Shah Rukh Khan",United Kingdom,TV-MA,2022,"July 15, 2022",116 min,Thrillers,This is a placeholder description for the show or movie.
s3015,Movie,Title_3015,Mike Flanagan,Song Kang,France,PG-13,2018,"January 23, 2021",120 min,Thrillers,This is a placeholder description for the show or movie.
s3016,Movie,Title_3016,Bong Joon Ho,Henry Cavill,United States,R,2016,"January 27, 2020",90 min,Documentaries,This is a placeholder description for the show or movie.
s3017,TV Show,Title_3017,David Fincher,Zendaya,India,PG-13,2017,"January 18, 2018",2 Seasons,Docuseries,This is a placeholder description for the show or movie.
s3018,Movie,Title_3018,Bong Joon Ho,Shah Rukh Khan,India,TV-PG,2023,"January 7, 2023",147 min,Documentaries,This is a placeholder description for the show or movie.
s3019,Movie,Title_3019,Mike Flanagan,"Shah Rukh Khan, Zendaya",United States,TV-PG,2023,"December 18, 2023",118 min,Dramas,This is a placeholder description for the show or movie.
s3020,TV Show,Title_3020,Mike Flanagan,Leonardo DiCaprio,India,PG-13,2009,"October 7, 2019",2 Seasons,TV Comedies,This is a placeholder description for the show or movie.
s3021,Movie,Title_3021,David Fincher,Zendaya,Canada,TV-14,2017,"July 9, 2021",134 min,Documentaries,This is a placeholder description for the show or movie.
s3022,Movie,Title_3022,Mike Flanagan,Henry Cavill,France,TV-14,2013,"July 9, 2020",149 min,Action & Adventure,This is a placeholder description for the show or movie.
s3023,TV Show,Title_3023,David Fincher,"Zendaya, Song Kang, Leonardo DiCaprio",Japan,TV-MA,2017,"October 20, 2017",3 Seasons,International TV Shows,This is a placeholder description for the show or movie.
s3024,Movie,Title_3024,David Fincher,Henry Cavill,India,TV-MA,2013,"October 21, 2022",88 min,Thrillers,This is a placeholder description for the show or movie.
s3025,Movie,Title_3025,Mike Flanagan,Leonardo DiCaprio,Canada,TV-MA,2009,"July 25, 2021",145 min,Thrillers,This is a placeholder description for the show or movie.
s3026,Movie,Title_3026,Greta Gerwig,"Millie Bobby Brown, Leonardo DiCaprio",South Korea,R,2021,"July 22, 2021",109 min,Documentaries,This is a placeholder description for the show or movie.
s3027,TV Show,Title_3027,David Fincher,"Millie Bobby Brown, Shah Rukh Khan",India,TV-14,2018,"January 9, 2023",5 Seasons,TV Comedies,This is a placeholder description for the show or movie.
s3028,Movie,Title_3028,Mike Flanagan,Zendaya,United States,PG-13,2014,"October 28, 2018",141 min,Action & Adventure,This is a placeholder description for the show or movie.
s3029,TV Show,Title_3029,Greta Gerwig,"Zendaya, Millie Bobby Brown, Leonardo DiCaprio",India,TV-PG,2015,"January 26, 2023",2 Seasons,Docuseries,This is a placeholder description for the show or movie.
s3030,Movie,Title_3030,David Fincher,"Henry Cavill, Leonardo DiCaprio, Song Kang",South Korea,TV-14,2023,"December 17, 2023",99 min,Documentaries,This is a placeholder description for the show or movie.
s3031,Movie,Title_3031,Greta Gerwig,"Leonardo DiCaprio, Henry Cavill",India,TV-14,2023,"January 2, 2023",94 min,Documentaries,This is a placeholder description for the show or movie.
s3032,Movie,Title_3032,Martin Scorsese,"Shah Rukh Khan, Millie Bobby Brown",Canada,TV-14,2023,"December 23, 2023",140 min,Dramas,This is a placeholder description for the show or movie.
s3033,TV Show,Title_3033,nan,"Zendaya, Shah Rukh Khan",United States,TV-MA,2017,"October 13, 2023",3 Seasons,Crime TV Shows,This is a placeholder description for the show or movie.
s3034,Movie,Title_3034,Martin Scorsese,Millie Bobby Brown,France,R,2021,"October 19, 2023",112 min,Thrillers,This is a placeholder description for the show or movie.
s3035,Movie,Title_3035,Greta Gerwig,"Henry Cavill, Leonardo DiCaprio",India,PG-13,2022,"July 18, 2022",89 min,Dramas,This is a placeholder description for the show or movie.
s3036,Movie,Title_3036,David Fincher,"Millie Bobby Brown, Henry Cavill",United Kingdom,TV-MA,2012,"January 20, 2018",83 min,Action & Adventure,This is a placeholder description for the show or movie.
s3037,Movie,Title_3037,Mike Flanagan,Leonardo DiCaprio,United States,R,2010,"July 12, 2019",143 min,Thrillers,This is a placeholder description for the show or movie.
s3038,TV Show,Title_3038,Bong Joon Ho,"Henry Cavill, Leonardo DiCaprio",United States,TV-14,2022,"December 13, 2022",2 Seasons,Docuseries,This is a placeholder description for the show or movie.
s3039,Movie,Title_3039,Mike Flanagan,"Millie Bobby Brown, Zendaya",South Korea,R,2023,"January 5, 2023",142 min,Dramas,This is a placeholder description for the show or movie.
s3040,Movie,Title_3040,Bong Joon Ho,"Millie Bobby Brown, Shah Rukh Khan, Zendaya",France,TV-MA,2015,"December 22, 2020",102 min,Action & Adventure,This is a placeholder description for the show or movie.
s3041,Movie,Title_3041,Bong Joon Ho,"Song Kang, Leonardo DiCaprio",United States,TV-14,2020,"July 9, 2020",136 min,Thrillers,This is a placeholder description for the show or movie.
s3042,TV Show,Title_3042,David Fincher,Zendaya,United States,TV-MA,2018,"July 25, 2018",3 Seasons,International TV Shows,This is a placeholder description for the show or movie.
s3043,Movie,Title_3043,Greta Gerwig,"Leonardo DiCaprio, Millie Bobby Brown",United States,PG-13,2015,"July 28, 2023",120 min,Action & Adventure,This is a placeholder description for the show or movie.
s3044,Movie,Title_3044,Mike Flanagan,"Leonardo DiCaprio, Song Kang",United States,TV-14,2023,"January 3, 2023",94 min,Dramas,This is a placeholder description for the show or movie.
s3045,TV Show,Title_3045,Greta Gerwig,Henry Cavill,United States,R,2006,"January 3, 2020",3 Seasons,Docuseries,This is a placeholder description for the show or movie.
s3046,TV Show,Title_3046,Martin Scorsese,"Henry Cavill, Zendaya",South Korea,TV-MA,2022,"October 28, 2022",5 Seasons,Crime TV Shows,This is a placeholder description for the show or movie.
s3047,Movie,Title_3047,David Fincher,"Shah Rukh Khan, Millie Bobby Brown",France,TV-PG,2023,"January 17, 2023",144 min,Comedies,This is a placeholder description for the show or movie.
s3048,Movie,Title_3048,David Fincher,"Zendaya, Henry Cavill",United States,R,2017,"December 3, 2022",108 min,Thrillers,This is a placeholder description for the show or movie.
s3049,Movie,Title_3049,Martin Scorsese,Leonardo DiCaprio,India,R,2015,"December 1, 2019",126 min,Comedies,This is a placeholder description for the show or movie.
s3050,Movie,Title_3050,Mike Flanagan,"Henry Cavill, Millie Bobby Brown",United States,TV-14,2021,"October 19, 2021",140 min,Dramas,This is a placeholder description for the show or movie.
s3051,Movie,Title_3051,nan,"Song Kang, Shah Rukh Khan, Zendaya",United States,R,2023,"October 1, 2023",140 min,Comedies,This is a placeholder description for the show or movie.
s3052,Movie,Title_3052,Martin Scorsese,"Millie Bobby Brown, Leonardo DiCaprio, Shah Rukh Khan",United States,TV-MA,2021,"January 21, 2021",130 min,Dramas,This is a placeholder description for the show or movie.
s3053,Movie,Title_3053,Mike Flanagan,"Henry Cavill, Millie Bobby Brown, Zendaya",India,TV-PG,2022,"January 11, 2022",87 min,Dramas,This is a placeholder description for the show or movie.
s3054,Movie,Title_3054,Bong Joon Ho,"Zendaya, Leonardo DiCaprio, Shah Rukh Khan",United States,PG-13,2019,"July 4, 2019",114 min,Action & Adventure,This is a placeholder description for the show or movie.
s3055,TV Show,Title_3055,David Fincher,Song Kang,India,TV-PG,2023,"October 10, 2023",5 Seasons,Docuseries,This is a placeholder description for the show or movie.
s3056,TV Show,Title_3056,Mike Flanagan,"Millie Bobby Brown, Henry Cavill, Song Kang",United States,TV-MA,2023,"December 16, 2023",4 Seasons,Crime TV Shows,This is a placeholder description for the show or movie.
s3057,Movie,Title_3057,Greta Gerwig,Song Kang,United States,TV-14,2021,"July 1, 2021",88 min,Documentaries,This is a placeholder description for the show or movie.
s3058,Movie,Title_3058,Greta Gerwig,"Millie Bobby Brown, Henry Cavill, Shah Rukh Khan",United States,TV-MA,2013,"December 12, 2022",104 min,Dramas,This is a placeholder description for the show or movie.
s3059,Movie,Title_3059,David Fincher,Millie Bobby Brown,Japan,R,2019,"October 3, 2021",127 min,Comedies,This is a placeholder description for the show or movie.
s3060,TV Show,Title_3060,Martin Scorsese,Song Kang,Canada,TV-14,2023,"December 1, 2023",1 Seasons,Crime TV Shows,This is a placeholder description for the show or movie.
s3061,Movie,Title_3061,nan,Leonardo DiCaprio,Japan,PG-13,2013,"January 14, 2019",106 min,Comedies,This is a placeholder description for the show or movie.
s3062,Movie,Title_3062,Martin Scorsese,"Millie Bobby Brown, Shah Rukh Khan, Zendaya",United States,PG-13,2022,"December 21, 2022",109 min,Comedies,This is a placeholder description for the show or movie.
s3063,Movie,Title_3063,Mike Flanagan,Song Kang,United States,TV-MA,2013,"January 6, 2022",94 min,Dramas,This is a placeholder description for the show or movie.
s3064,Movie,Title_3064,Martin Scorsese,"Shah Rukh Khan, Millie Bobby Brown",United States,R,2011,"October 25, 2017",88 min,Action & Adventure,This is a placeholder description for the show or movie.
s3065,Movie,Title_3065,David Fincher,"Zendaya, Leonardo DiCaprio",United States,PG-13,2017,"December 2, 2018",143 min,Thrillers,This is a placeholder description for the show or movie.
s3066,Movie,Title_3066,Mike Flanagan,"Leonardo DiCaprio, Millie Bobby Brown, Zendaya",Canada,TV-PG,2022,"December 15, 2022",147 min,Documentaries,This is a placeholder description for the show or movie.
s3067,Movie,Title_3067,Bong Joon Ho,Millie Bobby Brown,United States,TV-14,2023,"October 20, 2023",113 min,Action & Adventure,This is a placeholder description for the show or movie.
s3068,TV Show,Title_3068,Martin Scorsese,Song Kang,United States,TV-PG,2017,"October 5, 2023",1 Seasons,TV Dramas,This is a placeholder description for the show or movie.
s3069,Movie,Title_3069,Martin Scorsese,Leonardo DiCaprio,India,PG-13,2017,"January 7, 2023",99 min,Documentaries,This is a placeholder description for the show or movie.
s3070,TV Show,Title_3070,nan,Millie Bobby Brown,India,PG-13,2020,"October 18, 2020",4 Seasons,Crime TV Shows,This is a placeholder description for the show or movie.
s3071,TV Show,Title_3071,Mike Flanagan,Leonardo DiCaprio,France,TV-MA,2023,"December 28, 2023",2 Seasons,Crime TV Shows,This is a placeholder description for the show or movie.
s3072,Movie,Title_3072,Greta Gerwig,"Shah Rukh Khan, Leonardo DiCaprio, Zendaya",United States,TV-MA,2022,"July 26, 2022",87 min,Dramas,This is a placeholder description for the show or movie.
s3073,Movie,Title_3073,Martin Scorsese,Henry Cavill,United Kingdom,TV-14,2014,"January 3, 2018",124 min,Comedies,This is a placeholder description for the show or movie.
s3074,Movie,Title_3074,David Fincher,"Zendaya, Millie Bobby Brown",United States,TV-MA,2013,"January 14, 2023",103 min,Dramas,This is a placeholder description for the show or movie.
s3075,Movie,Title_3075,Martin Scorsese,"Song Kang, Zendaya, Henry Cavill",France,R,2017,"December 14, 2019",111 min,Comedies,This is a placeholder description for the show or movie.
s3076,TV Show,Title_3076,nan,Zendaya,India,TV-14,2020,"July 24, 2021",2 Seasons,TV Dramas,This is a placeholder description for the show or movie.
s3077,TV Show,Title_3077,Bong Joon Ho,"Zendaya, Song Kang, Leonardo DiCaprio",United Kingdom,R,2001,"October 19, 2018",2 Seasons,International TV Shows,This is a placeholder description for the show or movie.
s3078,Movie,Title_3078,nan,"Millie Bobby Brown, Shah Rukh Khan, Zendaya",United States,TV-MA,2010,"January 24, 2021",114 min,Thrillers,This is a placeholder description for the show or movie.
s3079,Movie,Title_3079,Martin Scorsese,"Leonardo DiCaprio, Shah Rukh Khan",Canada,TV-14,2016,"July 3, 2020",100 min,Thrillers,This is a placeholder description for the show or movie.
s3080,TV Show,Title_3080,Greta Gerwig,"Millie Bobby Brown, Song Kang, Shah Rukh Khan",United States,PG-13,2007,"January 12, 2019",1 Seasons,Docuseries,This is a placeholder description for the show or movie.
s3081,TV Show,Title_3081,Martin Scorsese,"Henry Cavill, Millie Bobby Brown",India,TV-PG,2023,"December 25, 2023",4 Seasons,Docuseries,This is a placeholder description for the show or movie.
s3082,TV Show,Title_3082,Mike Flanagan,Millie Bobby Brown,Japan,PG-13,2021,"October 19, 2021",4 Seasons,TV Dramas,This is a placeholder description for the show or movie.
s3083,Movie,Title_3083,Martin Scorsese,"Zendaya, Millie Bobby Brown",France,R,2023,"December 16, 2023",148 min,Comedies,This is a placeholder description for the show or movie.
s3084,Movie,Title_3084,Greta Gerwig,Shah Rukh Khan,India,PG-13,2017,"October 22, 2017",130 min,Comedies,This is a placeholder description for the show or movie.
s3085,TV Show,Title_3085,Mike Flanagan,"Song Kang, Millie Bobby Brown",South Korea,PG-13,2022,"January 26, 2022",5 Seasons,Docuseries,This is a placeholder description for the show or movie.
s3086,TV Show,Title_3086,David Fincher,"Leonardo DiCaprio, Song Kang, Shah Rukh Khan",United States,TV-PG,2019,"October 11, 2020",4 Seasons,Docuseries,This is a placeholder description for the show or movie.
s3087,Movie,Title_3087,Mike Flanagan,Leonardo DiCaprio,South Korea,TV-PG,2023,"July 11, 2023",145 min,Action & Adventure,This is a placeholder description for the show or movie.
s3088,Movie,Title_3088,nan,Leonardo DiCaprio,United Kingdom,PG-13,2017,"July 18, 2023",135 min,Action & Adventure,This is a placeholder description for the show or movie.
s3089,Movie,Title_3089,Bong Joon Ho,Shah Rukh Khan,India,TV-PG,2014,"December 7, 2022",110 min,Thrillers,This is a placeholder description for the show or movie.
s3090,Movie,Title_3090,nan,"Millie Bobby Brown, Shah Rukh Khan, Zendaya",Japan,PG-13,2017,"January 2, 2017",130 min,Thrillers,This is a placeholder description for the show or movie.
s3091,Movie,Title_3091,Mike Flanagan,"Song Kang, Shah Rukh Khan, Leonardo DiCaprio",South Korea,TV-14,2018,"December 10, 2022",105 min,Dramas,This is a placeholder description for the show or movie.
s3092,TV Show,Title_3092,David Fincher,"Zendaya, Henry Cavill",United States,PG-13,2023,"December 21, 2023",3 Seasons,Crime TV Shows,This is a placeholder description for the show or movie.
s3093,Movie,Title_3093,Martin Scorsese,"Millie Bobby Brown, Leonardo DiCaprio",South Korea,TV-MA,2016,"October 17, 2017",110 min,Thrillers,This is a placeholder description for the show or movie.
s3094,TV Show,Title_3094,Mike Flanagan,"Henry Cavill, Zendaya, Shah Rukh Khan",United States,TV-PG,2016,"December 16, 2016",2 Seasons,International TV Shows,This is a placeholder description for the show or movie.
s3095,Movie,Title_3095,nan,"Millie Bobby Brown, Shah Rukh Khan, Leonardo DiCaprio",South Korea,TV-PG,2016,"July 17, 2018",138 min,Thrillers,This is a placeholder description for the show or movie.
s3096,TV Show,Title_3096,Mike Flanagan,Leonardo DiCaprio,United Kingdom,R,2021,"July 28, 2021",1 Seasons,International TV Shows,This is a placeholder description for the show or movie.
s3097,TV Show,Title_3097,Mike Flanagan,"Song Kang, Zendaya, Leonardo DiCaprio",United States,R,2014,"October 11, 2017",2 Seasons,Crime TV Shows,This is a placeholder description for the show or movie.
s3098,Movie,Title_3098,Mike Flanagan,"Shah Rukh Khan, Henry Cavill",United Kingdom,TV-MA,2023,"December 6, 2023",116 min,Comedies,This is a placeholder description for the show or movie.
s3099,Movie,Title_3099,David Fincher,"Henry Cavill, Shah Rukh Khan, Zendaya",India,TV-PG,2019,"July 1, 2019",139 min,Comedies,This is a placeholder description for the show or movie.
s3100,Movie,Title_3100,Greta Gerwig,"Shah Rukh Khan, Zendaya",India,TV-PG,2023,"July 28, 2023",110 min,Dramas,This is a placeholder description for the show or movie.
s3101,Movie,Title_3101,Greta Gerwig,"Leonardo DiCaprio, Millie Bobby Brown",United States,R,2018,"October 11, 2018",113 min,Comedies,This is a placeholder description for the show or movie.
s3102,TV Show,Title_3102,Mike Flanagan,"Song Kang, Millie Bobby Brown, Shah Rukh Khan",United States,R,2008,"October 21, 2020",4 Seasons,International TV Shows,This is a placeholder description for the show or movie.
s3103,TV Show,Title_3103,David Fincher,Zendaya,South Korea,PG-13,2020,"December 9, 2020",5 Seasons,Crime TV Shows,This is a placeholder description for the show or movie.
s3104,Movie,Title_3104,David Fincher,"Henry Cavill, Millie Bobby Brown, Song Kang",United States,TV-PG,2011,"October 15, 2020",120 min,Action & Adventure,This is a placeholder description for the show or movie.
s3105,Movie,Title_3105,Mike Flanagan,"Millie Bobby Brown, Song Kang, Leonardo DiCaprio",India,TV-PG,2019,"January 22, 2019",80 min,Action & Adventure,This is a placeholder description for the show or movie.
s3106,Movie,Title_3106,nan,"Henry Cavill, Shah Rukh Khan, Song Kang",United Kingdom,PG-13,2015,"July 17, 2015",134 min,Documentaries,This is a placeholder description for the show or movie.
s3107,TV Show,Title_3107,nan,"Henry Cavill, Shah Rukh Khan, Zendaya",United States,TV-PG,2023,"July 2, 2023",5 Seasons,International TV Shows,This is a placeholder description for the show or movie.
s3108,Movie,Title_3108,Bong Joon Ho,"Millie Bobby Brown, Henry Cavill",India,TV-MA,2020,"October 11, 2020",110 min,Thrillers,This is a placeholder description for the show or movie.
s3109,Movie,Title_3109,Mike Flanagan,Millie Bobby Brown,India,R,2023,"December 24, 2023",95 min,Dramas,This is a placeholder description for the show or movie.
s3110,Movie,Title_3110,Bong Joon Ho,Leonardo DiCaprio,United Kingdom,R,2018,"July 1, 2018",113 min,Action & Adventure,This is a placeholder description for the show or movie.
s3111,Movie,Title_3111,nan,"Song Kang, Leonardo DiCaprio, Henry Cavill",United States,R,2008,"July 11, 2021",147 min,Dramas,This is a placeholder description for the show or movie.
s3112,Movie,Title_3112,nan,"Henry Cavill, Zendaya",India,TV-14,2009,"January 21, 2019",148 min,Comedies,This is a placeholder description for the show or movie.
s3113,TV Show,Title_3113,Mike Flanagan,"Shah Rukh Khan, Zendaya",United States,TV-MA,2023,"October 8, 2023",1 Seasons,Crime TV Shows,This is a placeholder description for the show or movie.
s3114,Movie,Title_3114,Bong Joon Ho,"Song Kang, Millie Bobby Brown, Shah Rukh Khan",South Korea,TV-MA,2014,"January 20, 2015",116 min,Documentaries,This is a placeholder description for the show or movie.
s3115,Movie,Title_3115,Bong Joon Ho,Song Kang,United States,PG-13,2020,"January 6, 2023",102 min,Dramas,This is a placeholder description for the show or movie.
s3116,TV Show,Title_3116,Mike Flanagan,"Zendaya, Song Kang, Henry Cavill",France,TV-14,2014,"December 3, 2017",4 Seasons,TV Dramas,This is a placeholder description for the show or movie.
s3117,TV Show,Title_3117,Bong Joon Ho,"Millie Bobby Brown, Shah Rukh Khan, Zendaya",United Kingdom,TV-PG,2015,"January 2, 2021",3 Seasons,Crime TV Shows,This is a placeholder description for the show or movie.
s3118,Movie,Title_3118,Martin Scorsese,Shah Rukh Khan,Japan,TV-MA,2023,"October 17, 2023",84 min,Action & Adventure,This is a placeholder description for the show or movie.
s3119,Movie,Title_3119,nan,Zendaya,India,TV-14,2010,"October 3, 2023",89 min,Thrillers,This is a placeholder description for the show or movie.
s3120,Movie,Title_3120,Greta Gerwig,"Song Kang, Millie Bobby Brown",United States,TV-14,2017,"July 8, 2020",148 min,Thrillers,This is a placeholder description for the show or movie.
s3121,Movie,Title_3121,David Fincher,"Millie Bobby Brown, Leonardo DiCaprio",France,TV-MA,2014,"July 4, 2021",121 min,Comedies,This is a placeholder description for the show or movie.
s3122,Movie,Title_3122,Bong Joon Ho,Shah Rukh Khan,United States,PG-13,2022,"December 1, 2022",92 min,Dramas,This is a placeholder description for the show or movie.
s3123,Movie,Title_3123,Bong Joon Ho,"Zendaya, Song Kang, Millie Bobby Brown",United States,TV-14,2023,"July 14, 2023",127 min,Dramas,This is a placeholder description for the show or movie.
s3124,Movie,Title_3124,David Fincher,"Shah Rukh Khan, Zendaya",United States,R,2016,"July 8, 2020",110 min,Documentaries,This is a placeholder description for the show or movie.
s3125,TV Show,Title_3125,Bong Joon Ho,Song Kang,France,TV-14,2020,"January 17, 2020",1 Seasons,Docuseries,This is a placeholder description for the show or movie.
s3126,Movie,Title_3126,David Fincher,Shah Rukh Khan,United Kingdom,TV-PG,2011,"July 11, 2020",131 min,Documentaries,This is a placeholder description for the show or movie.
s3127,TV Show,Title_3127,Mike Flanagan,"Henry Cavill, Shah Rukh Khan",India,TV-MA,2016,"July 24, 2018",1 Seasons,TV Dramas,This is a placeholder description for the show or movie.
s3128,Movie,Title_3128,Martin Scorsese,"Shah Rukh Khan, Song Kang",Canada,TV-PG,2018,"July 19, 2018",108 min,Action & Adventure,This is a placeholder description for the show or movie.
s3129,TV Show,Title_3129,Martin Scorsese,Song Kang,India,PG-13,2012,"December 20, 2012",4 Seasons,Crime TV Shows,This is a placeholder description for the show or movie.
s3130,TV Show,Title_3130,nan,Millie Bobby Brown,South Korea,R,2023,"December 23, 2023",4 Seasons,TV Dramas,This is a placeholder description for the show or movie.
s3131,TV Show,Title_3131,Greta Gerwig,Zendaya,United States,TV-MA,2017,"January 24, 2017",2 Seasons,International TV Shows,This is a placeholder description for the show or movie.
s3132,TV Show,Title_3132,Bong Joon Ho,"Henry Cavill, Shah Rukh Khan",South Korea,TV-14,2003,"October 20, 2017",5 Seasons,TV Dramas,This is a placeholder description for the show or movie.
s3133,TV Show,Title_3133,Greta Gerwig,"Song Kang, Millie Bobby Brown, Shah Rukh Khan",United States,R,2021,"July 9, 2022",3 Seasons,Docuseries,This is a placeholder description for the show or movie.
s3134,Movie,Title_3134,Mike Flanagan,Millie Bobby Brown,United States,TV-14,2021,"October 1, 2021",80 min,Dramas,This is a placeholder description for the show or movie.
s3135,Movie,Title_3135,Martin Scorsese,"Leonardo DiCaprio, Zendaya, Henry Cavill",India,PG-13,2023,"December 7, 2023",96 min,Dramas,This is a placeholder description for the show or movie.
s3136,Movie,Title_3136,Mike Flanagan,"Henry Cavill, Song Kang, Shah Rukh Khan",India,TV-MA,2023,"January 27, 2023",84 min,Thrillers,This is a placeholder description for the show or movie.
s3137,TV Show,Title_3137,Mike Flanagan,"Song Kang, Zendaya",United Kingdom,PG-13,2013,"July 11, 2016",1 Seasons,Crime TV Shows,This is a placeholder description for the show or movie.
s3138,TV Show,Title_3138,Bong Joon Ho,"Zendaya, Leonardo DiCaprio, Shah Rukh Khan",United States,PG-13,2012,"October 28, 2021",3 Seasons,TV Comedies,This is a placeholder description for the show or movie.
s3139,Movie,Title_3139,Mike Flanagan,"Millie Bobby Brown, Song Kang",United States,PG-13,2014,"January 5, 2016",82 min,Thrillers,This is a placeholder description for the show or movie.
s3140,Movie,Title_3140,Martin Scorsese,"Henry Cavill, Song Kang",India,PG-13,2021,"July 24, 2021",131 min,Dramas,This is a placeholder description for the show or movie.
s3141,Movie,Title_3141,Greta Gerwig,Millie Bobby Brown,India,TV-14,2022,"July 11, 2022",93 min,Action & Adventure,This is a placeholder description for the show or movie.
s3142,TV Show,Title_3142,Martin Scorsese,Song Kang,United States,TV-PG,2014,"July 15, 2020",1 Seasons,Crime TV Shows,This is a placeholder description for the show or movie.
s3143,Movie,Title_3143,Bong Joon Ho,Zendaya,India,TV-14,2018,"December 16, 2018",100 min,Thrillers,This is a placeholder description for the show or movie.
s3144,Movie,Title_3144,Martin Scorsese,Millie Bobby Brown,United States,R,2012,"January 17, 2017",121 min,Comedies,This is a placeholder description for the show or movie.
s3145,Movie,Title_3145,David Fincher,Zendaya,United States,PG-13,2023,"December 22, 2023",104 min,Documentaries,This is a placeholder description for the show or movie.
s3146,Movie,Title_3146,Greta Gerwig,"Millie Bobby Brown, Leonardo DiCaprio",United States,R,2023,"July 24, 2023",143 min,Thrillers,This is a placeholder description for the show or movie.
s3147,TV Show,Title_3147,David Fincher,Millie Bobby Brown,France,TV-14,2022,"December 9, 2022",1 Seasons,Crime TV Shows,This is a placeholder description for the show or movie.
s3148,TV Show,Title_3148,David Fincher,Song Kang,United Kingdom,PG-13,2022,"July 25, 2022",4 Seasons,TV Comedies,This is a placeholder description for the show or movie.
s3149,TV Show,Title_3149,nan,"Zendaya, Shah Rukh Khan, Henry Cavill",United States,TV-14,2023,"January 25, 2023",1 Seasons,International TV Shows,This is a placeholder description for the show or movie.
s3150,Movie,Title_3150,Bong Joon Ho,Song Kang,United Kingdom,PG-13,2023,"January 4, 2023",80 min,Comedies,This is a placeholder description for the show or movie.
s3151,Movie,Title_3151,Mike Flanagan,"Song Kang, Henry Cavill",South Korea,TV-14,2019,"October 5, 2020",105 min,Documentaries,This is a placeholder description for the show or movie.
s3152,Movie,Title_3152,David Fincher,"Song Kang, Shah Rukh Khan",India,TV-MA,2013,"December 28, 2021",87 min,Comedies,This is a placeholder description for the show or movie.
s3153,TV Show,Title_3153,Martin Scorsese,"Song Kang, Henry Cavill, Shah Rukh Khan",South Korea,TV-PG,2010,"July 3, 2018",2 Seasons,Crime TV Shows,This is a placeholder description for the show or movie.
s3154,Movie,Title_3154,Mike Flanagan,"Zendaya, Henry Cavill, Song Kang",United States,TV-PG,2008,"October 9, 2023",102 min,Dramas,This is a placeholder description for the show or movie.
s3155,Movie,Title_3155,Martin Scorsese,"Henry Cavill, Leonardo DiCaprio",South Korea,PG-13,2016,"January 24, 2023",122 min,Thrillers,This is a placeholder description for the show or movie.
s3156,Movie,Title_3156,Martin Scorsese,Millie Bobby Brown,India,TV-MA,2022,"January 18, 2022",128 min,Action & Adventure,This is a placeholder description for the show or movie.
s3157,TV Show,Title_3157,Mike Flanagan,"Zendaya, Leonardo DiCaprio, Shah Rukh Khan",United States,R,2015,"December 23, 2016",5 Seasons,TV Dramas,This is a placeholder description for the show or movie.
s3158,Movie,Title_3158,Mike Flanagan,"Song Kang, Zendaya",India,TV-MA,2020,"December 3, 2020",90 min,Documentaries,This is a placeholder description for the show or movie.
s3159,TV Show,Title_3159,Martin Scorsese,"Leonardo DiCaprio, Henry Cavill, Song Kang",France,PG-13,2011,"October 15, 2015",1 Seasons,Docuseries,This is a placeholder description for the show or movie.
s3160,Movie,Title_3160,Bong Joon Ho,"Zendaya, Shah Rukh Khan",South Korea,TV-MA,2013,"January 15, 2023",135 min,Action & Adventure,This is a placeholder description for the show or movie.
s3161,Movie,Title_3161,Greta Gerwig,"Millie Bobby Brown, Shah Rukh Khan, Zendaya",India,R,2023,"January 5, 2023",90 min,Documentaries,This is a placeholder description for the show or movie.
s3162,Movie,Title_3162,nan,"Shah Rukh Khan, Millie Bobby Brown",United States,PG-13,2018,"October 8, 2018",90 min,Action & Adventure,This is a placeholder description for the show or movie.
s3163,Movie,Title_3163,Greta Gerwig,Henry Cavill,India,TV-PG,2013,"October 2, 2023",133 min,Action & Adventure,This is a placeholder description for the show or movie.
s3164,Movie,Title_3164,Bong Joon Ho,"Zendaya, Henry Cavill, Shah Rukh Khan",United States,TV-MA,2023,"October 17, 2023",128 min,Action & Adventure,This is a placeholder description for the show or movie.
s3165,Movie,Title_3165,nan,Shah Rukh Khan,United States,TV-PG,2017,"July 20, 2018",104 min,Documentaries,This is a placeholder description for the show or movie.
s3166,Movie,Title_3166,Mike Flanagan,"Song Kang, Millie Bobby Brown, Henry Cavill",India,TV-PG,2015,"December 3, 2023",87 min,Thrillers,This is a placeholder description for the show or movie.
s3167,TV Show,Title_3167,nan,"Shah Rukh Khan, Leonardo DiCaprio",Japan,TV-14,2011,"January 14, 2021",2 Seasons,Docuseries,This is a placeholder description for the show or movie.
s3168,Movie,Title_3168,Martin Scorsese,"Shah Rukh Khan, Leonardo DiCaprio",United Kingdom,R,2021,"December 16, 2021",104 min,Dramas,This is a placeholder description for the show or movie.
s3169,TV Show,Title_3169,Greta Gerwig,"Henry Cavill, Zendaya, Song Kang",United States,TV-MA,2022,"July 17, 2022",3 Seasons,International TV Shows,This is a placeholder description for the show or movie.
s3170,Movie,Title_3170,nan,"Song Kang, Zendaya",India,TV-PG,2023,"October 3, 2023",125 min,Comedies,This is a placeholder description for the show or movie.
s3171,TV Show,Title_3171,Martin Scorsese,"Henry Cavill, Zendaya, Millie Bobby Brown",France,TV-PG,2016,"July 16, 2019",2 Seasons,TV Comedies,This is a placeholder description for the show or movie.
s3172,Movie,Title_3172,Bong Joon Ho,"Shah Rukh Khan, Millie Bobby Brown, Leonardo DiCaprio",Canada,R,2004,"January 24, 2016",103 min,Comedies,This is a placeholder description for the show or movie.
s3173,Movie,Title_3173,nan,"Zendaya, Song Kang, Henry Cavill",United Kingdom,TV-PG,2013,"January 22, 2022",86 min,Dramas,This is a placeholder description for the show or movie.
s3174,Movie,Title_3174,Martin Scorsese,"Millie Bobby Brown, Song Kang, Leonardo DiCaprio",France,TV-PG,2014,"October 22, 2017",143 min,Action & Adventure,This is a placeholder description for the show or movie.
s3175,Movie,Title_3175,Bong Joon Ho,"Henry Cavill, Millie Bobby Brown, Song Kang",South Korea,TV-PG,2022,"January 18, 2022",94 min,Documentaries,This is a placeholder description for the show or movie.
s3176,Movie,Title_3176,Mike Flanagan,"Song Kang, Zendaya, Henry Cavill",United States,TV-PG,2007,"October 14, 2018",89 min,Documentaries,This is a placeholder description for the show or movie.
s3177,TV Show,Title_3177,Bong Joon Ho,"Song Kang, Leonardo DiCaprio, Zendaya",United States,TV-14,2010,"December 2, 2015",2 Seasons,TV Dramas,This is a placeholder description for the show or movie.
s3178,TV Show,Title_3178,Bong Joon Ho,Leonardo DiCaprio,France,TV-14,2020,"December 14, 2022",1 Seasons,Crime TV Shows,This is a placeholder description for the show or movie.
s3179,TV Show,Title_3179,Greta Gerwig,"Song Kang, Leonardo DiCaprio, Millie Bobby Brown",India,PG-13,2021,"December 28, 2023",1 Seasons,TV Comedies,This is a placeholder description for the show or movie.
s3180,TV Show,Title_3180,Martin Scorsese,"Zendaya, Henry Cavill",United States,TV-MA,2023,"July 8, 2023",2 Seasons,International TV Shows,This is a placeholder description for the show or movie.
s3181,Movie,Title_3181,nan,Song Kang,India,R,2020,"July 15, 2020",121 min,Dramas,This is a placeholder description for the show or movie.
s3182,Movie,Title_3182,Greta Gerwig,Shah Rukh Khan,United Kingdom,PG-13,2014,"October 17, 2021",96 min,Action & Adventure,This is a placeholder description for the show or movie.
s3183,Movie,Title_3183,David Fincher,Zendaya,France,TV-14,2009,"January 16, 2014",126 min,Dramas,This is a placeholder description for the show or movie.
s3184,Movie,Title_3184,Bong Joon Ho,"Song Kang, Leonardo DiCaprio, Millie Bobby Brown",United States,TV-14,2021,"July 13, 2021",138 min,Dramas,This is a placeholder description for the show or movie.
s3185,Movie,Title_3185,David Fincher,"Leonardo DiCaprio, Shah Rukh Khan, Song Kang",India,TV-14,2018,"October 11, 2018",90 min,Dramas,This is a placeholder description for the show or movie.
s3186,Movie,Title_3186,Greta Gerwig,"Henry Cavill, Leonardo DiCaprio",Japan,PG-13,2021,"July 24, 2022",86 min,Thrillers,This is a placeholder description for the show or movie.
s3187,Movie,Title_3187,Martin Scorsese,"Leonardo DiCaprio, Henry Cavill",United States,TV-14,2018,"January 19, 2018",122 min,Comedies,This is a placeholder description for the show or movie.
s3188,Movie,Title_3188,Greta Gerwig,Leonardo DiCaprio,United States,PG-13,2015,"December 22, 2022",116 min,Comedies,This is a placeholder description for the show or movie.
s3189,TV Show,Title_3189,Martin Scorsese,"Millie Bobby Brown, Leonardo DiCaprio, Shah Rukh Khan",France,TV-14,2023,"December 9, 2023",5 Seasons,TV Dramas,This is a placeholder description for the show or movie.
s3190,TV Show,Title_3190,Martin Scorsese,"Zendaya, Henry Cavill",India,TV-PG,2016,"January 7, 2019",1 Seasons,Docuseries,This is a placeholder description for the show or movie.
s3191,Movie,Title_3191,Mike Flanagan,"Millie Bobby Brown, Henry Cavill",India,TV-PG,2019,"July 12, 2019",103 min,Action & Adventure,This is a placeholder description for the show or movie.
s3192,TV Show,Title_3192,Bong Joon Ho,"Song Kang, Zendaya, Henry Cavill",United Kingdom,TV-MA,2003,"July 21, 2023",4 Seasons,TV Dramas,This is a placeholder description for the show or movie.
s3193,TV Show,Title_3193,Greta Gerwig,Zendaya,United States,TV-14,2023,"July 6, 2023",3 Seasons,International TV Shows,This is a placeholder description for the show or movie.
s3194,Movie,Title_3194,Martin Scorsese,Leonardo DiCaprio,France,TV-MA,2012,"July 27, 2019",102 min,Dramas,This is a placeholder description for the show or movie.
s3195,Movie,Title_3195,Greta Gerwig,"Leonardo DiCaprio, Song Kang, Zendaya",United States,PG-13,2017,"October 15, 2022",92 min,Documentaries,This is a placeholder description for the show or movie.
s3196,Movie,Title_3196,Greta Gerwig,"Shah Rukh Khan, Millie Bobby Brown, Henry Cavill",United States,TV-MA,2018,"October 25, 2018",107 min,Documentaries,This is a placeholder description for the show or movie.
s3197,TV Show,Title_3197,Martin Scorsese,"Zendaya, Song Kang, Shah Rukh Khan",United States,TV-14,2011,"July 19, 2022",5 Seasons,Docuseries,This is a placeholder description for the show or movie.
s3198,TV Show,Title_3198,nan,"Shah Rukh Khan, Song Kang, Leonardo DiCaprio",United States,PG-13,2020,"December 23, 2023",1 Seasons,International TV Shows,This is a placeholder description for the show or movie.
s3199,Movie,Title_3199,David Fincher,Henry Cavill,South Korea,PG-13,2013,"January 18, 2023",136 min,Comedies,This is a placeholder description for the show or movie.
s3200,Movie,Title_3200,Bong Joon Ho,Leonardo DiCaprio,South Korea,TV-PG,2009,"January 28, 2022",120 min,Dramas,This is a placeholder description for the show or movie.
s3201,Movie,Title_3201,Bong Joon Ho,"Leonardo DiCaprio, Zendaya, Henry Cavill",France,PG-13,2008,"December 27, 2017",132 min,Action & Adventure,This is a placeholder description for the show or movie.
s3202,Movie,Title_3202,nan,"Zendaya, Millie Bobby Brown, Leonardo DiCaprio",India,PG-13,2023,"January 9, 2023",139 min,Dramas,This is a placeholder description for the show or movie.
s3203,Movie,Title_3203,Mike Flanagan,"Song Kang, Zendaya",Canada,TV-MA,2015,"October 7, 2018",100 min,Documentaries,This is a placeholder description for the show or movie.
s3204,TV Show,Title_3204,nan,"Shah Rukh Khan, Leonardo DiCaprio, Song Kang",India,PG-13,2018,"October 15, 2021",5 Seasons,Crime TV Shows,This is a placeholder description for the show or movie.
s3205,TV Show,Title_3205,Mike Flanagan,"Shah Rukh Khan, Henry Cavill, Song Kang",South Korea,R,2023,"October 23, 2023",2 Seasons,TV Comedies,This is a placeholder description for the show or movie.
s3206,TV Show,Title_3206,Mike Flanagan,"Song Kang, Leonardo DiCaprio, Shah Rukh Khan",Canada,TV-PG,2009,"December 5, 2020",2 Seasons,TV Comedies,This is a placeholder description for the show or movie.
s3207,TV Show,Title_3207,nan,Shah Rukh Khan,United States,TV-PG,2015,"October 2, 2016",3 Seasons,Crime TV Shows,This is a placeholder description for the show or movie.
s3208,TV Show,Title_3208,Bong Joon Ho,Millie Bobby Brown,United States,PG-13,2019,"January 25, 2019",2 Seasons,TV Dramas,This is a placeholder description for the show or movie.
s3209,Movie,Title_3209,David Fincher,"Shah Rukh Khan, Leonardo DiCaprio",United States,TV-MA,2019,"October 27, 2019",117 min,Comedies,This is a placeholder description for the show or movie.
s3210,Movie,Title_3210,Bong Joon Ho,Zendaya,India,TV-PG,2020,"January 22, 2020",90 min,Dramas,This is a placeholder description for the show or movie.
s3211,Movie,Title_3211,Bong Joon Ho,"Shah Rukh Khan, Song Kang, Zendaya",France,TV-PG,2013,"January 13, 2019",124 min,Dramas,This is a placeholder description for the show or movie.
s3212,TV Show,Title_3212,Bong Joon Ho,Zendaya,United States,R,2023,"January 2, 2023",2 Seasons,Crime TV Shows,This is a placeholder description for the show or movie.
s3213,Movie,Title_3213,nan,Millie Bobby Brown,United States,PG-13,2023,"July 16, 2023",82 min,Action & Adventure,This is a placeholder description for the show or movie.
s3214,TV Show,Title_3214,nan,Henry Cavill,United States,TV-PG,2023,"July 17, 2023",5 Seasons,TV Comedies,This is a placeholder description for the show or movie.
s3215,Movie,Title_3215,nan,"Henry Cavill, Leonardo DiCaprio, Song Kang",South Korea,TV-PG,2023,"July 7, 2023",133 min,Thrillers,This is a placeholder description for the show or movie.
s3216,Movie,Title_3216,Bong Joon Ho,Millie Bobby Brown,United States,TV-PG,2022,"October 19, 2023",113 min,Thrillers,This is a placeholder description for the show or movie.
s3217,Movie,Title_3217,David Fincher,"Millie Bobby Brown, Zendaya",United States,TV-PG,2015,"January 12, 2018",114 min,Documentaries,This is a placeholder description for the show or movie.
s3218,Movie,Title_3218,Mike Flanagan,"Song Kang, Zendaya",United States,TV-MA,2019,"July 13, 2019",95 min,Documentaries,This is a placeholder description for the show or movie.
s3219,TV Show,Title_3219,Greta Gerwig,"Zendaya, Henry Cavill",United Kingdom,TV-14,2019,"January 21, 2023",5 Seasons,TV Dramas,This is a placeholder description for the show or movie.
s3220,TV Show,Title_3220,Mike Flanagan,"Zendaya, Millie Bobby Brown",India,R,2015,"October 22, 2019",1 Seasons,International TV Shows,This is a placeholder description for the show or movie.
s3221,Movie,Title_3221,Mike Flanagan,Zendaya,Canada,TV-MA,2018,"July 20, 2019",94 min,Dramas,This is a placeholder description for the show or movie.
s3222,Movie,Title_3222,Greta Gerwig,Henry Cavill,United States,R,2008,"October 22, 2018",91 min,Thrillers,This is a placeholder description for the show or movie.
s3223,Movie,Title_3223,Bong Joon Ho,"Millie Bobby Brown, Shah Rukh Khan",India,TV-PG,2021,"July 7, 2023",87 min,Comedies,This is a placeholder description for the show or movie.
s3224,Movie,Title_3224,David Fincher,"Song Kang, Zendaya, Leonardo DiCaprio",United States,R,2012,"July 28, 2016",83 min,Dramas,This is a placeholder description for the show or movie.
s3225,Movie,Title_3225,David Fincher,"Zendaya, Song Kang",United States,PG-13,2018,"January 16, 2018",136 min,Comedies,This is a placeholder description for the show or movie.
s3226,TV Show,Title_3226,Mike Flanagan,"Zendaya, Song Kang",India,PG-13,2015,"December 21, 2015",2 Seasons,TV Comedies,This is a placeholder description for the show or movie.
s3227,Movie,Title_3227,Greta Gerwig,"Henry Cavill, Song Kang",United States,TV-14,2023,"October 13, 2023",129 min,Dramas,This is a placeholder description for the show or movie.
s3228,Movie,Title_3228,Martin Scorsese,"Song Kang, Zendaya",United Kingdom,TV-14,2023,"July 22, 2023",147 min,Documentaries,This is a placeholder description for the show or movie.
s3229,Movie,Title_3229,Bong Joon Ho,"Leonardo DiCaprio, Millie Bobby Brown, Shah Rukh Khan",United States,R,2014,"December 23, 2016",110 min,Documentaries,This is a placeholder description for the show or movie.
s3230,Movie,Title_3230,Mike Flanagan,Millie Bobby Brown,United States,TV-MA,2017,"December 2, 2019",150 min,Comedies,This is a placeholder description for the show or movie.
s3231,Movie,Title_3231,David Fincher,"Song Kang, Millie Bobby Brown, Leonardo DiCaprio",Japan,TV-MA,2019,"January 17, 2019",106 min,Documentaries,This is a placeholder description for the show or movie.
s3232,Movie,Title_3232,nan,"Leonardo DiCaprio, Millie Bobby Brown",India,TV-PG,2021,"October 28, 2021",98 min,Thrillers,This is a placeholder description for the show or movie.
s3233,Movie,Title_3233,nan,Henry Cavill,Canada,TV-MA,2016,"December 10, 2017",98 min,Thrillers,This is a placeholder description for the show or movie.
s3234,Movie,Title_3234,Greta Gerwig,"Song Kang, Millie Bobby Brown",South Korea,TV-14,2017,"January 21, 2017",94 min,Comedies,This is a placeholder description for the show or movie.
s3235,Movie,Title_3235,Greta Gerwig,"Leonardo DiCaprio, Henry Cavill, Shah Rukh Khan",India,TV-MA,2018,"January 18, 2020",121 min,Thrillers,This is a placeholder description for the show or movie.
s3236,Movie,Title_3236,Mike Flanagan,"Song Kang, Henry Cavill",South Korea,TV-PG,2019,"January 19, 2023",98 min,Dramas,This is a placeholder description for the show or movie.
s3237,Movie,Title_3237,Martin Scorsese,"Leonardo DiCaprio, Henry Cavill",India,PG-13,2017,"January 10, 2023",127 min,Comedies,This is a placeholder description for the show or movie.
s3238,TV Show,Title_3238,David Fincher,"Henry Cavill, Leonardo DiCaprio, Shah Rukh Khan",United States,TV-MA,2019,"January 16, 2019",1 Seasons,International TV Shows,This is a placeholder description for the show or movie.
s3239,Movie,Title_3239,Mike Flanagan,Henry Cavill,United States,TV-MA,2017,"December 2, 2019",144 min,Dramas,This is a placeholder description for the show or movie.
s3240,Movie,Title_3240,Martin Scorsese,Shah Rukh Khan,India,TV-14,2019,"January 24, 2019",127 min,Dramas,This is a placeholder description for the show or movie.
s3241,Movie,Title_3241,Greta Gerwig,Millie Bobby Brown,United States,R,2010,"January 25, 2021",134 min,Comedies,This is a placeholder description for the show or movie.
s3242,Movie,Title_3242,nan,Henry Cavill,United States,PG-13,2022,"December 19, 2022",135 min,Action & Adventure,This is a placeholder description for the show or movie.
s3243,Movie,Title_3243,Bong Joon Ho,"Leonardo DiCaprio, Millie Bobby Brown",United States,R,2018,"October 28, 2022",127 min,Action & Adventure,This is a placeholder description for the show or movie.
s3244,TV Show,Title_3244,nan,Song Kang,United States,TV-PG,2021,"October 21, 2022",1 Seasons,Docuseries,This is a placeholder description for the show or movie.
s3245,TV Show,Title_3245,David Fincher,"Song Kang, Millie Bobby Brown, Leonardo DiCaprio",United States,TV-PG,2013,"December 14, 2016",3 Seasons,International TV Shows,This is a placeholder description for the show or movie.
s3246,Movie,Title_3246,David Fincher,Henry Cavill,United States,R,2016,"July 6, 2019",130 min,Action & Adventure,This is a placeholder description for the show or movie.
s3247,Movie,Title_3247,nan,"Song Kang, Zendaya",United States,TV-14,2016,"October 28, 2016",130 min,Dramas,This is a placeholder description for the show or movie.
s3248,Movie,Title_3248,nan,Millie Bobby Brown,United States,TV-14,2023,"January 11, 2023",120 min,Documentaries,This is a placeholder description for the show or movie.
s3249,TV Show,Title_3249,Martin Scorsese,"Millie Bobby Brown, Leonardo DiCaprio, Shah Rukh Khan",India,TV-14,2018,"December 8, 2023",2 Seasons,Crime TV Shows,This is a placeholder description for the show or movie.
s3250,Movie,Title_3250,Mike Flanagan,"Zendaya, Song Kang",United States,PG-13,2006,"December 6, 2018",125 min,Action & Adventure,This is a placeholder description for the show or movie.
s3251,Movie,Title_3251,Greta Gerwig,Song Kang,Japan,TV-PG,2016,"July 23, 2018",81 min,Thrillers,This is a placeholder description for the show or movie.
s3252,Movie,Title_3252,Martin Scorsese,"Shah Rukh Khan, Millie Bobby Brown",South Korea,TV-PG,2017,"October 21, 2023",100 min,Action & Adventure,This is a placeholder description for the show or movie.
s3253,Movie,Title_3253,Bong Joon Ho,"Shah Rukh Khan, Song Kang, Zendaya",India,TV-PG,2021,"July 11, 2022",112 min,Documentaries,This is a placeholder description for the show or movie.
s3254,Movie,Title_3254,nan,"Millie Bobby Brown, Leonardo DiCaprio",Canada,PG-13,2018,"July 22, 2018",135 min,Thrillers,This is a placeholder description for the show or movie.
s3255,Movie,Title_3255,Bong Joon Ho,"Henry Cavill, Song Kang",United States,TV-PG,2007,"October 6, 2015",133 min,Documentaries,This is a placeholder description for the show or movie.
s3256,Movie,Title_3256,Bong Joon Ho,"Song Kang, Millie Bobby Brown",United States,R,2019,"December 9, 2020",134 min,Dramas,This is a placeholder description for the show or movie.
s3257,TV Show,Title_3257,Martin Scorsese,Millie Bobby Brown,France,TV-MA,2016,"December 16, 2018",3 Seasons,Docuseries,This is a placeholder description for the show or movie.
s3258,Movie,Title_3258,Greta Gerwig,"Henry Cavill, Song Kang",United States,PG-13,2023,"January 9, 2023",109 min,Documentaries,This is a placeholder description for the show or movie.
s3259,Movie,Title_3259,David Fincher,Leonardo DiCaprio,France,TV-MA,2022,"January 21, 2022",93 min,Thrillers,This is a placeholder description for the show or movie.
s3260,TV Show,Title_3260,Mike Flanagan,"Henry Cavill, Millie Bobby Brown, Zendaya",India,R,2017,"October 11, 2023",5 Seasons,Crime TV Shows,This is a placeholder description for the show or movie.
s3261,Movie,Title_3261,David Fincher,"Song Kang, Henry Cavill, Leonardo DiCaprio",United States,TV-14,2023,"July 22, 2023",119 min,Comedies,This is a placeholder description for the show or movie.
s3262,Movie,Title_3262,Greta Gerwig,Song Kang,India,TV-14,2021,"October 12, 2021",130 min,Comedies,This is a placeholder description for the show or movie.
s3263,Movie,Title_3263,David Fincher,"Song Kang, Leonardo DiCaprio, Henry Cavill",India,TV-14,2018,"July 1, 2020",90 min,Dramas,This is a placeholder description for the show or movie.
s3264,Movie,Title_3264,nan,"Leonardo DiCaprio, Henry Cavill",United States,PG-13,2014,"December 26, 2019",83 min,Thrillers,This is a placeholder description for the show or movie.
s3265,TV Show,Title_3265,nan,Song Kang,United States,TV-14,2015,"July 10, 2022",5 Seasons,Docuseries,This is a placeholder description for the show or movie.
s3266,Movie,Title_3266,Martin Scorsese,Shah Rukh Khan,Canada,PG-13,2017,"December 6, 2017",112 min,Comedies,This is a placeholder description for the show or movie.
s3267,Movie,Title_3267,Bong Joon Ho,Zendaya,India,PG-13,2014,"October 6, 2014",129 min,Comedies,This is a placeholder description for the show or movie.
s3268,Movie,Title_3268,Greta Gerwig,"Song Kang, Zendaya",United States,TV-MA,2015,"October 26, 2020",132 min,Action & Adventure,This is a placeholder description for the show or movie.
s3269,Movie,Title_3269,Greta Gerwig,Leonardo DiCaprio,United States,TV-14,2017,"December 9, 2023",97 min,Action & Adventure,This is a placeholder description for the show or movie.
s3270,TV Show,Title_3270,David Fincher,"Leonardo DiCaprio, Shah Rukh Khan, Henry Cavill",Japan,TV-PG,2020,"October 3, 2021",1 Seasons,International TV Shows,This is a placeholder description for the show or movie.
s3271,Movie,Title_3271,Martin Scorsese,"Leonardo DiCaprio, Henry Cavill",India,TV-14,2009,"October 11, 2018",143 min,Dramas,This is a placeholder description for the show or movie.
s3272,Movie,Title_3272,David Fincher,"Millie Bobby Brown, Leonardo DiCaprio, Henry Cavill",India,TV-14,2015,"January 10, 2017",87 min,Dramas,This is a placeholder description for the show or movie.
s3273,TV Show,Title_3273,David Fincher,Henry Cavill,France,TV-14,2014,"July 7, 2014",3 Seasons,Crime TV Shows,This is a placeholder description for the show or movie.
s3274,Movie,Title_3274,Greta Gerwig,"Leonardo DiCaprio, Millie Bobby Brown",United States,TV-PG,2011,"January 20, 2022",122 min,Comedies,This is a placeholder description for the show or movie.
s3275,TV Show,Title_3275,David Fincher,"Shah Rukh Khan, Leonardo DiCaprio, Zendaya",India,TV-PG,2017,"January 23, 2018",1 Seasons,TV Dramas,This is a placeholder description for the show or movie.
s3276,TV Show,Title_3276,Bong Joon Ho,"Henry Cavill, Zendaya",South Korea,PG-13,2017,"October 2, 2023",5 Seasons,International TV Shows,This is a placeholder description for the show or movie.
s3277,TV Show,Title_3277,David Fincher,"Song Kang, Leonardo DiCaprio, Zendaya",South Korea,TV-PG,2018,"January 10, 2021",2 Seasons,Docuseries,This is a placeholder description for the show or movie.
s3278,Movie,Title_3278,Bong Joon Ho,Song Kang,United States,PG-13,2013,"July 1, 2018",82 min,Documentaries,This is a placeholder description for the show or movie.
s3279,Movie,Title_3279,Greta Gerwig,"Zendaya, Leonardo DiCaprio",United States,TV-MA,2019,"July 23, 2023",108 min,Documentaries,This is a placeholder description for the show or movie.
s3280,TV Show,Title_3280,Martin Scorsese,"Shah Rukh Khan, Leonardo DiCaprio, Song Kang",Canada,PG-13,2023,"January 25, 2023",2 Seasons,TV Dramas,This is a placeholder description for the show or movie.
s3281,Movie,Title_3281,nan,"Henry Cavill, Shah Rukh Khan, Millie Bobby Brown",United States,TV-14,2018,"July 18, 2023",113 min,Action & Adventure,This is a placeholder description for the show or movie.
s3282,Movie,Title_3282,Bong Joon Ho,"Zendaya, Millie Bobby Brown",France,R,2021,"January 22, 2021",144 min,Documentaries,This is a placeholder description for the show or movie.
s3283,TV Show,Title_3283,Martin Scorsese,Shah Rukh Khan,United States,R,2012,"July 17, 2021",4 Seasons,TV Comedies,This is a placeholder description for the show or movie.
s3284,TV Show,Title_3284,Martin Scorsese,"Leonardo DiCaprio, Henry Cavill",United States,TV-14,2009,"January 19, 2017",1 Seasons,Crime TV Shows,This is a placeholder description for the show or movie.
s3285,Movie,Title_3285,Bong Joon Ho,Leonardo DiCaprio,United States,PG-13,2014,"October 21, 2019",98 min,Thrillers,This is a placeholder description for the show or movie.
s3286,Movie,Title_3286,Greta Gerwig,"Song Kang, Zendaya",Canada,TV-14,2016,"January 21, 2019",114 min,Comedies,This is a placeholder description for the show or movie.
s3287,Movie,Title_3287,Mike Flanagan,"Henry Cavill, Millie Bobby Brown, Zendaya",Japan,TV-PG,2022,"December 13, 2022",124 min,Thrillers,This is a placeholder description for the show or movie.
s3288,TV Show,Title_3288,Martin Scorsese,"Millie Bobby Brown, Henry Cavill, Shah Rukh Khan",United Kingdom,PG-13,2016,"October 26, 2016",5 Seasons,TV Dramas,This is a placeholder description for the show or movie.
s3289,TV Show,Title_3289,Martin Scorsese,Millie Bobby Brown,France,TV-14,2023,"July 23, 2023",4 Seasons,Crime TV Shows,This is a placeholder description for the show or movie.
s3290,Movie,Title_3290,Greta Gerwig,"Leonardo DiCaprio, Song Kang",United States,TV-PG,2012,"July 22, 2020",102 min,Thrillers,This is a placeholder description for the show or movie.
s3291,Movie,Title_3291,Greta Gerwig,"Millie Bobby Brown, Song Kang, Shah Rukh Khan",United States,TV-PG,2014,"October 10, 2018",113 min,Comedies,This is a placeholder description for the show or movie.
s3292,TV Show,Title_3292,David Fincher,"Leonardo DiCaprio, Henry Cavill",South Korea,PG-13,2019,"July 9, 2019",3 Seasons,TV Dramas,This is a placeholder description for the show or movie.
s3293,Movie,Title_3293,Greta Gerwig,"Millie Bobby Brown, Leonardo DiCaprio",Japan,TV-MA,2023,"December 14, 2023",124 min,Thrillers,This is a placeholder description for the show or movie.
s3294,Movie,Title_3294,Martin Scorsese,"Leonardo DiCaprio, Henry Cavill",South Korea,TV-MA,2021,"January 21, 2021",135 min,Comedies,This is a placeholder description for the show or movie.
s3295,TV Show,Title_3295,Bong Joon Ho,Leonardo DiCaprio,South Korea,TV-PG,2013,"January 20, 2016",2 Seasons,Crime TV Shows,This is a placeholder description for the show or movie.
s3296,Movie,Title_3296,Mike Flanagan,"Millie Bobby Brown, Shah Rukh Khan",United States,TV-MA,2013,"December 2, 2021",142 min,Comedies,This is a placeholder description for the show or movie.
s3297,Movie,Title_3297,David Fincher,Zendaya,United States,TV-PG,2023,"December 16, 2023",144 min,Comedies,This is a placeholder description for the show or movie.
s3298,Movie,Title_3298,Bong Joon Ho,"Shah Rukh Khan, Millie Bobby Brown",France,TV-MA,2016,"December 14, 2018",144 min,Thrillers,This is a placeholder description for the show or movie.
s3299,Movie,Title_3299,Mike Flanagan,"Zendaya, Henry Cavill",United States,TV-PG,2023,"December 10, 2023",125 min,Dramas,This is a placeholder description for the show or movie.
s3300,TV Show,Title_3300,Mike Flanagan,"Shah Rukh Khan, Leonardo DiCaprio, Zendaya",United States,TV-PG,2018,"January 6, 2022",1 Seasons,TV Comedies,This is a placeholder description for the show or movie.
s3301,Movie,Title_3301,Mike Flanagan,"Zendaya, Henry Cavill",United Kingdom,TV-PG,2019,"January 5, 2022",92 min,Comedies,This is a placeholder description for the show or movie.
s3302,TV Show,Title_3302,nan,"Henry Cavill, Zendaya, Millie Bobby Brown",United States,TV-PG,2012,"December 11, 2018",5 Seasons,International TV Shows,This is a placeholder description for the show or movie.
s3303,Movie,Title_3303,Bong Joon Ho,"Millie Bobby Brown, Song Kang, Zendaya",South Korea,R,2019,"October 24, 2023",150 min,Dramas,This is a placeholder description for the show or movie.
s3304,Movie,Title_3304,David Fincher,"Millie Bobby Brown, Henry Cavill, Shah Rukh Khan",United States,TV-MA,2013,"December 21, 2013",120 min,Documentaries,This is a placeholder description for the show or movie.
s3305,Movie,Title_3305,David Fincher,"Song Kang, Zendaya, Leonardo DiCaprio",South Korea,TV-PG,2015,"October 25, 2023",119 min,Action & Adventure,This is a placeholder description for the show or movie.
s3306,Movie,Title_3306,Mike Flanagan,"Henry Cavill, Shah Rukh Khan, Song Kang",United Kingdom,TV-14,2010,"July 20, 2016",110 min,Action & Adventure,This is a placeholder description for the show or movie.
s3307,Movie,Title_3307,Bong Joon Ho,"Leonardo DiCaprio, Song Kang",India,PG-13,2018,"December 5, 2019",118 min,Dramas,This is a placeholder description for the show or movie.
s3308,Movie,Title_3308,nan,Leonardo DiCaprio,India,TV-14,2020,"December 17, 2020",96 min,Action & Adventure,This is a placeholder description for the show or movie.
s3309,Movie,Title_3309,Mike Flanagan,Millie Bobby Brown,United States,TV-14,2016,"January 26, 2023",125 min,Dramas,This is a placeholder description for the show or movie.
s3310,Movie,Title_3310,Greta Gerwig,"Henry Cavill, Song Kang",India,R,2012,"December 21, 2023",135 min,Action & Adventure,This is a placeholder description for the show or movie.
s3311,TV Show,Title_3311,David Fincher,Song Kang,India,TV-MA,2012,"December 5, 2022",5 Seasons,Docuseries,This is a placeholder description for the show or movie.
s3312,TV Show,Title_3312,Martin Scorsese,Millie Bobby Brown,India,R,2016,"July 11, 2016",3 Seasons,Docuseries,This is a placeholder description for the show or movie.
s3313,TV Show,Title_3313,Mike Flanagan,"Song Kang, Zendaya",United States,TV-MA,2015,"January 13, 2021",5 Seasons,International TV Shows,This is a placeholder description for the show or movie.
s3314,Movie,Title_3314,Greta Gerwig,"Henry Cavill, Song Kang, Millie Bobby Brown",United States,TV-PG,2017,"January 7, 2023",96 min,Dramas,This is a placeholder description for the show or movie.
s3315,Movie,Title_3315,David Fincher,"Henry Cavill, Zendaya, Song Kang",United States,R,2023,"December 15, 2023",123 min,Documentaries,This is a placeholder description for the show or movie.
s3316,TV Show,Title_3316,nan,"Shah Rukh Khan, Leonardo DiCaprio, Song Kang",United Kingdom,PG-13,2011,"January 8, 2016",2 Seasons,TV Comedies,This is a placeholder description for the show or movie.
s3317,Movie,Title_3317,Bong Joon Ho,"Shah Rukh Khan, Henry Cavill, Song Kang",United States,TV-MA,2013,"January 22, 2023",104 min,Comedies,This is a placeholder description for the show or movie.
s3318,Movie,Title_3318,David Fincher,Shah Rukh Khan,Japan,R,2020,"October 22, 2020",111 min,Dramas,This is a placeholder description for the show or movie.
s3319,TV Show,Title_3319,Bong Joon Ho,Song Kang,United Kingdom,PG-13,2017,"October 6, 2023",3 Seasons,International TV Shows,This is a placeholder description for the show or movie.
s3320,TV Show,Title_3320,Bong Joon Ho,"Zendaya, Leonardo DiCaprio, Millie Bobby Brown",South Korea,TV-14,2023,"July 5, 2023",2 Seasons,International TV Shows,This is a placeholder description for the show or movie.
s3321,Movie,Title_3321,nan,Shah Rukh Khan,South Korea,TV-PG,2004,"July 4, 2020",113 min,Action & Adventure,This is a placeholder description for the show or movie.
s3322,Movie,Title_3322,nan,"Leonardo DiCaprio, Zendaya, Millie Bobby Brown",United States,TV-PG,2022,"December 20, 2022",114 min,Action & Adventure,This is a placeholder description for the show or movie.
s3323,TV Show,Title_3323,Mike Flanagan,"Zendaya, Shah Rukh Khan, Leonardo DiCaprio",South Korea,TV-14,2021,"July 26, 2021",3 Seasons,TV Dramas,This is a placeholder description for the show or movie.
s3324,Movie,Title_3324,Mike Flanagan,"Shah Rukh Khan, Millie Bobby Brown, Henry Cavill",India,R,2011,"October 6, 2017",112 min,Comedies,This is a placeholder description for the show or movie.
s3325,TV Show,Title_3325,David Fincher,Leonardo DiCaprio,Japan,TV-14,2016,"December 26, 2023",5 Seasons,TV Dramas,This is a placeholder description for the show or movie.
s3326,TV Show,Title_3326,nan,"Song Kang, Henry Cavill",Japan,PG-13,2014,"July 3, 2021",3 Seasons,International TV Shows,This is a placeholder description for the show or movie.
s3327,TV Show,Title_3327,Greta Gerwig,Zendaya,United States,TV-MA,2019,"October 2, 2023",5 Seasons,TV Comedies,This is a placeholder description for the show or movie.
s3328,Movie,Title_3328,David Fincher,"Shah Rukh Khan, Millie Bobby Brown, Henry Cavill",United States,R,2017,"January 25, 2017",138 min,Dramas,This is a placeholder description for the show or movie.
s3329,Movie,Title_3329,Martin Scorsese,"Shah Rukh Khan, Leonardo DiCaprio, Song Kang",India,TV-MA,2021,"December 7, 2023",119 min,Documentaries,This is a placeholder description for the show or movie.
s3330,TV Show,Title_3330,Bong Joon Ho,"Millie Bobby Brown, Zendaya",United Kingdom,TV-14,2021,"January 19, 2021",3 Seasons,Crime TV Shows,This is a placeholder description for the show or movie.
s3331,Movie,Title_3331,Bong Joon Ho,"Millie Bobby Brown, Shah Rukh Khan",United States,TV-PG,2012,"July 3, 2017",137 min,Comedies,This is a placeholder description for the show or movie.
s3332,TV Show,Title_3332,Mike Flanagan,"Shah Rukh Khan, Henry Cavill",United States,TV-MA,2023,"December 1, 2023",3 Seasons,TV Dramas,This is a placeholder description for the show or movie.
s3333,Movie,Title_3333,Greta Gerwig,"Henry Cavill, Zendaya, Song Kang",United States,TV-MA,2014,"October 12, 2019",114 min,Thrillers,This is a placeholder description for the show or movie.
s3334,Movie,Title_3334,nan,"Millie Bobby Brown, Henry Cavill, Leonardo DiCaprio",India,TV-PG,2016,"July 17, 2023",83 min,Action & Adventure,This is a placeholder description for the show or movie.
s3335,TV Show,Title_3335,nan,Song Kang,France,TV-MA,2012,"December 17, 2023",5 Seasons,International TV Shows,This is a placeholder description for the show or movie.
s3336,TV Show,Title_3336,Mike Flanagan,Zendaya,South Korea,TV-MA,2018,"January 13, 2023",1 Seasons,Docuseries,This is a placeholder description for the show or movie.
s3337,TV Show,Title_3337,Martin Scorsese,Henry Cavill,India,TV-PG,2023,"December 24, 2023",2 Seasons,Docuseries,This is a placeholder description for the show or movie.
s3338,TV Show,Title_3338,David Fincher,"Henry Cavill, Zendaya, Shah Rukh Khan",United States,TV-PG,2016,"October 10, 2020",3 Seasons,TV Comedies,This is a placeholder description for the show or movie.
s3339,Movie,Title_3339,David Fincher,Shah Rukh Khan,United States,TV-14,2017,"October 1, 2017",114 min,Dramas,This is a placeholder description for the show or movie.
s3340,TV Show,Title_3340,Greta Gerwig,"Zendaya, Song Kang, Leonardo DiCaprio",India,TV-14,2023,"December 21, 2023",1 Seasons,Docuseries,This is a placeholder description for the show or movie.
s3341,TV Show,Title_3341,Mike Flanagan,Leonardo DiCaprio,South Korea,TV-MA,2012,"October 12, 2013",1 Seasons,International TV Shows,This is a placeholder description for the show or movie.
s3342,Movie,Title_3342,Mike Flanagan,"Millie Bobby Brown, Song Kang, Leonardo DiCaprio",United States,R,2006,"October 24, 2022",106 min,Dramas,This is a placeholder description for the show or movie.
s3343,Movie,Title_3343,Martin Scorsese,Henry Cavill,India,TV-14,2014,"December 5, 2018",83 min,Documentaries,This is a placeholder description for the show or movie.
s3344,Movie,Title_3344,David Fincher,"Song Kang, Henry Cavill",Japan,TV-14,2020,"January 6, 2020",90 min,Thrillers,This is a placeholder description for the show or movie.
s3345,Movie,Title_3345,Mike Flanagan,"Millie Bobby Brown, Zendaya, Shah Rukh Khan",France,R,2020,"July 16, 2020",125 min,Dramas,This is a placeholder description for the show or movie.
s3346,TV Show,Title_3346,nan,"Leonardo DiCaprio, Shah Rukh Khan",United States,R,2017,"July 1, 2017",1 Seasons,TV Comedies,This is a placeholder description for the show or movie.
s3347,Movie,Title_3347,Greta Gerwig,"Zendaya, Leonardo DiCaprio, Henry Cavill",United States,TV-PG,2013,"January 24, 2021",124 min,Thrillers,This is a placeholder description for the show or movie.
s3348,Movie,Title_3348,David Fincher,"Millie Bobby Brown, Shah Rukh Khan, Henry Cavill",United States,TV-14,2014,"January 27, 2023",113 min,Dramas,This is a placeholder description for the show or movie.
s3349,Movie,Title_3349,Martin Scorsese,Leonardo DiCaprio,United Kingdom,PG-13,2023,"July 4, 2023",139 min,Comedies,This is a placeholder description for the show or movie.
s3350,Movie,Title_3350,Greta Gerwig,"Zendaya, Song Kang, Henry Cavill",France,PG-13,2023,"October 4, 2023",133 min,Comedies,This is a placeholder description for the show or movie.
s3351,Movie,Title_3351,Bong Joon Ho,"Millie Bobby Brown, Shah Rukh Khan, Leonardo DiCaprio",United States,TV-MA,2015,"October 21, 2020",137 min,Documentaries,This is a placeholder description for the show or movie.
s3352,Movie,Title_3352,nan,"Leonardo DiCaprio, Song Kang",United States,TV-14,2023,"July 1, 2023",85 min,Documentaries,This is a placeholder description for the show or movie.
s3353,TV Show,Title_3353,Martin Scorsese,Shah Rukh Khan,Japan,PG-13,2012,"December 27, 2016",2 Seasons,Docuseries,This is a placeholder description for the show or movie.
s3354,Movie,Title_3354,Greta Gerwig,"Leonardo DiCaprio, Shah Rukh Khan",Canada,TV-14,2016,"December 16, 2016",126 min,Thrillers,This is a placeholder description for the show or movie.
s3355,Movie,Title_3355,Mike Flanagan,"Leonardo DiCaprio, Henry Cavill, Zendaya",France,TV-14,2023,"October 2, 2023",120 min,Action & Adventure,This is a placeholder description for the show or movie.
s3356,Movie,Title_3356,Bong Joon Ho,"Zendaya, Leonardo DiCaprio, Shah Rukh Khan",United States,PG-13,2022,"October 27, 2022",123 min,Comedies,This is a placeholder description for the show or movie.
s3357,TV Show,Title_3357,Martin Scorsese,"Leonardo DiCaprio, Song Kang",India,TV-14,2012,"January 9, 2016",4 Seasons,Crime TV Shows,This is a placeholder description for the show or movie.
s3358,Movie,Title_3358,Mike Flanagan,Leonardo DiCaprio,United States,R,2013,"December 25, 2021",138 min,Comedies,This is a placeholder description for the show or movie.
s3359,TV Show,Title_3359,nan,"Shah Rukh Khan, Millie Bobby Brown",United States,TV-MA,2020,"December 14, 2021",2 Seasons,Crime TV Shows,This is a placeholder description for the show or movie.
s3360,TV Show,Title_3360,Bong Joon Ho,"Leonardo DiCaprio, Henry Cavill",India,TV-PG,2010,"December 20, 2019",2 Seasons,International TV Shows,This is a placeholder description for the show or movie.
s3361,TV Show,Title_3361,David Fincher,"Song Kang, Leonardo DiCaprio",United States,PG-13,2012,"July 15, 2021",5 Seasons,Crime TV Shows,This is a placeholder description for the show or movie.
s3362,Movie,Title_3362,Mike Flanagan,Henry Cavill,United States,TV-PG,2020,"December 16, 2020",131 min,Thrillers,This is a placeholder description for the show or movie.
s3363,TV Show,Title_3363,Greta Gerwig,"Zendaya, Song Kang, Henry Cavill",Japan,TV-MA,2022,"January 18, 2023",4 Seasons,International TV Shows,This is a placeholder description for the show or movie.
s3364,Movie,Title_3364,Martin Scorsese,"Shah Rukh Khan, Millie Bobby Brown, Leonardo DiCaprio",United States,R,2022,"July 1, 2022",125 min,Comedies,This is a placeholder description for the show or movie.
s3365,TV Show,Title_3365,Bong Joon Ho,"Henry Cavill, Zendaya, Millie Bobby Brown",Canada,R,2016,"January 6, 2019",4 Seasons,TV Comedies,This is a placeholder description for the show or movie.
s3366,Movie,Title_3366,Mike Flanagan,"Song Kang, Leonardo DiCaprio",United States,R,2014,"July 1, 2020",140 min,Comedies,This is a placeholder description for the show or movie.
s3367,Movie,Title_3367,David Fincher,"Song Kang, Zendaya",South Korea,R,2012,"January 18, 2014",142 min,Documentaries,This is a placeholder description for the show or movie.
s3368,Movie,Title_3368,Martin Scorsese,Zendaya,United States,PG-13,2019,"October 24, 2020",128 min,Action & Adventure,This is a placeholder description for the show or movie.
s3369,Movie,Title_3369,Martin Scorsese,"Zendaya, Shah Rukh Khan",South Korea,PG-13,2015,"July 25, 2016",111 min,Comedies,This is a placeholder description for the show or movie.
s3370,TV Show,Title_3370,Mike Flanagan,Henry Cavill,United States,TV-14,2019,"October 2, 2019",2 Seasons,Docuseries,This is a placeholder description for the show or movie.
s3371,Movie,Title_3371,David Fincher,Leonardo DiCaprio,India,TV-14,2017,"January 4, 2023",149 min,Action & Adventure,This is a placeholder description for the show or movie.
s3372,Movie,Title_3372,nan,"Shah Rukh Khan, Zendaya",Canada,TV-MA,2021,"December 21, 2021",119 min,Documentaries,This is a placeholder description for the show or movie.
s3373,Movie,Title_3373,nan,"Song Kang, Leonardo DiCaprio, Zendaya",United States,TV-14,2011,"July 13, 2020",140 min,Dramas,This is a placeholder description for the show or movie.
s3374,TV Show,Title_3374,Bong Joon Ho,"Henry Cavill, Leonardo DiCaprio",United States,TV-MA,2011,"December 27, 2013",1 Seasons,Docuseries,This is a placeholder description for the show or movie.
s3375,TV Show,Title_3375,Mike Flanagan,"Henry Cavill, Zendaya, Song Kang",Japan,TV-MA,2020,"December 25, 2020",5 Seasons,Docuseries,This is a placeholder description for the show or movie.
s3376,TV Show,Title_3376,Bong Joon Ho,"Shah Rukh Khan, Song Kang",Japan,TV-MA,2020,"October 3, 2020",4 Seasons,Docuseries,This is a placeholder description for the show or movie.
s3377,TV Show,Title_3377,nan,Zendaya,United States,R,2017,"July 16, 2018",5 Seasons,International TV Shows,This is a placeholder description for the show or movie.
s3378,Movie,Title_3378,Martin Scorsese,Song Kang,United States,TV-PG,2020,"January 17, 2023",104 min,Comedies,This is a placeholder description for the show or movie.
s3379,Movie,Title_3379,Bong Joon Ho,"Henry Cavill, Leonardo DiCaprio",United States,TV-PG,2015,"December 6, 2016",90 min,Action & Adventure,This is a placeholder description for the show or movie.
s3380,TV Show,Title_3380,David Fincher,"Song Kang, Millie Bobby Brown",United States,PG-13,2012,"December 4, 2017",4 Seasons,Docuseries,This is a placeholder description for the show or movie.
s3381,Movie,Title_3381,Greta Gerwig,"Shah Rukh Khan, Song Kang, Henry Cavill",France,TV-MA,2019,"December 23, 2019",104 min,Action & Adventure,This is a placeholder description for the show or movie.
s3382,Movie,Title_3382,nan,"Song Kang, Zendaya, Leonardo DiCaprio",India,R,2020,"December 22, 2021",130 min,Comedies,This is a placeholder description for the show or movie.
s3383,Movie,Title_3383,nan,"Zendaya, Shah Rukh Khan",India,TV-14,2009,"July 5, 2017",110 min,Dramas,This is a placeholder description for the show or movie.
s3384,Movie,Title_3384,David Fincher,Zendaya,France,TV-14,2018,"January 27, 2019",123 min,Documentaries,This is a placeholder description for the show or movie.
s3385,Movie,Title_3385,Bong Joon Ho,"Leonardo DiCaprio, Millie Bobby Brown",India,PG-13,2020,"July 26, 2020",133 min,Thrillers,This is a placeholder description for the show or movie.
s3386,TV Show,Title_3386,Mike Flanagan,"Song Kang, Zendaya, Millie Bobby Brown",United Kingdom,PG-13,2023,"January 28, 2023",5 Seasons,International TV Shows,This is a placeholder description for the show or movie.
s3387,Movie,Title_3387,Martin Scorsese,"Zendaya, Henry Cavill, Leonardo DiCaprio",United States,TV-MA,2013,"December 12, 2016",104 min,Documentaries,This is a placeholder description for the show or movie.
s3388,Movie,Title_3388,Greta Gerwig,"Leonardo DiCaprio, Zendaya, Millie Bobby Brown",United States,TV-MA,2021,"December 5, 2021",135 min,Dramas,This is a placeholder description for the show or movie.
s3389,Movie,Title_3389,Mike Flanagan,"Henry Cavill, Shah Rukh Khan",India,TV-14,2021,"December 7, 2021",100 min,Documentaries,This is a placeholder description for the show or movie.
s3390,TV Show,Title_3390,Mike Flanagan,"Shah Rukh Khan, Henry Cavill",United States,TV-14,2007,"January 3, 2016",4 Seasons,Docuseries,This is a placeholder description for the show or movie.
s3391,Movie,Title_3391,David Fincher,Shah Rukh Khan,United States,TV-14,2012,"December 13, 2017",84 min,Documentaries,This is a placeholder description for the show or movie.
s3392,TV Show,Title_3392,Bong Joon Ho,Zendaya,United States,TV-14,2015,"October 1, 2022",1 Seasons,TV Comedies,This is a placeholder description for the show or movie.
s3393,TV Show,Title_3393,nan,Henry Cavill,United States,TV-PG,2023,"January 21, 2023",2 Seasons,TV Comedies,This is a placeholder description for the show or movie.
s3394,Movie,Title_3394,nan,Zendaya,India,TV-MA,2016,"October 7, 2017",111 min,Thrillers,This is a placeholder description for the show or movie.
s3395,TV Show,Title_3395,David Fincher,Zendaya,India,TV-MA,2018,"December 20, 2020",1 Seasons,International TV Shows,This is a placeholder description for the show or movie.
s3396,TV Show,Title_3396,Bong Joon Ho,"Shah Rukh Khan, Millie Bobby Brown",United States,TV-14,2022,"July 16, 2022",5 Seasons,Crime TV Shows,This is a placeholder description for the show or movie.
s3397,TV Show,Title_3397,David Fincher,"Zendaya, Shah Rukh Khan, Henry Cavill",United States,R,2006,"January 18, 2019",1 Seasons,Crime TV Shows,This is a placeholder description for the show or movie.
s3398,TV Show,Title_3398,nan,"Henry Cavill, Song Kang",United Kingdom,TV-14,2023,"October 27, 2023",1 Seasons,Crime TV Shows,This is a placeholder description for the show or movie.
s3399,Movie,Title_3399,Mike Flanagan,Millie Bobby Brown,United States,PG-13,2023,"December 7, 2023",118 min,Thrillers,This is a placeholder description for the show or movie.
s3400,Movie,Title_3400,Martin Scorsese,Millie Bobby Brown,India,R,2018,"January 9, 2018",138 min,Action & Adventure,This is a placeholder description for the show or movie.
s3401,Movie,Title_3401,Bong Joon Ho,Shah Rukh Khan,South Korea,PG-13,2012,"December 22, 2022",100 min,Dramas,This is a placeholder description for the show or movie.
s3402,Movie,Title_3402,Greta Gerwig,"Leonardo DiCaprio, Zendaya",United States,R,2022,"July 19, 2022",140 min,Documentaries,This is a placeholder description for the show or movie.
s3403,TV Show,Title_3403,Greta Gerwig,"Henry Cavill, Millie Bobby Brown",South Korea,PG-13,2011,"October 19, 2020",3 Seasons,International TV Shows,This is a placeholder description for the show or movie.
s3404,Movie,Title_3404,Mike Flanagan,"Zendaya, Millie Bobby Brown",South Korea,TV-14,2023,"January 14, 2023",101 min,Documentaries,This is a placeholder description for the show or movie.
s3405,TV Show,Title_3405,David Fincher,Zendaya,United States,TV-14,2016,"December 26, 2016",1 Seasons,TV Comedies,This is a placeholder description for the show or movie.
s3406,TV Show,Title_3406,David Fincher,"Zendaya, Shah Rukh Khan",United States,R,2022,"October 16, 2022",2 Seasons,International TV Shows,This is a placeholder description for the show or movie.
s3407,TV Show,Title_3407,nan,"Song Kang, Leonardo DiCaprio, Henry Cavill",France,PG-13,2022,"October 17, 2022",5 Seasons,Docuseries,This is a placeholder description for the show or movie.
s3408,TV Show,Title_3408,Mike Flanagan,"Henry Cavill, Song Kang, Shah Rukh Khan",United States,TV-PG,2013,"January 6, 2020",5 Seasons,Crime TV Shows,This is a placeholder description for the show or movie.
s3409,Movie,Title_3409,nan,"Zendaya, Millie Bobby Brown, Shah Rukh Khan",South Korea,R,2023,"December 28, 2023",94 min,Thrillers,This is a placeholder description for the show or movie.
s3410,Movie,Title_3410,nan,"Zendaya, Song Kang, Shah Rukh Khan",India,R,2012,"October 4, 2015",143 min,Action & Adventure,This is a placeholder description for the show or movie.
s3411,Movie,Title_3411,Greta Gerwig,Song Kang,United States,TV-MA,2014,"October 5, 2018",104 min,Action & Adventure,This is a placeholder description for the show or movie.
s3412,Movie,Title_3412,nan,"Leonardo DiCaprio, Millie Bobby Brown, Zendaya",United States,R,2022,"October 24, 2022",127 min,Thrillers,This is a placeholder description for the show or movie.
s3413,Movie,Title_3413,nan,Shah Rukh Khan,India,TV-PG,2023,"December 26, 2023",87 min,Dramas,This is a placeholder description for the show or movie.
s3414,Movie,Title_3414,Greta Gerwig,Leonardo DiCaprio,India,TV-14,2023,"December 3, 2023",123 min,Documentaries,This is a placeholder description for the show or movie.
s3415,TV Show,Title_3415,David Fincher,"Millie Bobby Brown, Shah Rukh Khan, Zendaya",United Kingdom,PG-13,2018,"July 2, 2018",5 Seasons,International TV Shows,This is a placeholder description for the show or movie.
s3416,Movie,Title_3416,Bong Joon Ho,Leonardo DiCaprio,France,TV-MA,2017,"January 27, 2018",89 min,Comedies,This is a placeholder description for the show or movie.
s3417,Movie,Title_3417,Martin Scorsese,Millie Bobby Brown,South Korea,PG-13,2011,"July 22, 2020",98 min,Comedies,This is a placeholder description for the show or movie.
s3418,TV Show,Title_3418,nan,"Leonardo DiCaprio, Zendaya, Millie Bobby Brown",United States,TV-14,2013,"January 15, 2017",5 Seasons,International TV Shows,This is a placeholder description for the show or movie.
s3419,Movie,Title_3419,Bong Joon Ho,"Millie Bobby Brown, Shah Rukh Khan, Henry Cavill",Japan,R,2016,"July 13, 2018",143 min,Comedies,This is a placeholder description for the show or movie.
s3420,Movie,Title_3420,Greta Gerwig,"Zendaya, Leonardo DiCaprio",South Korea,TV-PG,2023,"October 20, 2023",133 min,Action & Adventure,This is a placeholder description for the show or movie.
s3421,TV Show,Title_3421,Bong Joon Ho,Song Kang,France,TV-MA,2020,"July 28, 2020",5 Seasons,Docuseries,This is a placeholder description for the show or movie.
s3422,Movie,Title_3422,Martin Scorsese,Song Kang,India,TV-PG,2019,"October 4, 2021",134 min,Dramas,This is a placeholder description for the show or movie.
s3423,TV Show,Title_3423,Bong Joon Ho,"Zendaya, Song Kang",South Korea,TV-PG,2022,"October 12, 2022",3 Seasons,Crime TV Shows,This is a placeholder description for the show or movie.
s3424,Movie,Title_3424,Bong Joon Ho,"Millie Bobby Brown, Zendaya",India,TV-PG,2019,"January 14, 2020",91 min,Action & Adventure,This is a placeholder description for the show or movie.
s3425,TV Show,Title_3425,Bong Joon Ho,"Zendaya, Leonardo DiCaprio, Henry Cavill",United States,TV-PG,2017,"December 8, 2017",2 Seasons,Crime TV Shows,This is a placeholder description for the show or movie.
s3426,Movie,Title_3426,Bong Joon Ho,"Shah Rukh Khan, Millie Bobby Brown, Zendaya",France,TV-14,2017,"December 5, 2020",91 min,Comedies,This is a placeholder description for the show or movie.
s3427,Movie,Title_3427,Mike Flanagan,"Shah Rukh Khan, Henry Cavill",United States,TV-PG,2020,"July 1, 2020",81 min,Dramas,This is a placeholder description for the show or movie.
s3428,Movie,Title_3428,nan,Zendaya,United States,TV-PG,2016,"January 10, 2019",139 min,Thrillers,This is a placeholder description for the show or movie.
s3429,TV Show,Title_3429,Greta Gerwig,Millie Bobby Brown,Japan,TV-14,2015,"January 24, 2020",5 Seasons,International TV Shows,This is a placeholder description for the show or movie.
s3430,Movie,Title_3430,Martin Scorsese,Song Kang,United States,PG-13,2016,"January 25, 2020",115 min,Thrillers,This is a placeholder description for the show or movie.
s3431,Movie,Title_3431,Greta Gerwig,Henry Cavill,Japan,TV-14,2023,"July 22, 2023",95 min,Action & Adventure,This is a placeholder description for the show or movie.
s3432,TV Show,Title_3432,Mike Flanagan,Leonardo DiCaprio,Canada,R,2020,"December 12, 2020",3 Seasons,TV Dramas,This is a placeholder description for the show or movie.
s3433,TV Show,Title_3433,Mike Flanagan,Henry Cavill,United States,TV-14,2023,"January 2, 2023",4 Seasons,TV Comedies,This is a placeholder description for the show or movie.
s3434,Movie,Title_3434,Mike Flanagan,Henry Cavill,India,PG-13,2021,"December 21, 2021",110 min,Comedies,This is a placeholder description for the show or movie.
s3435,TV Show,Title_3435,nan,"Shah Rukh Khan, Zendaya",South Korea,R,2011,"October 14, 2018",4 Seasons,Crime TV Shows,This is a placeholder description for the show or movie.
s3436,Movie,Title_3436,Mike Flanagan,Shah Rukh Khan,India,R,2022,"October 23, 2022",132 min,Dramas,This is a placeholder description for the show or movie.
s3437,Movie,Title_3437,Bong Joon Ho,Shah Rukh Khan,France,TV-MA,2006,"October 6, 2019",97 min,Action & Adventure,This is a placeholder description for the show or movie.
s3438,Movie,Title_3438,Greta Gerwig,Leonardo DiCaprio,Japan,TV-PG,2012,"July 12, 2020",99 min,Documentaries,This is a placeholder description for the show or movie.
s3439,TV Show,Title_3439,David Fincher,Henry Cavill,United States,R,2023,"December 25, 2023",5 Seasons,Crime TV Shows,This is a placeholder description for the show or movie.
s3440,TV Show,Title_3440,Martin Scorsese,Zendaya,United States,R,2023,"January 19, 2023",3 Seasons,Docuseries,This is a placeholder description for the show or movie.
s3441,Movie,Title_3441,Mike Flanagan,Shah Rukh Khan,France,PG-13,2017,"October 4, 2017",113 min,Dramas,This is a placeholder description for the show or movie.
s3442,Movie,Title_3442,Greta Gerwig,"Song Kang, Shah Rukh Khan, Millie Bobby Brown",India,R,2014,"July 12, 2017",119 min,Action & Adventure,This is a placeholder description for the show or movie.
s3443,Movie,Title_3443,Mike Flanagan,"Henry Cavill, Leonardo DiCaprio, Shah Rukh Khan",United States,PG-13,2011,"October 6, 2023",96 min,Comedies,This is a placeholder description for the show or movie.
s3444,TV Show,Title_3444,nan,Shah Rukh Khan,South Korea,TV-PG,2007,"October 4, 2023",3 Seasons,TV Comedies,This is a placeholder description for the show or movie.
s3445,TV Show,Title_3445,Mike Flanagan,"Millie Bobby Brown, Leonardo DiCaprio, Song Kang",Japan,TV-MA,2023,"October 4, 2023",4 Seasons,TV Comedies,This is a placeholder description for the show or movie.
s3446,Movie,Title_3446,Mike Flanagan,"Song Kang, Zendaya",United Kingdom,TV-MA,2012,"December 5, 2015",96 min,Documentaries,This is a placeholder description for the show or movie.
s3447,TV Show,Title_3447,Mike Flanagan,Zendaya,India,TV-PG,2015,"October 12, 2021",5 Seasons,TV Dramas,This is a placeholder description for the show or movie.
s3448,TV Show,Title_3448,Mike Flanagan,"Shah Rukh Khan, Millie Bobby Brown",United Kingdom,TV-PG,2018,"December 2, 2018",4 Seasons,Docuseries,This is a placeholder description for the show or movie.
s3449,Movie,Title_3449,Martin Scorsese,Henry Cavill,Canada,TV-14,2023,"December 1, 2023",113 min,Comedies,This is a placeholder description for the show or movie.
s3450,Movie,Title_3450,Greta Gerwig,Zendaya,Japan,R,2016,"July 22, 2020",117 min,Documentaries,This is a placeholder description for the show or movie.
s3451,Movie,Title_3451,nan,Leonardo DiCaprio,France,R,2010,"July 28, 2018",115 min,Dramas,This is a placeholder description for the show or movie.
s3452,TV Show,Title_3452,Mike Flanagan,"Zendaya, Henry Cavill",India,R,2020,"October 9, 2021",1 Seasons,TV Comedies,This is a placeholder description for the show or movie.
s3453,TV Show,Title_3453,Mike Flanagan,Leonardo DiCaprio,South Korea,PG-13,2015,"December 16, 2019",2 Seasons,TV Comedies,This is a placeholder description for the show or movie.
s3454,Movie,Title_3454,Mike Flanagan,"Millie Bobby Brown, Henry Cavill",France,TV-14,2015,"January 13, 2019",125 min,Action & Adventure,This is a placeholder description for the show or movie.
s3455,TV Show,Title_3455,Mike Flanagan,Song Kang,United States,R,2020,"July 27, 2020",2 Seasons,International TV Shows,This is a placeholder description for the show or movie.
s3456,Movie,Title_3456,Bong Joon Ho,"Henry Cavill, Zendaya",United States,PG-13,2017,"October 27, 2021",113 min,Documentaries,This is a placeholder description for the show or movie.
s3457,Movie,Title_3457,Bong Joon Ho,"Shah Rukh Khan, Millie Bobby Brown",Japan,PG-13,2015,"October 11, 2018",95 min,Documentaries,This is a placeholder description for the show or movie.
s3458,TV Show,Title_3458,David Fincher,Zendaya,United States,TV-MA,2015,"July 26, 2018",5 Seasons,Docuseries,This is a placeholder description for the show or movie.
s3459,TV Show,Title_3459,Mike Flanagan,"Leonardo DiCaprio, Henry Cavill, Shah Rukh Khan",United States,PG-13,2018,"July 11, 2020",4 Seasons,TV Comedies,This is a placeholder description for the show or movie.
s3460,Movie,Title_3460,David Fincher,"Leonardo DiCaprio, Shah Rukh Khan",United States,TV-PG,2007,"October 17, 2021",104 min,Action & Adventure,This is a placeholder description for the show or movie.
s3461,Movie,Title_3461,Martin Scorsese,Leonardo DiCaprio,United States,PG-13,2016,"October 25, 2023",99 min,Documentaries,This is a placeholder description for the show or movie.
s3462,Movie,Title_3462,David Fincher,"Millie Bobby Brown, Leonardo DiCaprio, Zendaya",United States,TV-PG,2012,"January 5, 2017",99 min,Documentaries,This is a placeholder description for the show or movie.
s3463,Movie,Title_3463,Greta Gerwig,Leonardo DiCaprio,United States,TV-PG,2016,"July 13, 2021",123 min,Documentaries,This is a placeholder description for the show or movie.
s3464,Movie,Title_3464,Bong Joon Ho,"Song Kang, Leonardo DiCaprio, Zendaya",France,TV-MA,2008,"October 25, 2017",97 min,Documentaries,This is a placeholder description for the show or movie.
s3465,Movie,Title_3465,Bong Joon Ho,Millie Bobby Brown,Canada,TV-MA,2020,"October 27, 2020",94 min,Documentaries,This is a placeholder description for the show or movie.
s3466,TV Show,Title_3466,Mike Flanagan,Leonardo DiCaprio,Canada,PG-13,2023,"October 19, 2023",4 Seasons,Docuseries,This is a placeholder description for the show or movie.
s3467,Movie,Title_3467,Mike Flanagan,"Zendaya, Leonardo DiCaprio, Millie Bobby Brown",United States,TV-MA,2013,"January 22, 2021",149 min,Dramas,This is a placeholder description for the show or movie.
s3468,TV Show,Title_3468,Martin Scorsese,"Shah Rukh Khan, Leonardo DiCaprio, Henry Cavill",Canada,TV-MA,2023,"July 13, 2023",4 Seasons,TV Comedies,This is a placeholder description for the show or movie.
s3469,TV Show,Title_3469,nan,Millie Bobby Brown,Canada,R,2023,"December 19, 2023",2 Seasons,TV Comedies,This is a placeholder description for the show or movie.
s3470,Movie,Title_3470,Martin Scorsese,"Millie Bobby Brown, Zendaya, Song Kang",United Kingdom,PG-13,2013,"October 10, 2022",135 min,Documentaries,This is a placeholder description for the show or movie.
s3471,Movie,Title_3471,Greta Gerwig,Song Kang,United States,PG-13,2010,"January 3, 2021",90 min,Dramas,This is a placeholder description for the show or movie.
s3472,TV Show,Title_3472,Mike Flanagan,Shah Rukh Khan,India,PG-13,2017,"October 4, 2023",2 Seasons,Crime TV Shows,This is a placeholder description for the show or movie.
s3473,Movie,Title_3473,Mike Flanagan,"Shah Rukh Khan, Henry Cavill",South Korea,TV-MA,2023,"January 12, 2023",141 min,Comedies,This is a placeholder description for the show or movie.
s3474,TV Show,Title_3474,Martin Scorsese,Henry Cavill,United Kingdom,TV-MA,2019,"December 1, 2021",1 Seasons,TV Dramas,This is a placeholder description for the show or movie.
s3475,TV Show,Title_3475,Martin Scorsese,"Song Kang, Henry Cavill, Leonardo DiCaprio",Canada,TV-PG,2018,"October 11, 2019",4 Seasons,TV Comedies,This is a placeholder description for the show or movie.
s3476,TV Show,Title_3476,Martin Scorsese,"Song Kang, Leonardo DiCaprio",India,TV-14,2023,"July 25, 2023",4 Seasons,TV Dramas,This is a placeholder description for the show or movie.
s3477,TV Show,Title_3477,Bong Joon Ho,"Leonardo DiCaprio, Shah Rukh Khan",India,TV-14,2017,"December 9, 2020",3 Seasons,TV Comedies,This is a placeholder description for the show or movie.
s3478,Movie,Title_3478,David Fincher,"Zendaya, Millie Bobby Brown",South Korea,TV-14,2018,"July 27, 2018",92 min,Documentaries,This is a placeholder description for the show or movie.
s3479,Movie,Title_3479,David Fincher,Shah Rukh Khan,United States,R,2016,"July 2, 2023",122 min,Thrillers,This is a placeholder description for the show or movie.
s3480,Movie,Title_3480,Mike Flanagan,Zendaya,United Kingdom,TV-MA,2014,"October 6, 2023",110 min,Thrillers,This is a placeholder description for the show or movie.
s3481,Movie,Title_3481,Bong Joon Ho,"Song Kang, Shah Rukh Khan, Leonardo DiCaprio",France,TV-PG,2023,"July 3, 2023",104 min,Action & Adventure,This is a placeholder description for the show or movie.
s3482,Movie,Title_3482,Martin Scorsese,"Millie Bobby Brown, Shah Rukh Khan, Song Kang",South Korea,TV-PG,2020,"July 16, 2020",108 min,Thrillers,This is a placeholder description for the show or movie.
s3483,Movie,Title_3483,Mike Flanagan,Zendaya,United States,TV-14,2016,"October 3, 2023",139 min,Action & Adventure,This is a placeholder description for the show or movie.
s3484,TV Show,Title_3484,Bong Joon Ho,Shah Rukh Khan,United States,R,2014,"October 22, 2023",5 Seasons,TV Dramas,This is a placeholder description for the show or movie.
s3485,Movie,Title_3485,Greta Gerwig,Song Kang,United Kingdom,R,2011,"July 15, 2016",85 min,Dramas,This is a placeholder description for the show or movie.
s3486,Movie,Title_3486,nan,Zendaya,Japan,TV-14,2023,"December 11, 2023",85 min,Documentaries,This is a placeholder description for the show or movie.
s3487,Movie,Title_3487,Bong Joon Ho,Zendaya,India,TV-14,2015,"December 21, 2023",140 min,Thrillers,This is a placeholder description for the show or movie.
s3488,Movie,Title_3488,Mike Flanagan,"Leonardo DiCaprio, Zendaya",India,TV-MA,2023,"December 5, 2023",138 min,Action & Adventure,This is a placeholder description for the show or movie.
s3489,Movie,Title_3489,David Fincher,Shah Rukh Khan,United States,R,2015,"October 8, 2019",149 min,Documentaries,This is a placeholder description for the show or movie.
s3490,Movie,Title_3490,Martin Scorsese,Leonardo DiCaprio,Canada,TV-PG,2019,"January 22, 2022",81 min,Dramas,This is a placeholder description for the show or movie.
s3491,Movie,Title_3491,nan,Millie Bobby Brown,Canada,TV-14,2015,"December 23, 2020",93 min,Thrillers,This is a placeholder description for the show or movie.
s3492,Movie,Title_3492,Greta Gerwig,"Song Kang, Millie Bobby Brown",France,TV-MA,2019,"January 3, 2023",98 min,Documentaries,This is a placeholder description for the show or movie.
s3493,TV Show,Title_3493,nan,"Shah Rukh Khan, Zendaya, Leonardo DiCaprio",United States,TV-PG,2021,"July 15, 2021",5 Seasons,TV Dramas,This is a placeholder description for the show or movie.
s3494,TV Show,Title_3494,nan,"Zendaya, Millie Bobby Brown, Song Kang",South Korea,R,2016,"January 14, 2017",1 Seasons,International TV Shows,This is a placeholder description for the show or movie.
s3495,TV Show,Title_3495,Bong Joon Ho,"Henry Cavill, Zendaya, Shah Rukh Khan",India,TV-14,2020,"January 7, 2022",4 Seasons,Crime TV Shows,This is a placeholder description for the show or movie.
s3496,Movie,Title_3496,Mike Flanagan,"Zendaya, Leonardo DiCaprio",India,TV-14,2018,"July 28, 2019",150 min,Comedies,This is a placeholder description for the show or movie.
s3497,TV Show,Title_3497,Mike Flanagan,Millie Bobby Brown,South Korea,TV-MA,2018,"January 2, 2020",4 Seasons,International TV Shows,This is a placeholder description for the show or movie.
s3498,TV Show,Title_3498,nan,Millie Bobby Brown,United States,TV-MA,2014,"July 13, 2016",1 Seasons,TV Dramas,This is a placeholder description for the show or movie.
s3499,Movie,Title_3499,Martin Scorsese,"Millie Bobby Brown, Zendaya",United States,R,2007,"July 17, 2023",126 min,Documentaries,This is a placeholder description for the show or movie.
s3500,TV Show,Title_3500,Mike Flanagan,"Song Kang, Henry Cavill, Shah Rukh Khan",South Korea,TV-14,2020,"January 26, 2021",4 Seasons,International TV Shows,This is a placeholder description for the show or movie.
s3501,Movie,Title_3501,nan,"Leonardo DiCaprio, Shah Rukh Khan",India,TV-MA,2023,"October 18, 2023",98 min,Comedies,This is a placeholder description for the show or movie.
s3502,TV Show,Title_3502,Mike Flanagan,"Shah Rukh Khan, Song Kang, Millie Bobby Brown",United States,TV-14,2009,"December 7, 2021",3 Seasons,TV Comedies,This is a placeholder description for the show or movie.
s3503,TV Show,Title_3503,Martin Scorsese,Shah Rukh Khan,India,R,2019,"December 3, 2019",3 Seasons,Docuseries,This is a placeholder description for the show or movie.
s3504,Movie,Title_3504,Greta Gerwig,Henry Cavill,India,TV-14,2019,"October 25, 2019",92 min,Dramas,This is a placeholder description for the show or movie.
s3505,TV Show,Title_3505,nan,Millie Bobby Brown,France,TV-PG,2013,"January 13, 2018",2 Seasons,Crime TV Shows,This is a placeholder description for the show or movie.
s3506,Movie,Title_3506,David Fincher,"Millie Bobby Brown, Shah Rukh Khan",United States,TV-14,2005,"October 1, 2018",145 min,Documentaries,This is a placeholder description for the show or movie.
s3507,TV Show,Title_3507,David Fincher,Shah Rukh Khan,South Korea,PG-13,2014,"October 7, 2021",2 Seasons,TV Dramas,This is a placeholder description for the show or movie.
s3508,Movie,Title_3508,nan,"Song Kang, Leonardo DiCaprio",United States,PG-13,2017,"October 2, 2021",118 min,Comedies,This is a placeholder description for the show or movie.
s3509,TV Show,Title_3509,Bong Joon Ho,"Shah Rukh Khan, Leonardo DiCaprio",United States,R,2005,"January 22, 2017",3 Seasons,International TV Shows,This is a placeholder description for the show or movie.
s3510,Movie,Title_3510,Greta Gerwig,Song Kang,United States,R,2020,"October 16, 2020",99 min,Action & Adventure,This is a placeholder description for the show or movie.
s3511,Movie,Title_3511,Bong Joon Ho,"Millie Bobby Brown, Henry Cavill, Leonardo DiCaprio",Japan,R,2022,"October 13, 2022",113 min,Documentaries,This is a placeholder description for the show or movie.
s3512,Movie,Title_3512,David Fincher,"Millie Bobby Brown, Shah Rukh Khan, Song Kang",United States,TV-PG,2021,"October 6, 2021",116 min,Documentaries,This is a placeholder description for the show or movie.
s3513,TV Show,Title_3513,Martin Scorsese,"Song Kang, Zendaya",South Korea,TV-PG,2014,"January 16, 2022",2 Seasons,TV Comedies,This is a placeholder description for the show or movie.
s3514,TV Show,Title_3514,nan,"Millie Bobby Brown, Shah Rukh Khan",India,TV-14,2023,"January 27, 2023",3 Seasons,International TV Shows,This is a placeholder description for the show or movie.
s3515,TV Show,Title_3515,Mike Flanagan,"Leonardo DiCaprio, Shah Rukh Khan, Millie Bobby Brown",France,TV-MA,2023,"January 25, 2023",2 Seasons,Crime TV Shows,This is a placeholder description for the show or movie.
s3516,TV Show,Title_3516,David Fincher,Leonardo DiCaprio,South Korea,PG-13,2014,"July 24, 2020",4 Seasons,Crime TV Shows,This is a placeholder description for the show or movie.
s3517,Movie,Title_3517,Greta Gerwig,"Leonardo DiCaprio, Zendaya",Canada,PG-13,2016,"December 5, 2023",130 min,Comedies,This is a placeholder description for the show or movie.
s3518,Movie,Title_3518,David Fincher,"Millie Bobby Brown, Shah Rukh Khan",Japan,PG-13,2023,"December 20, 2023",121 min,Action & Adventure,This is a placeholder description for the show or movie.
s3519,Movie,Title_3519,Greta Gerwig,"Henry Cavill, Leonardo DiCaprio, Millie Bobby Brown",United Kingdom,TV-14,2022,"January 4, 2022",111 min,Action & Adventure,This is a placeholder description for the show or movie.
s3520,Movie,Title_3520,Greta Gerwig,"Leonardo DiCaprio, Millie Bobby Brown, Henry Cavill",South Korea,TV-14,2019,"October 10, 2019",105 min,Action & Adventure,This is a placeholder description for the show or movie.
s3521,Movie,Title_3521,nan,Zendaya,United States,R,2009,"January 20, 2022",83 min,Comedies,This is a placeholder description for the show or movie.
s3522,Movie,Title_3522,Greta Gerwig,Zendaya,United States,TV-MA,2022,"October 23, 2022",116 min,Comedies,This is a placeholder description for the show or movie.
s3523,Movie,Title_3523,Bong Joon Ho,Shah Rukh Khan,United Kingdom,R,2017,"July 6, 2017",139 min,Action & Adventure,This is a placeholder description for the show or movie.
s3524,Movie,Title_3524,Martin Scorsese,"Song Kang, Zendaya, Leonardo DiCaprio",India,TV-14,2012,"July 20, 2017",118 min,Thrillers,This is a placeholder description for the show or movie.
s3525,Movie,Title_3525,David Fincher,Zendaya,India,TV-PG,2016,"December 6, 2023",103 min,Action & Adventure,This is a placeholder description for the show or movie.
s3526,Movie,Title_3526,Martin Scorsese,"Henry Cavill, Millie Bobby Brown, Shah Rukh Khan",India,R,2023,"January 7, 2023",91 min,Thrillers,This is a placeholder description for the show or movie.
s3527,TV Show,Title_3527,Mike Flanagan,"Song Kang, Leonardo DiCaprio, Millie Bobby Brown",United States,TV-14,2014,"October 15, 2017",1 Seasons,International TV Shows,This is a placeholder description for the show or movie.
s3528,TV Show,Title_3528,David Fincher,"Zendaya, Song Kang, Leonardo DiCaprio",United Kingdom,TV-14,2005,"July 20, 2021",1 Seasons,Crime TV Shows,This is a placeholder description for the show or movie.
s3529,TV Show,Title_3529,Martin Scorsese,Song Kang,United States,TV-PG,2016,"October 10, 2019",3 Seasons,International TV Shows,This is a placeholder description for the show or movie.
s3530,Movie,Title_3530,Martin Scorsese,"Leonardo DiCaprio, Millie Bobby Brown, Song Kang",France,TV-PG,2023,"July 4, 2023",116 min,Comedies,This is a placeholder description for the show or movie.
s3531,Movie,Title_3531,nan,Leonardo DiCaprio,France,TV-PG,2015,"October 13, 2021",103 min,Thrillers,This is a placeholder description for the show or movie.
s3532,TV Show,Title_3532,nan,Shah Rukh Khan,France,TV-MA,2023,"July 25, 2023",2 Seasons,Crime TV Shows,This is a placeholder description for the show or movie.
s3533,Movie,Title_3533,Mike Flanagan,"Millie Bobby Brown, Song Kang",United States,TV-14,2021,"October 4, 2021",97 min,Comedies,This is a placeholder description for the show or movie.
s3534,Movie,Title_3534,Greta Gerwig,"Song Kang, Shah Rukh Khan, Leonardo DiCaprio",India,TV-PG,2017,"December 13, 2020",130 min,Thrillers,This is a placeholder description for the show or movie.
s3535,Movie,Title_3535,David Fincher,Shah Rukh Khan,France,TV-MA,2014,"December 6, 2018",99 min,Comedies,This is a placeholder description for the show or movie.
s3536,Movie,Title_3536,nan,"Millie Bobby Brown, Shah Rukh Khan",France,PG-13,2023,"January 20, 2023",93 min,Comedies,This is a placeholder description for the show or movie.
s3537,Movie,Title_3537,David Fincher,"Zendaya, Henry Cavill, Shah Rukh Khan",South Korea,PG-13,2023,"July 26, 2023",107 min,Action & Adventure,This is a placeholder description for the show or movie.
s3538,Movie,Title_3538,Mike Flanagan,"Song Kang, Millie Bobby Brown",India,PG-13,2010,"December 2, 2016",103 min,Thrillers,This is a placeholder description for the show or movie.
s3539,TV Show,Title_3539,nan,"Henry Cavill, Shah Rukh Khan, Song Kang",India,TV-14,2018,"October 22, 2018",3 Seasons,Crime TV Shows,This is a placeholder description for the show or movie.
s3540,Movie,Title_3540,nan,"Song Kang, Zendaya, Shah Rukh Khan",South Korea,TV-MA,2015,"December 7, 2023",94 min,Comedies,This is a placeholder description for the show or movie.
s3541,Movie,Title_3541,Greta Gerwig,"Millie Bobby Brown, Song Kang",United States,TV-MA,2022,"October 25, 2022",95 min,Comedies,This is a placeholder description for the show or movie.
s3542,TV Show,Title_3542,David Fincher,Zendaya,United Kingdom,PG-13,2015,"October 14, 2021",2 Seasons,International TV Shows,This is a placeholder description for the show or movie.
s3543,Movie,Title_3543,David Fincher,Song Kang,South Korea,R,2022,"January 22, 2022",81 min,Documentaries,This is a placeholder description for the show or movie.
s3544,Movie,Title_3544,David Fincher,Henry Cavill,Canada,PG-13,2016,"December 19, 2018",141 min,Comedies,This is a placeholder description for the show or movie.
s3545,TV Show,Title_3545,Greta Gerwig,"Millie Bobby Brown, Leonardo DiCaprio",India,TV-14,2011,"October 1, 2019",1 Seasons,Crime TV Shows,This is a placeholder description for the show or movie.
s3546,Movie,Title_3546,nan,"Leonardo DiCaprio, Millie Bobby Brown, Zendaya",India,PG-13,2016,"December 20, 2016",90 min,Action & Adventure,This is a placeholder description for the show or movie.
s3547,Movie,Title_3547,Mike Flanagan,"Song Kang, Leonardo DiCaprio, Millie Bobby Brown",France,PG-13,2021,"December 20, 2021",90 min,Dramas,This is a placeholder description for the show or movie.
s3548,Movie,Title_3548,David Fincher,"Song Kang, Shah Rukh Khan, Henry Cavill",United Kingdom,TV-MA,2021,"December 20, 2021",98 min,Comedies,This is a placeholder description for the show or movie.
s3549,Movie,Title_3549,Martin Scorsese,Song Kang,South Korea,PG-13,2008,"July 26, 2021",110 min,Dramas,This is a placeholder description for the show or movie.
s3550,Movie,Title_3550,Greta Gerwig,Leonardo DiCaprio,Canada,TV-PG,2014,"July 10, 2017",100 min,Documentaries,This is a placeholder description for the show or movie.
s3551,TV Show,Title_3551,Bong Joon Ho,"Zendaya, Shah Rukh Khan, Song Kang",Canada,TV-PG,2011,"December 22, 2019",4 Seasons,International TV Shows,This is a placeholder description for the show or movie.
s3552,Movie,Title_3552,Mike Flanagan,"Millie Bobby Brown, Henry Cavill, Shah Rukh Khan",Canada,R,2023,"January 15, 2023",126 min,Thrillers,This is a placeholder description for the show or movie.
s3553,Movie,Title_3553,Martin Scorsese,"Zendaya, Henry Cavill, Song Kang",India,TV-14,2012,"December 17, 2021",94 min,Documentaries,This is a placeholder description for the show or movie.
s3554,Movie,Title_3554,David Fincher,"Millie Bobby Brown, Song Kang",India,TV-14,2018,"October 10, 2018",91 min,Documentaries,This is a placeholder description for the show or movie.
s3555,Movie,Title_3555,Bong Joon Ho,"Leonardo DiCaprio, Shah Rukh Khan, Zendaya",India,TV-MA,2021,"December 25, 2023",90 min,Thrillers,This is a placeholder description for the show or movie.
s3556,Movie,Title_3556,Mike Flanagan,"Shah Rukh Khan, Millie Bobby Brown",United States,TV-14,2004,"October 4, 2016",108 min,Comedies,This is a placeholder description for the show or movie.
s3557,Movie,Title_3557,Greta Gerwig,"Zendaya, Song Kang, Leonardo DiCaprio",United States,R,2003,"July 14, 2019",106 min,Comedies,This is a placeholder description for the show or movie.
s3558,Movie,Title_3558,Bong Joon Ho,Millie Bobby Brown,United States,TV-PG,2022,"January 5, 2022",112 min,Action & Adventure,This is a placeholder description for the show or movie.
s3559,Movie,Title_3559,nan,"Song Kang, Henry Cavill, Shah Rukh Khan",Japan,TV-MA,2023,"October 3, 2023",84 min,Documentaries,This is a placeholder description for the show or movie.
s3560,Movie,Title_3560,Bong Joon Ho,"Zendaya, Song Kang, Millie Bobby Brown",United States,TV-PG,2023,"January 16, 2023",85 min,Thrillers,This is a placeholder description for the show or movie.
s3561,Movie,Title_3561,Martin Scorsese,"Zendaya, Millie Bobby Brown",United States,R,2015,"January 20, 2020",97 min,Action & Adventure,This is a placeholder description for the show or movie.
s3562,TV Show,Title_3562,Mike Flanagan,"Shah Rukh Khan, Song Kang, Zendaya",United States,TV-MA,2013,"January 27, 2019",2 Seasons,International TV Shows,This is a placeholder description for the show or movie.
s3563,Movie,Title_3563,Martin Scorsese,"Leonardo DiCaprio, Zendaya, Henry Cavill",United Kingdom,PG-13,2018,"December 5, 2019",136 min,Comedies,This is a placeholder description for the show or movie.
s3564,Movie,Title_3564,Martin Scorsese,Leonardo DiCaprio,United States,TV-14,2023,"July 7, 2023",90 min,Comedies,This is a placeholder description for the show or movie.
s3565,Movie,Title_3565,David Fincher,Zendaya,India,R,2013,"October 8, 2017",96 min,Thrillers,This is a placeholder description for the show or movie.
s3566,TV Show,Title_3566,Greta Gerwig,Leonardo DiCaprio,United States,TV-MA,2021,"January 8, 2021",5 Seasons,TV Comedies,This is a placeholder description for the show or movie.
s3567,Movie,Title_3567,Bong Joon Ho,Leonardo DiCaprio,South Korea,TV-PG,2016,"October 24, 2023",86 min,Documentaries,This is a placeholder description for the show or movie.
s3568,TV Show,Title_3568,Mike Flanagan,Zendaya,France,TV-MA,2019,"October 14, 2019",2 Seasons,TV Dramas,This is a placeholder description for the show or movie.
s3569,TV Show,Title_3569,nan,Henry Cavill,France,PG-13,2017,"December 1, 2017",5 Seasons,Crime TV Shows,This is a placeholder description for the show or movie.
s3570,TV Show,Title_3570,Greta Gerwig,"Zendaya, Shah Rukh Khan",India,R,2013,"January 7, 2019",2 Seasons,Docuseries,This is a placeholder description for the show or movie.
s3571,Movie,Title_3571,Greta Gerwig,"Shah Rukh Khan, Leonardo DiCaprio",United Kingdom,TV-MA,2019,"December 11, 2022",113 min,Action & Adventure,This is a placeholder description for the show or movie.
s3572,Movie,Title_3572,Mike Flanagan,Shah Rukh Khan,India,R,2018,"October 27, 2023",104 min,Documentaries,This is a placeholder description for the show or movie.
s3573,TV Show,Title_3573,Greta Gerwig,"Zendaya, Leonardo DiCaprio",United States,R,2023,"January 18, 2023",2 Seasons,TV Comedies,This is a placeholder description for the show or movie.
s3574,TV Show,Title_3574,David Fincher,Millie Bobby Brown,India,TV-PG,2023,"December 9, 2023",3 Seasons,TV Comedies,This is a placeholder description for the show or movie.
s3575,TV Show,Title_3575,Greta Gerwig,"Zendaya, Song Kang, Henry Cavill",United States,TV-14,2012,"January 23, 2021",4 Seasons,TV Comedies,This is a placeholder description for the show or movie.
s3576,Movie,Title_3576,David Fincher,"Song Kang, Millie Bobby Brown, Henry Cavill",South Korea,PG-13,2011,"January 15, 2019",107 min,Documentaries,This is a placeholder description for the show or movie.
s3577,Movie,Title_3577,Bong Joon Ho,"Leonardo DiCaprio, Shah Rukh Khan, Henry Cavill",United States,TV-MA,2021,"January 24, 2023",87 min,Thrillers,This is a placeholder description for the show or movie.
s3578,Movie,Title_3578,Bong Joon Ho,Zendaya,India,TV-14,2016,"December 19, 2018",146 min,Thrillers,This is a placeholder description for the show or movie.
s3579,TV Show,Title_3579,Martin Scorsese,"Song Kang, Henry Cavill, Millie Bobby Brown",India,TV-PG,2019,"October 3, 2019",3 Seasons,TV Dramas,This is a placeholder description for the show or movie.
s3580,Movie,Title_3580,David Fincher,"Leonardo DiCaprio, Zendaya, Shah Rukh Khan",India,TV-14,2017,"January 18, 2019",107 min,Comedies,This is a placeholder description for the show or movie.
s3581,Movie,Title_3581,nan,"Shah Rukh Khan, Leonardo DiCaprio, Millie Bobby Brown",South Korea,R,2017,"July 25, 2020",123 min,Thrillers,This is a placeholder description for the show or movie.
s3582,TV Show,Title_3582,Bong Joon Ho,"Leonardo DiCaprio, Shah Rukh Khan",United Kingdom,R,2013,"October 10, 2017",3 Seasons,TV Dramas,This is a placeholder description for the show or movie.
s3583,Movie,Title_3583,Greta Gerwig,Zendaya,United Kingdom,PG-13,2014,"October 7, 2015",132 min,Dramas,This is a placeholder description for the show or movie.
s3584,TV Show,Title_3584,Mike Flanagan,"Millie Bobby Brown, Song Kang, Leonardo DiCaprio",India,TV-MA,2019,"December 2, 2022",1 Seasons,International TV Shows,This is a placeholder description for the show or movie.
s3585,Movie,Title_3585,Mike Flanagan,"Leonardo DiCaprio, Henry Cavill",United States,TV-MA,2021,"January 15, 2021",113 min,Dramas,This is a placeholder description for the show or movie.
s3586,Movie,Title_3586,David Fincher,Zendaya,India,TV-PG,2013,"July 5, 2022",106 min,Thrillers,This is a placeholder description for the show or movie.
s3587,Movie,Title_3587,nan,Millie Bobby Brown,France,PG-13,2021,"July 18, 2021",88 min,Action & Adventure,This is a placeholder description for the show or movie.
s3588,TV Show,Title_3588,Martin Scorsese,Millie Bobby Brown,France,TV-MA,2023,"December 5, 2023",3 Seasons,International TV Shows,This is a placeholder description for the show or movie.
s3589,Movie,Title_3589,Greta Gerwig,Song Kang,Canada,R,2016,"January 25, 2018",98 min,Thrillers,This is a placeholder description for the show or movie.
s3590,Movie,Title_3590,David Fincher,"Zendaya, Song Kang, Leonardo DiCaprio",United States,PG-13,2010,"October 28, 2021",135 min,Documentaries,This is a placeholder description for the show or movie.
s3591,TV Show,Title_3591,Mike Flanagan,"Leonardo DiCaprio, Shah Rukh Khan, Song Kang",United States,TV-14,2017,"October 5, 2021",5 Seasons,Crime TV Shows,This is a placeholder description for the show or movie.
s3592,Movie,Title_3592,David Fincher,"Millie Bobby Brown, Song Kang",India,PG-13,2023,"October 24, 2023",148 min,Dramas,This is a placeholder description for the show or movie.
s3593,Movie,Title_3593,Greta Gerwig,Zendaya,Japan,PG-13,2006,"December 27, 2021",117 min,Dramas,This is a placeholder description for the show or movie.
s3594,Movie,Title_3594,nan,"Song Kang, Zendaya, Leonardo DiCaprio",Canada,TV-MA,2018,"January 7, 2018",85 min,Dramas,This is a placeholder description for the show or movie.
s3595,Movie,Title_3595,nan,Zendaya,Japan,TV-PG,2019,"December 22, 2022",126 min,Action & Adventure,This is a placeholder description for the show or movie.
s3596,Movie,Title_3596,Bong Joon Ho,Shah Rukh Khan,United Kingdom,TV-PG,2013,"July 12, 2019",93 min,Comedies,This is a placeholder description for the show or movie.
s3597,Movie,Title_3597,Greta Gerwig,"Leonardo DiCaprio, Song Kang, Shah Rukh Khan",United States,TV-MA,2023,"October 12, 2023",86 min,Dramas,This is a placeholder description for the show or movie.
s3598,Movie,Title_3598,Bong Joon Ho,Shah Rukh Khan,United States,TV-MA,2018,"July 12, 2018",117 min,Thrillers,This is a placeholder description for the show or movie.
s3599,Movie,Title_3599,Bong Joon Ho,Millie Bobby Brown,United States,TV-MA,2010,"July 28, 2020",119 min,Comedies,This is a placeholder description for the show or movie.
s3600,TV Show,Title_3600,Bong Joon Ho,Zendaya,India,TV-PG,2023,"October 5, 2023",3 Seasons,TV Dramas,This is a placeholder description for the show or movie.
s3601,Movie,Title_3601,David Fincher,Millie Bobby Brown,United States,TV-MA,2018,"December 13, 2018",123 min,Documentaries,This is a placeholder description for the show or movie.
s3602,Movie,Title_3602,Mike Flanagan,Leonardo DiCaprio,Canada,TV-14,2022,"January 13, 2022",86 min,Dramas,This is a placeholder description for the show or movie.
s3603,Movie,Title_3603,nan,"Zendaya, Song Kang",United Kingdom,TV-14,2020,"December 19, 2020",87 min,Dramas,This is a placeholder description for the show or movie.
s3604,Movie,Title_3604,David Fincher,"Zendaya, Henry Cavill",United States,R,2019,"January 15, 2020",88 min,Comedies,This is a placeholder description for the show or movie.
s3605,Movie,Title_3605,Mike Flanagan,"Henry Cavill, Leonardo DiCaprio, Shah Rukh Khan",United States,TV-14,2016,"October 18, 2021",142 min,Dramas,This is a placeholder description for the show or movie.
s3606,Movie,Title_3606,nan,"Zendaya, Song Kang",United States,PG-13,2018,"December 3, 2019",85 min,Thrillers,This is a placeholder description for the show or movie.
s3607,TV Show,Title_3607,Greta Gerwig,"Song Kang, Henry Cavill",Canada,R,2016,"July 5, 2020",4 Seasons,TV Comedies,This is a placeholder description for the show or movie.
s3608,Movie,Title_3608,nan,Millie Bobby Brown,India,TV-14,2019,"July 17, 2019",114 min,Documentaries,This is a placeholder description for the show or movie.
s3609,TV Show,Title_3609,nan,"Zendaya, Henry Cavill",United States,PG-13,2016,"July 24, 2016",2 Seasons,Crime TV Shows,This is a placeholder description for the show or movie.
s3610,TV Show,Title_3610,nan,Song Kang,Japan,TV-14,2017,"December 16, 2018",4 Seasons,Docuseries,This is a placeholder description for the show or movie.
s3611,Movie,Title_3611,Martin Scorsese,"Song Kang, Millie Bobby Brown",India,PG-13,2021,"December 27, 2022",109 min,Thrillers,This is a placeholder description for the show or movie.
s3612,Movie,Title_3612,Greta Gerwig,Song Kang,India,TV-MA,2013,"July 16, 2019",109 min,Action & Adventure,This is a placeholder description for the show or movie.
s3613,Movie,Title_3613,David Fincher,Millie Bobby Brown,Canada,PG-13,2021,"January 25, 2021",127 min,Thrillers,This is a placeholder description for the show or movie.
s3614,TV Show,Title_3614,David Fincher,"Zendaya, Millie Bobby Brown, Shah Rukh Khan",South Korea,TV-MA,2014,"January 4, 2016",1 Seasons,Docuseries,This is a placeholder description for the show or movie.
s3615,Movie,Title_3615,Mike Flanagan,"Song Kang, Millie Bobby Brown, Leonardo DiCaprio",United Kingdom,PG-13,2022,"July 6, 2022",145 min,Documentaries,This is a placeholder description for the show or movie.
s3616,Movie,Title_3616,David Fincher,Leonardo DiCaprio,India,PG-13,2016,"October 17, 2022",127 min,Action & Adventure,This is a placeholder description for the show or movie.
s3617,Movie,Title_3617,Bong Joon Ho,Zendaya,United States,TV-14,2003,"January 17, 2023",94 min,Documentaries,This is a placeholder description for the show or movie.
s3618,TV Show,Title_3618,nan,Henry Cavill,South Korea,PG-13,2017,"October 21, 2020",4 Seasons,International TV Shows,This is a placeholder description for the show or movie.
s3619,TV Show,Title_3619,David Fincher,"Leonardo DiCaprio, Henry Cavill, Song Kang",India,TV-14,2016,"July 15, 2023",5 Seasons,TV Comedies,This is a placeholder description for the show or movie.
s3620,Movie,Title_3620,Mike Flanagan,Millie Bobby Brown,Canada,PG-13,2012,"July 22, 2023",122 min,Dramas,This is a placeholder description for the show or movie.
s3621,TV Show,Title_3621,Mike Flanagan,"Leonardo DiCaprio, Henry Cavill",Japan,TV-PG,2019,"July 9, 2021",1 Seasons,Docuseries,This is a placeholder description for the show or movie.
s3622,Movie,Title_3622,Bong Joon Ho,"Henry Cavill, Song Kang",France,R,2016,"January 22, 2016",104 min,Dramas,This is a placeholder description for the show or movie.
s3623,Movie,Title_3623,Mike Flanagan,Song Kang,United States,TV-14,2022,"January 5, 2022",134 min,Documentaries,This is a placeholder description for the show or movie.
s3624,TV Show,Title_3624,Martin Scorsese,Song Kang,United States,TV-14,2023,"July 2, 2023",4 Seasons,International TV Shows,This is a placeholder description for the show or movie.
s3625,Movie,Title_3625,nan,"Henry Cavill, Song Kang",United States,TV-MA,2015,"December 17, 2023",130 min,Comedies,This is a placeholder description for the show or movie.
s3626,Movie,Title_3626,nan,"Millie Bobby Brown, Shah Rukh Khan",South Korea,TV-PG,2023,"July 26, 2023",96 min,Dramas,This is a placeholder description for the show or movie.
s3627,Movie,Title_3627,nan,Henry Cavill,United States,TV-MA,2014,"October 15, 2022",94 min,Dramas,This is a placeholder description for the show or movie.
s3628,TV Show,Title_3628,Greta Gerwig,"Leonardo DiCaprio, Zendaya, Millie Bobby Brown",United States,TV-PG,2016,"December 24, 2021",5 Seasons,Crime TV Shows,This is a placeholder description for the show or movie.
s3629,TV Show,Title_3629,David Fincher,Millie Bobby Brown,United States,TV-PG,2016,"October 8, 2023",3 Seasons,Crime TV Shows,This is a placeholder description for the show or movie.
s3630,Movie,Title_3630,Martin Scorsese,"Leonardo DiCaprio, Shah Rukh Khan, Song Kang",United States,PG-13,2014,"October 22, 2021",136 min,Thrillers,This is a placeholder description for the show or movie.
s3631,TV Show,Title_3631,David Fincher,Leonardo DiCaprio,United States,TV-MA,2015,"July 22, 2019",5 Seasons,Crime TV Shows,This is a placeholder description for the show or movie.
s3632,Movie,Title_3632,Martin Scorsese,"Song Kang, Henry Cavill, Millie Bobby Brown",United States,R,2015,"July 3, 2022",118 min,Comedies,This is a placeholder description for the show or movie.
s3633,Movie,Title_3633,David Fincher,"Zendaya, Song Kang, Millie Bobby Brown",United Kingdom,TV-PG,2022,"October 7, 2022",87 min,Dramas,This is a placeholder description for the show or movie.
s3634,Movie,Title_3634,Bong Joon Ho,"Shah Rukh Khan, Millie Bobby Brown, Henry Cavill",United States,TV-PG,2017,"January 19, 2020",110 min,Action & Adventure,This is a placeholder description for the show or movie.
s3635,Movie,Title_3635,Mike Flanagan,Song Kang,United States,TV-14,2022,"July 18, 2022",123 min,Thrillers,This is a placeholder description for the show or movie.
s3636,Movie,Title_3636,Mike Flanagan,Leonardo DiCaprio,South Korea,PG-13,2004,"January 4, 2019",146 min,Thrillers,This is a placeholder description for the show or movie.
s3637,TV Show,Title_3637,Bong Joon Ho,Millie Bobby Brown,South Korea,R,2016,"December 8, 2022",5 Seasons,Crime TV Shows,This is a placeholder description for the show or movie.
s3638,Movie,Title_3638,Martin Scorsese,"Zendaya, Millie Bobby Brown",United States,TV-PG,2017,"December 9, 2022",105 min,Action & Adventure,This is a placeholder description for the show or movie.
s3639,Movie,Title_3639,Greta Gerwig,"Song Kang, Shah Rukh Khan",United States,TV-14,2012,"July 4, 2020",93 min,Dramas,This is a placeholder description for the show or movie.
s3640,Movie,Title_3640,Martin Scorsese,Song Kang,Canada,TV-MA,2022,"October 9, 2022",95 min,Documentaries,This is a placeholder description for the show or movie.
s3641,Movie,Title_3641,Mike Flanagan,Leonardo DiCaprio,United States,TV-PG,2023,"October 17, 2023",132 min,Thrillers,This is a placeholder description for the show or movie.
s3642,TV Show,Title_3642,Greta Gerwig,"Shah Rukh Khan, Zendaya",United States,TV-14,2018,"July 28, 2018",3 Seasons,Crime TV Shows,This is a placeholder description for the show or movie.
s3643,Movie,Title_3643,David Fincher,Zendaya,United States,TV-MA,2017,"July 4, 2020",96 min,Documentaries,This is a placeholder description for the show or movie.
s3644,Movie,Title_3644,Greta Gerwig,Shah Rukh Khan,United States,PG-13,2020,"December 1, 2023",89 min,Action & Adventure,This is a placeholder description for the show or movie.
s3645,TV Show,Title_3645,Martin Scorsese,"Zendaya, Millie Bobby Brown",India,TV-MA,2015,"January 12, 2021",3 Seasons,International TV Shows,This is a placeholder description for the show or movie.
s3646,Movie,Title_3646,Bong Joon Ho,"Henry Cavill, Zendaya, Song Kang",Japan,TV-PG,2011,"January 14, 2018",107 min,Action & Adventure,This is a placeholder description for the show or movie.
s3647,Movie,Title_3647,David Fincher,"Millie Bobby Brown, Leonardo DiCaprio, Henry Cavill",South Korea,R,2019,"October 19, 2022",124 min,Thrillers,This is a placeholder description for the show or movie.
s3648,Movie,Title_3648,Martin Scorsese,"Zendaya, Millie Bobby Brown, Henry Cavill",India,TV-MA,2014,"October 16, 2018",118 min,Comedies,This is a placeholder description for the show or movie.
s3649,Movie,Title_3649,David Fincher,Leonardo DiCaprio,India,R,2023,"July 18, 2023",84 min,Action & Adventure,This is a placeholder description for the show or movie.
s3650,TV Show,Title_3650,Greta Gerwig,"Henry Cavill, Leonardo DiCaprio",United Kingdom,R,2019,"July 13, 2019",5 Seasons,TV Comedies,This is a placeholder description for the show or movie.
s3651,TV Show,Title_3651,Mike Flanagan,"Song Kang, Millie Bobby Brown, Zendaya",India,TV-MA,2023,"December 17, 2023",4 Seasons,Docuseries,This is a placeholder description for the show or movie.
s3652,Movie,Title_3652,Martin Scorsese,Henry Cavill,United States,PG-13,2016,"December 14, 2018",90 min,Documentaries,This is a placeholder description for the show or movie.
s3653,TV Show,Title_3653,Bong Joon Ho,"Millie Bobby Brown, Zendaya",United Kingdom,TV-MA,2019,"January 15, 2021",2 Seasons,TV Dramas,This is a placeholder description for the show or movie.
s3654,Movie,Title_3654,Greta Gerwig,"Shah Rukh Khan, Millie Bobby Brown",Japan,TV-14,2022,"December 21, 2022",101 min,Documentaries,This is a placeholder description for the show or movie.
s3655,Movie,Title_3655,Martin Scorsese,Leonardo DiCaprio,United States,R,2016,"July 12, 2023",87 min,Documentaries,This is a placeholder description for the show or movie.
s3656,Movie,Title_3656,Bong Joon Ho,Song Kang,South Korea,TV-PG,2019,"December 9, 2019",110 min,Comedies,This is a placeholder description for the show or movie.
s3657,Movie,Title_3657,Martin Scorsese,"Shah Rukh Khan, Leonardo DiCaprio, Henry Cavill",India,R,2013,"December 23, 2021",102 min,Comedies,This is a placeholder description for the show or movie.
s3658,Movie,Title_3658,Greta Gerwig,"Shah Rukh Khan, Zendaya, Song Kang",India,TV-PG,2023,"October 27, 2023",112 min,Thrillers,This is a placeholder description for the show or movie.
s3659,Movie,Title_3659,Martin Scorsese,"Zendaya, Song Kang, Shah Rukh Khan",United States,TV-14,2016,"December 12, 2021",130 min,Documentaries,This is a placeholder description for the show or movie.
s3660,TV Show,Title_3660,David Fincher,"Leonardo DiCaprio, Song Kang, Zendaya",United Kingdom,TV-14,2023,"January 9, 2023",4 Seasons,International TV Shows,This is a placeholder description for the show or movie.
s3661,Movie,Title_3661,Greta Gerwig,"Leonardo DiCaprio, Song Kang, Zendaya",South Korea,TV-14,2014,"January 10, 2014",101 min,Documentaries,This is a placeholder description for the show or movie.
s3662,Movie,Title_3662,Martin Scorsese,"Song Kang, Shah Rukh Khan",United Kingdom,TV-MA,2019,"October 7, 2022",112 min,Action & Adventure,This is a placeholder description for the show or movie.
s3663,Movie,Title_3663,Mike Flanagan,"Shah Rukh Khan, Zendaya",United States,R,2012,"October 15, 2019",89 min,Documentaries,This is a placeholder description for the show or movie.
s3664,Movie,Title_3664,Martin Scorsese,"Leonardo DiCaprio, Zendaya, Millie Bobby Brown",United States,TV-PG,2016,"January 5, 2020",85 min,Action & Adventure,This is a placeholder description for the show or movie.
s3665,Movie,Title_3665,David Fincher,"Leonardo DiCaprio, Zendaya",India,TV-14,2015,"January 20, 2023",133 min,Comedies,This is a placeholder description for the show or movie.
s3666,Movie,Title_3666,Bong Joon Ho,"Zendaya, Henry Cavill",India,TV-14,2018,"July 10, 2018",87 min,Comedies,This is a placeholder description for the show or movie.
s3667,TV Show,Title_3667,Bong Joon Ho,Millie Bobby Brown,India,TV-PG,2022,"December 6, 2022",4 Seasons,Crime TV Shows,This is a placeholder description for the show or movie.
s3668,Movie,Title_3668,Bong Joon Ho,"Shah Rukh Khan, Henry Cavill, Zendaya",France,R,2023,"October 17, 2023",106 min,Comedies,This is a placeholder description for the show or movie.
s3669,Movie,Title_3669,Mike Flanagan,Song Kang,Canada,R,2023,"December 25, 2023",87 min,Thrillers,This is a placeholder description for the show or movie.
s3670,Movie,Title_3670,David Fincher,"Zendaya, Leonardo DiCaprio",India,TV-PG,2015,"July 15, 2020",91 min,Documentaries,This is a placeholder description for the show or movie.
s3671,Movie,Title_3671,Greta Gerwig,"Henry Cavill, Leonardo DiCaprio",United States,PG-13,2017,"July 22, 2018",116 min,Action & Adventure,This is a placeholder description for the show or movie.
s3672,Movie,Title_3672,Bong Joon Ho,"Shah Rukh Khan, Zendaya",United States,R,2015,"December 21, 2018",105 min,Documentaries,This is a placeholder description for the show or movie.
s3673,TV Show,Title_3673,David Fincher,Henry Cavill,United Kingdom,TV-PG,2012,"January 14, 2022",2 Seasons,TV Comedies,This is a placeholder description for the show or movie.
s3674,Movie,Title_3674,Martin Scorsese,Leonardo DiCaprio,South Korea,TV-PG,2017,"October 15, 2019",83 min,Dramas,This is a placeholder description for the show or movie.
s3675,Movie,Title_3675,Mike Flanagan,"Millie Bobby Brown, Henry Cavill",Canada,TV-14,2012,"January 22, 2016",131 min,Comedies,This is a placeholder description for the show or movie.
s3676,Movie,Title_3676,David Fincher,"Zendaya, Leonardo DiCaprio, Henry Cavill",India,TV-PG,2023,"October 16, 2023",99 min,Comedies,This is a placeholder description for the show or movie.
s3677,Movie,Title_3677,David Fincher,"Zendaya, Song Kang, Henry Cavill",United States,TV-MA,2021,"December 25, 2021",150 min,Thrillers,This is a placeholder description for the show or movie.
s3678,Movie,Title_3678,Greta Gerwig,"Henry Cavill, Song Kang",France,TV-14,2004,"December 17, 2023",111 min,Dramas,This is a placeholder description for the show or movie.
s3679,TV Show,Title_3679,David Fincher,"Song Kang, Shah Rukh Khan",France,TV-14,2021,"January 8, 2021",3 Seasons,Docuseries,This is a placeholder description for the show or movie.
s3680,Movie,Title_3680,Greta Gerwig,"Zendaya, Millie Bobby Brown, Shah Rukh Khan",India,R,2017,"January 15, 2017",133 min,Comedies,This is a placeholder description for the show or movie.
s3681,TV Show,Title_3681,Mike Flanagan,"Shah Rukh Khan, Henry Cavill, Millie Bobby Brown",United States,PG-13,2023,"January 18, 2023",1 Seasons,International TV Shows,This is a placeholder description for the show or movie.
s3682,Movie,Title_3682,Mike Flanagan,"Leonardo DiCaprio, Song Kang, Henry Cavill",India,R,2015,"July 4, 2017",105 min,Thrillers,This is a placeholder description for the show or movie.
s3683,TV Show,Title_3683,Martin Scorsese,Zendaya,Japan,TV-MA,2018,"January 28, 2023",3 Seasons,Docuseries,This is a placeholder description for the show or movie.
s3684,Movie,Title_3684,Greta Gerwig,"Zendaya, Song Kang, Leonardo DiCaprio",United Kingdom,TV-14,2023,"October 15, 2023",110 min,Action & Adventure,This is a placeholder description for the show or movie.
s3685,TV Show,Title_3685,Greta Gerwig,Leonardo DiCaprio,Canada,TV-14,2019,"July 28, 2020",4 Seasons,TV Dramas,This is a placeholder description for the show or movie.
s3686,Movie,Title_3686,Bong Joon Ho,"Leonardo DiCaprio, Song Kang",United States,TV-PG,2013,"January 22, 2023",122 min,Dramas,This is a placeholder description for the show or movie.
s3687,TV Show,Title_3687,Bong Joon Ho,"Millie Bobby Brown, Zendaya, Song Kang",United States,PG-13,2023,"December 11, 2023",4 Seasons,International TV Shows,This is a placeholder description for the show or movie.
s3688,Movie,Title_3688,Martin Scorsese,Henry Cavill,United States,PG-13,2023,"October 21, 2023",105 min,Comedies,This is a placeholder description for the show or movie.
s3689,Movie,Title_3689,Mike Flanagan,"Leonardo DiCaprio, Henry Cavill, Zendaya",France,TV-PG,2018,"October 14, 2020",116 min,Dramas,This is a placeholder description for the show or movie.
s3690,Movie,Title_3690,nan,"Henry Cavill, Song Kang, Leonardo DiCaprio",India,TV-MA,2023,"October 22, 2023",89 min,Comedies,This is a placeholder description for the show or movie.
s3691,TV Show,Title_3691,Bong Joon Ho,"Shah Rukh Khan, Song Kang",South Korea,PG-13,2023,"July 24, 2023",4 Seasons,International TV Shows,This is a placeholder description for the show or movie.
s3692,Movie,Title_3692,David Fincher,"Henry Cavill, Shah Rukh Khan",United States,TV-14,2023,"January 1, 2023",133 min,Action & Adventure,This is a placeholder description for the show or movie.
s3693,TV Show,Title_3693,Mike Flanagan,"Song Kang, Leonardo DiCaprio",France,TV-MA,2019,"January 27, 2019",4 Seasons,Crime TV Shows,This is a placeholder description for the show or movie.
s3694,Movie,Title_3694,nan,Leonardo DiCaprio,South Korea,R,2015,"October 23, 2019",111 min,Action & Adventure,This is a placeholder description for the show or movie.
s3695,Movie,Title_3695,David Fincher,"Leonardo DiCaprio, Henry Cavill",United States,R,2023,"January 27, 2023",120 min,Action & Adventure,This is a placeholder description for the show or movie.
s3696,Movie,Title_3696,Greta Gerwig,Leonardo DiCaprio,Japan,TV-MA,2011,"October 19, 2017",139 min,Comedies,This is a placeholder description for the show or movie.
s3697,TV Show,Title_3697,Mike Flanagan,Henry Cavill,United States,TV-14,2012,"October 17, 2023",4 Seasons,TV Comedies,This is a placeholder description for the show or movie.
s3698,TV Show,Title_3698,Martin Scorsese,Millie Bobby Brown,United States,R,2023,"October 22, 2023",3 Seasons,Crime TV Shows,This is a placeholder description for the show or movie.
s3699,TV Show,Title_3699,Greta Gerwig,"Leonardo DiCaprio, Zendaya, Shah Rukh Khan",United States,TV-14,2014,"October 5, 2023",5 Seasons,TV Dramas,This is a placeholder description for the show or movie.
s3700,Movie,Title_3700,Greta Gerwig,"Henry Cavill, Millie Bobby Brown",France,TV-PG,2010,"July 1, 2023",141 min,Documentaries,This is a placeholder description for the show or movie.
s3701,Movie,Title_3701,David Fincher,"Leonardo DiCaprio, Henry Cavill",France,PG-13,2014,"January 28, 2019",100 min,Thrillers,This is a placeholder description for the show or movie.
s3702,TV Show,Title_3702,Greta Gerwig,"Millie Bobby Brown, Henry Cavill, Zendaya",United States,TV-MA,2015,"December 14, 2016",3 Seasons,TV Dramas,This is a placeholder description for the show or movie.
s3703,Movie,Title_3703,Bong Joon Ho,"Shah Rukh Khan, Millie Bobby Brown, Leonardo DiCaprio",Canada,PG-13,2023,"December 5, 2023",92 min,Comedies,This is a placeholder description for the show or movie.
s3704,TV Show,Title_3704,Mike Flanagan,Henry Cavill,United Kingdom,TV-PG,2023,"December 16, 2023",5 Seasons,TV Comedies,This is a placeholder description for the show or movie.
s3705,TV Show,Title_3705,Bong Joon Ho,"Leonardo DiCaprio, Shah Rukh Khan, Zendaya",South Korea,R,2018,"October 11, 2021",4 Seasons,Docuseries,This is a placeholder description for the show or movie.
s3706,TV Show,Title_3706,David Fincher,"Henry Cavill, Zendaya",United States,TV-14,2019,"December 27, 2019",5 Seasons,International TV Shows,This is a placeholder description for the show or movie.
s3707,TV Show,Title_3707,nan,"Henry Cavill, Zendaya, Shah Rukh Khan",India,TV-14,2023,"July 16, 2023",1 Seasons,Crime TV Shows,This is a placeholder description for the show or movie.
s3708,Movie,Title_3708,David Fincher,Millie Bobby Brown,United Kingdom,TV-PG,2013,"January 22, 2014",94 min,Thrillers,This is a placeholder description for the show or movie.
s3709,Movie,Title_3709,Mike Flanagan,"Shah Rukh Khan, Song Kang",United States,TV-MA,2021,"December 11, 2023",100 min,Dramas,This is a placeholder description for the show or movie.
s3710,TV Show,Title_3710,Greta Gerwig,"Shah Rukh Khan, Song Kang, Zendaya",United States,PG-13,2012,"October 11, 2020",3 Seasons,TV Dramas,This is a placeholder description for the show or movie.
s3711,Movie,Title_3711,Martin Scorsese,"Millie Bobby Brown, Song Kang, Leonardo DiCaprio",United Kingdom,R,2023,"December 28, 2023",108 min,Dramas,This is a placeholder description for the show or movie.
s3712,TV Show,Title_3712,David Fincher,"Millie Bobby Brown, Henry Cavill, Zendaya",United States,TV-MA,2015,"October 20, 2017",2 Seasons,International TV Shows,This is a placeholder description for the show or movie.
s3713,TV Show,Title_3713,Mike Flanagan,Henry Cavill,France,TV-PG,2022,"July 17, 2023",3 Seasons,Docuseries,This is a placeholder description for the show or movie.
s3714,Movie,Title_3714,Martin Scorsese,Millie Bobby Brown,United States,TV-PG,2018,"December 22, 2018",133 min,Documentaries,This is a placeholder description for the show or movie.
s3715,TV Show,Title_3715,Greta Gerwig,"Zendaya, Song Kang, Henry Cavill",France,TV-14,2015,"October 12, 2018",3 Seasons,Docuseries,This is a placeholder description for the show or movie.
s3716,Movie,Title_3716,nan,Millie Bobby Brown,United States,R,2013,"October 10, 2019",149 min,Documentaries,This is a placeholder description for the show or movie.
s3717,Movie,Title_3717,David Fincher,Shah Rukh Khan,United States,TV-MA,2020,"October 15, 2021",97 min,Dramas,This is a placeholder description for the show or movie.
s3718,Movie,Title_3718,nan,"Henry Cavill, Millie Bobby Brown",United States,TV-14,2017,"December 3, 2020",131 min,Thrillers,This is a placeholder description for the show or movie.
s3719,Movie,Title_3719,Mike Flanagan,Shah Rukh Khan,South Korea,R,2017,"January 1, 2017",140 min,Thrillers,This is a placeholder description for the show or movie.
s3720,Movie,Title_3720,nan,Henry Cavill,South Korea,PG-13,2018,"July 3, 2018",119 min,Thrillers,This is a placeholder description for the show or movie.
s3721,Movie,Title_3721,nan,"Song Kang, Shah Rukh Khan",United States,PG-13,2011,"January 21, 2021",108 min,Dramas,This is a placeholder description for the show or movie.
s3722,TV Show,Title_3722,Mike Flanagan,"Henry Cavill, Song Kang, Millie Bobby Brown",United States,TV-14,2014,"December 5, 2020",1 Seasons,International TV Shows,This is a placeholder description for the show or movie.
s3723,TV Show,Title_3723,Mike Flanagan,Henry Cavill,United Kingdom,TV-MA,2022,"December 15, 2022",2 Seasons,Docuseries,This is a placeholder description for the show or movie.
s3724,Movie,Title_3724,David Fincher,Song Kang,India,R,2018,"July 10, 2018",86 min,Action & Adventure,This is a placeholder description for the show or movie.
s3725,Movie,Title_3725,nan,"Leonardo DiCaprio, Millie Bobby Brown",South Korea,PG-13,2023,"July 1, 2023",144 min,Documentaries,This is a placeholder description for the show or movie.
s3726,TV Show,Title_3726,Martin Scorsese,"Shah Rukh Khan, Millie Bobby Brown",United States,PG-13,2015,"January 9, 2023",5 Seasons,TV Comedies,This is a placeholder description for the show or movie.
s3727,Movie,Title_3727,Mike Flanagan,Henry Cavill,United Kingdom,TV-MA,2016,"December 5, 2016",139 min,Thrillers,This is a placeholder description for the show or movie.
s3728,Movie,Title_3728,Greta Gerwig,Leonardo DiCaprio,Canada,TV-14,2021,"July 5, 2022",130 min,Documentaries,This is a placeholder description for the show or movie.
s3729,Movie,Title_3729,nan,Shah Rukh Khan,France,TV-PG,2014,"July 7, 2018",128 min,Thrillers,This is a placeholder description for the show or movie.
s3730,Movie,Title_3730,Mike Flanagan,"Millie Bobby Brown, Zendaya, Leonardo DiCaprio",United Kingdom,R,2015,"October 26, 2019",136 min,Action & Adventure,This is a placeholder description for the show or movie.
s3731,Movie,Title_3731,Martin Scorsese,Song Kang,United States,PG-13,2008,"October 7, 2019",123 min,Action & Adventure,This is a placeholder description for the show or movie.
s3732,TV Show,Title_3732,David Fincher,"Shah Rukh Khan, Zendaya",United States,TV-PG,2023,"December 17, 2023",1 Seasons,International TV Shows,This is a placeholder description for the show or movie.
s3733,Movie,Title_3733,nan,"Henry Cavill, Shah Rukh Khan, Leonardo DiCaprio",United Kingdom,TV-MA,2015,"December 22, 2016",115 min,Comedies,This is a placeholder description for the show or movie.
s3734,Movie,Title_3734,Mike Flanagan,"Leonardo DiCaprio, Song Kang, Shah Rukh Khan",India,TV-14,2021,"January 10, 2023",141 min,Dramas,This is a placeholder description for the show or movie.
s3735,Movie,Title_3735,Mike Flanagan,"Shah Rukh Khan, Millie Bobby Brown",Japan,R,2023,"December 14, 2023",109 min,Action & Adventure,This is a placeholder description for the show or movie.
s3736,Movie,Title_3736,Greta Gerwig,Millie Bobby Brown,Canada,TV-MA,2020,"October 10, 2023",117 min,Comedies,This is a placeholder description for the show or movie.
s3737,TV Show,Title_3737,Greta Gerwig,Millie Bobby Brown,India,TV-14,2020,"January 21, 2021",2 Seasons,Crime TV Shows,This is a placeholder description for the show or movie.
s3738,TV Show,Title_3738,nan,Shah Rukh Khan,India,TV-MA,2015,"July 14, 2020",5 Seasons,TV Dramas,This is a placeholder description for the show or movie.
s3739,TV Show,Title_3739,Mike Flanagan,"Leonardo DiCaprio, Zendaya",India,PG-13,2023,"July 27, 2023",2 Seasons,Crime TV Shows,This is a placeholder description for the show or movie.
s3740,Movie,Title_3740,nan,"Leonardo DiCaprio, Shah Rukh Khan",United States,PG-13,2011,"October 28, 2018",146 min,Comedies,This is a placeholder description for the show or movie.
s3741,TV Show,Title_3741,Mike Flanagan,"Song Kang, Zendaya, Henry Cavill",United States,TV-PG,2023,"January 12, 2023",4 Seasons,Crime TV Shows,This is a placeholder description for the show or movie.
s3742,TV Show,Title_3742,Greta Gerwig,"Shah Rukh Khan, Henry Cavill",India,TV-MA,2018,"January 5, 2018",2 Seasons,Crime TV Shows,This is a placeholder description for the show or movie.
s3743,TV Show,Title_3743,Martin Scorsese,"Zendaya, Song Kang, Leonardo DiCaprio",United States,PG-13,2023,"October 5, 2023",4 Seasons,Crime TV Shows,This is a placeholder description for the show or movie.
s3744,Movie,Title_3744,Bong Joon Ho,Leonardo DiCaprio,United States,TV-14,2023,"July 12, 2023",80 min,Comedies,This is a placeholder description for the show or movie.
s3745,Movie,Title_3745,Bong Joon Ho,"Song Kang, Zendaya, Henry Cavill",United States,TV-PG,2016,"January 17, 2018",126 min,Thrillers,This is a placeholder description for the show or movie.
s3746,Movie,Title_3746,Mike Flanagan,Zendaya,United States,R,2017,"October 10, 2020",99 min,Action & Adventure,This is a placeholder description for the show or movie.
s3747,TV Show,Title_3747,Greta Gerwig,Shah Rukh Khan,United States,TV-MA,2023,"October 19, 2023",4 Seasons,TV Comedies,This is a placeholder description for the show or movie.
s3748,Movie,Title_3748,David Fincher,"Song Kang, Zendaya, Millie Bobby Brown",United Kingdom,PG-13,2020,"January 24, 2020",89 min,Documentaries,This is a placeholder description for the show or movie.
s3749,Movie,Title_3749,David Fincher,"Song Kang, Henry Cavill",India,TV-14,2009,"January 14, 2020",115 min,Dramas,This is a placeholder description for the show or movie.
s3750,TV Show,Title_3750,Bong Joon Ho,"Henry Cavill, Song Kang, Millie Bobby Brown",India,TV-MA,2022,"October 8, 2022",1 Seasons,TV Comedies,This is a placeholder description for the show or movie.
s3751,TV Show,Title_3751,Martin Scorsese,"Song Kang, Leonardo DiCaprio, Millie Bobby Brown",United Kingdom,TV-14,2023,"December 12, 2023",2 Seasons,TV Dramas,This is a placeholder description for the show or movie.
s3752,TV Show,Title_3752,Bong Joon Ho,"Shah Rukh Khan, Song Kang",France,TV-PG,2011,"January 3, 2018",4 Seasons,TV Dramas,This is a placeholder description for the show or movie.
s3753,Movie,Title_3753,Mike Flanagan,"Zendaya, Millie Bobby Brown, Song Kang",United States,PG-13,2014,"January 21, 2021",115 min,Dramas,This is a placeholder description for the show or movie.
s3754,TV Show,Title_3754,Martin Scorsese,Zendaya,India,PG-13,2015,"July 25, 2015",2 Seasons,International TV Shows,This is a placeholder description for the show or movie.
s3755,Movie,Title_3755,David Fincher,"Henry Cavill, Zendaya, Shah Rukh Khan",United States,TV-PG,2022,"December 28, 2022",149 min,Documentaries,This is a placeholder description for the show or movie.
s3756,Movie,Title_3756,Greta Gerwig,"Zendaya, Millie Bobby Brown",India,TV-14,2012,"December 15, 2015",118 min,Dramas,This is a placeholder description for the show or movie.
s3757,Movie,Title_3757,Greta Gerwig,"Leonardo DiCaprio, Millie Bobby Brown, Song Kang",France,TV-MA,2019,"July 3, 2020",80 min,Action & Adventure,This is a placeholder description for the show or movie.
s3758,Movie,Title_3758,Mike Flanagan,"Song Kang, Shah Rukh Khan",Canada,TV-14,2023,"December 11, 2023",107 min,Comedies,This is a placeholder description for the show or movie.
s3759,Movie,Title_3759,Bong Joon Ho,"Henry Cavill, Zendaya, Leonardo DiCaprio",United Kingdom,TV-MA,2023,"October 8, 2023",139 min,Dramas,This is a placeholder description for the show or movie.
s3760,TV Show,Title_3760,Mike Flanagan,"Shah Rukh Khan, Zendaya, Henry Cavill",India,TV-PG,2013,"January 14, 2020",4 Seasons,Docuseries,This is a placeholder description for the show or movie.
s3761,Movie,Title_3761,Greta Gerwig,"Millie Bobby Brown, Leonardo DiCaprio",United Kingdom,R,2020,"December 26, 2022",123 min,Thrillers,This is a placeholder description for the show or movie.
s3762,TV Show,Title_3762,David Fincher,Millie Bobby Brown,United States,TV-MA,2015,"January 27, 2021",4 Seasons,Crime TV Shows,This is a placeholder description for the show or movie.
s3763,Movie,Title_3763,Greta Gerwig,"Shah Rukh Khan, Leonardo DiCaprio, Song Kang",India,PG-13,2013,"July 22, 2016",84 min,Documentaries,This is a placeholder description for the show or movie.
s3764,Movie,Title_3764,Martin Scorsese,"Song Kang, Millie Bobby Brown, Shah Rukh Khan",India,PG-13,2012,"October 7, 2020",134 min,Dramas,This is a placeholder description for the show or movie.
s3765,Movie,Title_3765,nan,"Leonardo DiCaprio, Millie Bobby Brown",United States,PG-13,2012,"January 25, 2018",86 min,Documentaries,This is a placeholder description for the show or movie.
s3766,Movie,Title_3766,Greta Gerwig,"Leonardo DiCaprio, Henry Cavill",United States,TV-14,2022,"October 5, 2022",84 min,Dramas,This is a placeholder description for the show or movie.
s3767,Movie,Title_3767,Greta Gerwig,Leonardo DiCaprio,South Korea,TV-14,2015,"January 25, 2020",105 min,Comedies,This is a placeholder description for the show or movie.
s3768,Movie,Title_3768,nan,"Millie Bobby Brown, Leonardo DiCaprio",United States,TV-14,2019,"July 12, 2019",114 min,Action & Adventure,This is a placeholder description for the show or movie.
s3769,Movie,Title_3769,Martin Scorsese,"Song Kang, Leonardo DiCaprio",United States,PG-13,2021,"January 12, 2021",143 min,Action & Adventure,This is a placeholder description for the show or movie.
s3770,Movie,Title_3770,Bong Joon Ho,"Leonardo DiCaprio, Millie Bobby Brown, Shah Rukh Khan",India,TV-MA,2023,"October 6, 2023",84 min,Dramas,This is a placeholder description for the show or movie.
s3771,Movie,Title_3771,Greta Gerwig,"Song Kang, Shah Rukh Khan",United States,PG-13,2015,"December 1, 2017",146 min,Thrillers,This is a placeholder description for the show or movie.
s3772,TV Show,Title_3772,Mike Flanagan,Henry Cavill,Canada,TV-MA,2019,"January 16, 2019",5 Seasons,TV Comedies,This is a placeholder description for the show or movie.
s3773,Movie,Title_3773,Greta Gerwig,Song Kang,United Kingdom,TV-14,2015,"July 11, 2018",114 min,Action & Adventure,This is a placeholder description for the show or movie.
s3774,TV Show,Title_3774,Mike Flanagan,"Shah Rukh Khan, Henry Cavill",South Korea,R,2014,"December 12, 2020",1 Seasons,Docuseries,This is a placeholder description for the show or movie.
s3775,TV Show,Title_3775,Martin Scorsese,"Henry Cavill, Song Kang",United States,TV-14,2010,"January 21, 2020",2 Seasons,TV Dramas,This is a placeholder description for the show or movie.
s3776,TV Show,Title_3776,Greta Gerwig,Zendaya,Canada,TV-PG,2021,"January 24, 2021",3 Seasons,TV Comedies,This is a placeholder description for the show or movie.
s3777,TV Show,Title_3777,Martin Scorsese,"Song Kang, Zendaya",Japan,TV-MA,2023,"October 1, 2023",1 Seasons,TV Dramas,This is a placeholder description for the show or movie.
s3778,Movie,Title_3778,Martin Scorsese,Millie Bobby Brown,United States,R,2010,"January 12, 2019",150 min,Dramas,This is a placeholder description for the show or movie.
s3779,TV Show,Title_3779,Bong Joon Ho,"Henry Cavill, Leonardo DiCaprio",United States,TV-14,2018,"July 6, 2021",2 Seasons,Docuseries,This is a placeholder description for the show or movie.
s3780,TV Show,Title_3780,Greta Gerwig,"Shah Rukh Khan, Song Kang, Henry Cavill",Japan,R,2016,"October 10, 2016",4 Seasons,Crime TV Shows,This is a placeholder description for the show or movie.
s3781,Movie,Title_3781,Mike Flanagan,"Millie Bobby Brown, Henry Cavill",United States,PG-13,2012,"January 22, 2018",139 min,Comedies,This is a placeholder description for the show or movie.
s3782,Movie,Title_3782,Mike Flanagan,Zendaya,United States,TV-MA,2015,"December 19, 2016",96 min,Thrillers,This is a placeholder description for the show or movie.
s3783,Movie,Title_3783,Greta Gerwig,"Zendaya, Shah Rukh Khan",United States,TV-PG,2014,"January 22, 2021",122 min,Thrillers,This is a placeholder description for the show or movie.
s3784,TV Show,Title_3784,nan,Zendaya,United States,PG-13,2023,"October 25, 2023",1 Seasons,TV Comedies,This is a placeholder description for the show or movie.
s3785,TV Show,Title_3785,Bong Joon Ho,"Shah Rukh Khan, Song Kang, Zendaya",United States,R,2023,"January 22, 2023",3 Seasons,Crime TV Shows,This is a placeholder description for the show or movie.
s3786,Movie,Title_3786,Bong Joon Ho,Millie Bobby Brown,India,TV-14,2022,"July 8, 2022",98 min,Documentaries,This is a placeholder description for the show or movie.
s3787,Movie,Title_3787,Bong Joon Ho,"Zendaya, Millie Bobby Brown, Shah Rukh Khan",United Kingdom,TV-MA,2018,"December 5, 2018",128 min,Documentaries,This is a placeholder description for the show or movie.
s3788,Movie,Title_3788,Mike Flanagan,"Song Kang, Zendaya, Leonardo DiCaprio",United States,TV-PG,2016,"October 23, 2020",99 min,Comedies,This is a placeholder description for the show or movie.
s3789,Movie,Title_3789,Martin Scorsese,Song Kang,South Korea,TV-14,2021,"December 16, 2021",101 min,Documentaries,This is a placeholder description for the show or movie.
s3790,TV Show,Title_3790,nan,"Leonardo DiCaprio, Song Kang",India,TV-PG,2017,"December 25, 2020",5 Seasons,Docuseries,This is a placeholder description for the show or movie.
s3791,Movie,Title_3791,Bong Joon Ho,Zendaya,France,TV-MA,2020,"October 26, 2022",144 min,Documentaries,This is a placeholder description for the show or movie.
s3792,Movie,Title_3792,Mike Flanagan,"Song Kang, Millie Bobby Brown, Henry Cavill",France,R,2010,"July 7, 2016",128 min,Comedies,This is a placeholder description for the show or movie.
s3793,Movie,Title_3793,Mike Flanagan,"Shah Rukh Khan, Millie Bobby Brown",South Korea,TV-PG,2023,"January 16, 2023",139 min,Thrillers,This is a placeholder description for the show or movie.
s3794,TV Show,Title_3794,Martin Scorsese,"Millie Bobby Brown, Song Kang, Zendaya",France,TV-MA,2015,"October 1, 2019",4 Seasons,TV Dramas,This is a placeholder description for the show or movie.
s3795,Movie,Title_3795,Greta Gerwig,"Leonardo DiCaprio, Zendaya, Song Kang",Canada,TV-PG,2016,"July 28, 2021",128 min,Documentaries,This is a placeholder description for the show or movie.
s3796,TV Show,Title_3796,Greta Gerwig,"Shah Rukh Khan, Song Kang, Leonardo DiCaprio",Japan,TV-14,2012,"January 26, 2020",4 Seasons,International TV Shows,This is a placeholder description for the show or movie.
s3797,Movie,Title_3797,Bong Joon Ho,"Song Kang, Leonardo DiCaprio",United States,TV-PG,2019,"January 1, 2021",128 min,Dramas,This is a placeholder description for the show or movie.
s3798,Movie,Title_3798,Bong Joon Ho,"Song Kang, Zendaya, Leonardo DiCaprio",United States,TV-14,2019,"January 10, 2021",91 min,Action & Adventure,This is a placeholder description for the show or movie.
s3799,Movie,Title_3799,nan,Leonardo DiCaprio,South Korea,TV-14,2015,"December 3, 2017",137 min,Dramas,This is a placeholder description for the show or movie.
s3800,Movie,Title_3800,Martin Scorsese,Song Kang,India,TV-MA,2023,"December 7, 2023",114 min,Documentaries,This is a placeholder description for the show or movie.
s3801,Movie,Title_3801,Bong Joon Ho,"Shah Rukh Khan, Millie Bobby Brown",South Korea,PG-13,2017,"October 6, 2022",118 min,Documentaries,This is a placeholder description for the show or movie.
s3802,TV Show,Title_3802,Martin Scorsese,"Song Kang, Zendaya",Japan,TV-PG,2023,"July 16, 2023",2 Seasons,Docuseries,This is a placeholder description for the show or movie.
s3803,TV Show,Title_3803,Mike Flanagan,Shah Rukh Khan,United States,R,2013,"January 24, 2016",3 Seasons,TV Dramas,This is a placeholder description for the show or movie.
s3804,TV Show,Title_3804,Bong Joon Ho,"Henry Cavill, Leonardo DiCaprio, Song Kang",South Korea,TV-14,2023,"December 9, 2023",4 Seasons,Crime TV Shows,This is a placeholder description for the show or movie.
s3805,Movie,Title_3805,Mike Flanagan,"Leonardo DiCaprio, Zendaya",United States,PG-13,2017,"January 16, 2017",126 min,Dramas,This is a placeholder description for the show or movie.
s3806,TV Show,Title_3806,David Fincher,Zendaya,United States,TV-14,2010,"January 26, 2019",2 Seasons,International TV Shows,This is a placeholder description for the show or movie.
s3807,Movie,Title_3807,Martin Scorsese,"Millie Bobby Brown, Zendaya",India,PG-13,2013,"January 22, 2017",81 min,Thrillers,This is a placeholder description for the show or movie.
s3808,Movie,Title_3808,David Fincher,"Henry Cavill, Zendaya",United States,PG-13,2023,"January 8, 2023",84 min,Thrillers,This is a placeholder description for the show or movie.
s3809,Movie,Title_3809,Bong Joon Ho,"Shah Rukh Khan, Henry Cavill, Zendaya",India,R,2022,"January 15, 2022",127 min,Dramas,This is a placeholder description for the show or movie.
s3810,Movie,Title_3810,Mike Flanagan,"Shah Rukh Khan, Song Kang",India,PG-13,2017,"December 21, 2018",120 min,Action & Adventure,This is a placeholder description for the show or movie.
s3811,TV Show,Title_3811,Bong Joon Ho,"Zendaya, Henry Cavill, Song Kang",United States,R,2019,"October 23, 2020",3 Seasons,Crime TV Shows,This is a placeholder description for the show or movie.
s3812,Movie,Title_3812,David Fincher,"Zendaya, Leonardo DiCaprio",South Korea,TV-MA,2015,"January 14, 2020",82 min,Comedies,This is a placeholder description for the show or movie.
s3813,Movie,Title_3813,Bong Joon Ho,Shah Rukh Khan,United Kingdom,TV-14,2014,"July 20, 2019",96 min,Action & Adventure,This is a placeholder description for the show or movie.
s3814,Movie,Title_3814,nan,Henry Cavill,United States,R,2016,"July 26, 2016",125 min,Documentaries,This is a placeholder description for the show or movie.
s3815,Movie,Title_3815,Greta Gerwig,Song Kang,United States,TV-14,2006,"December 27, 2017",134 min,Action & Adventure,This is a placeholder description for the show or movie.
s3816,Movie,Title_3816,David Fincher,"Shah Rukh Khan, Song Kang, Leonardo DiCaprio",Japan,TV-PG,2023,"July 24, 2023",127 min,Action & Adventure,This is a placeholder description for the show or movie.
s3817,Movie,Title_3817,Bong Joon Ho,"Zendaya, Shah Rukh Khan",South Korea,TV-MA,2021,"October 24, 2021",80 min,Dramas,This is a placeholder description for the show or movie.
s3818,TV Show,Title_3818,Mike Flanagan,"Henry Cavill, Shah Rukh Khan",United States,TV-PG,2012,"January 13, 2015",3 Seasons,International TV Shows,This is a placeholder description for the show or movie.
s3819,TV Show,Title_3819,Bong Joon Ho,"Henry Cavill, Zendaya",United States,TV-PG,2016,"January 3, 2023",5 Seasons,Crime TV Shows,This is a placeholder description for the show or movie.
s3820,Movie,Title_3820,Mike Flanagan,Henry Cavill,South Korea,PG-13,2020,"October 23, 2023",106 min,Thrillers,This is a placeholder description for the show or movie.
s3821,Movie,Title_3821,Greta Gerwig,"Zendaya, Leonardo DiCaprio, Song Kang",United Kingdom,PG-13,2016,"July 6, 2023",144 min,Thrillers,This is a placeholder description for the show or movie.
s3822,Movie,Title_3822,Bong Joon Ho,Zendaya,United States,TV-PG,2023,"October 7, 2023",122 min,Comedies,This is a placeholder description for the show or movie.
s3823,TV Show,Title_3823,Greta Gerwig,Shah Rukh Khan,India,PG-13,2015,"July 9, 2016",5 Seasons,TV Comedies,This is a placeholder description for the show or movie.
s3824,Movie,Title_3824,David Fincher,"Zendaya, Leonardo DiCaprio, Henry Cavill",India,TV-14,2016,"January 11, 2020",123 min,Dramas,This is a placeholder description for the show or movie.
s3825,Movie,Title_3825,Mike Flanagan,Henry Cavill,South Korea,PG-13,2023,"October 7, 2023",136 min,Documentaries,This is a placeholder description for the show or movie.
s3826,Movie,Title_3826,nan,"Millie Bobby Brown, Song Kang, Zendaya",United States,TV-PG,2018,"October 1, 2018",111 min,Documentaries,This is a placeholder description for the show or movie.
s3827,Movie,Title_3827,David Fincher,Henry Cavill,India,PG-13,2015,"July 21, 2020",142 min,Documentaries,This is a placeholder description for the show or movie.
s3828,Movie,Title_3828,Mike Flanagan,"Zendaya, Shah Rukh Khan",United States,PG-13,2020,"January 2, 2021",108 min,Action & Adventure,This is a placeholder description for the show or movie.
s3829,TV Show,Title_3829,Greta Gerwig,Song Kang,France,R,2019,"January 24, 2021",1 Seasons,TV Dramas,This is a placeholder description for the show or movie.
s3830,Movie,Title_3830,Martin Scorsese,"Shah Rukh Khan, Henry Cavill, Millie Bobby Brown",South Korea,R,2018,"January 12, 2018",144 min,Thrillers,This is a placeholder description for the show or movie.
s3831,Movie,Title_3831,Bong Joon Ho,"Henry Cavill, Millie Bobby Brown, Song Kang",Canada,TV-PG,2008,"January 11, 2018",129 min,Action & Adventure,This is a placeholder description for the show or movie.
s3832,TV Show,Title_3832,Greta Gerwig,"Zendaya, Millie Bobby Brown",United Kingdom,TV-14,2017,"January 3, 2023",4 Seasons,International TV Shows,This is a placeholder description for the show or movie.
s3833,TV Show,Title_3833,Mike Flanagan,"Shah Rukh Khan, Leonardo DiCaprio, Zendaya",India,TV-MA,2017,"January 19, 2019",2 Seasons,Crime TV Shows,This is a placeholder description for the show or movie.
s3834,Movie,Title_3834,Mike Flanagan,"Leonardo DiCaprio, Shah Rukh Khan, Millie Bobby Brown",France,TV-MA,2019,"January 4, 2019",130 min,Dramas,This is a placeholder description for the show or movie.
s3835,Movie,Title_3835,Mike Flanagan,Song Kang,United States,TV-PG,2022,"October 25, 2023",129 min,Comedies,This is a placeholder description for the show or movie.
s3836,Movie,Title_3836,Mike Flanagan,Zendaya,South Korea,TV-14,2023,"January 13, 2023",89 min,Dramas,This is a placeholder description for the show or movie.
s3837,TV Show,Title_3837,Bong Joon Ho,"Song Kang, Shah Rukh Khan, Zendaya",United States,TV-14,2019,"January 26, 2023",1 Seasons,Crime TV Shows,This is a placeholder description for the show or movie.
s3838,Movie,Title_3838,David Fincher,Shah Rukh Khan,United States,TV-14,2017,"December 3, 2022",145 min,Thrillers,This is a placeholder description for the show or movie.
s3839,TV Show,Title_3839,nan,"Leonardo DiCaprio, Song Kang",India,R,2012,"October 21, 2019",3 Seasons,TV Comedies,This is a placeholder description for the show or movie.
s3840,TV Show,Title_3840,Martin Scorsese,"Millie Bobby Brown, Shah Rukh Khan, Henry Cavill",South Korea,TV-PG,2023,"January 24, 2023",1 Seasons,International TV Shows,This is a placeholder description for the show or movie.
s3841,Movie,Title_3841,Bong Joon Ho,Leonardo DiCaprio,South Korea,TV-MA,2017,"October 23, 2017",121 min,Thrillers,This is a placeholder description for the show or movie.
s3842,Movie,Title_3842,Mike Flanagan,"Zendaya, Song Kang",India,TV-14,2023,"December 25, 2023",130 min,Comedies,This is a placeholder description for the show or movie.
s3843,Movie,Title_3843,Bong Joon Ho,Henry Cavill,India,TV-PG,2018,"January 27, 2021",150 min,Comedies,This is a placeholder description for the show or movie.
s3844,Movie,Title_3844,Greta Gerwig,Millie Bobby Brown,France,TV-MA,2019,"October 13, 2023",85 min,Dramas,This is a placeholder description for the show or movie.
s3845,Movie,Title_3845,nan,"Henry Cavill, Shah Rukh Khan, Zendaya",United States,R,2015,"July 5, 2022",131 min,Comedies,This is a placeholder description for the show or movie.
s3846,TV Show,Title_3846,Mike Flanagan,"Shah Rukh Khan, Song Kang",South Korea,PG-13,2023,"July 10, 2023",3 Seasons,TV Dramas,This is a placeholder description for the show or movie.
s3847,TV Show,Title_3847,Martin Scorsese,"Song Kang, Zendaya, Leonardo DiCaprio",United Kingdom,TV-MA,2006,"December 24, 2018",5 Seasons,Crime TV Shows,This is a placeholder description for the show or movie.
s3848,Movie,Title_3848,Mike Flanagan,Song Kang,United States,TV-MA,2012,"October 8, 2020",140 min,Documentaries,This is a placeholder description for the show or movie.
s3849,TV Show,Title_3849,nan,"Song Kang, Henry Cavill, Millie Bobby Brown",United States,TV-MA,2007,"October 26, 2013",5 Seasons,Crime TV Shows,This is a placeholder description for the show or movie.
s3850,Movie,Title_3850,Martin Scorsese,Shah Rukh Khan,India,PG-13,2023,"January 12, 2023",80 min,Documentaries,This is a placeholder description for the show or movie.
s3851,Movie,Title_3851,nan,Millie Bobby Brown,United States,TV-14,2018,"October 9, 2021",145 min,Comedies,This is a placeholder description for the show or movie.
s3852,Movie,Title_3852,Martin Scorsese,Leonardo DiCaprio,United States,PG-13,2018,"December 6, 2022",96 min,Documentaries,This is a placeholder description for the show or movie.
s3853,Movie,Title_3853,David Fincher,"Millie Bobby Brown, Song Kang",United States,TV-MA,2014,"January 20, 2020",81 min,Dramas,This is a placeholder description for the show or movie.
s3854,TV Show,Title_3854,David Fincher,"Zendaya, Song Kang",United States,R,2019,"October 28, 2019",2 Seasons,Crime TV Shows,This is a placeholder description for the show or movie.
s3855,TV Show,Title_3855,Bong Joon Ho,"Zendaya, Shah Rukh Khan, Song Kang",United Kingdom,TV-MA,2023,"January 1, 2023",2 Seasons,TV Dramas,This is a placeholder description for the show or movie.
s3856,Movie,Title_3856,Bong Joon Ho,"Millie Bobby Brown, Leonardo DiCaprio, Henry Cavill",South Korea,R,2023,"October 1, 2023",124 min,Action & Adventure,This is a placeholder description for the show or movie.
s3857,Movie,Title_3857,Martin Scorsese,"Leonardo DiCaprio, Shah Rukh Khan",United States,TV-PG,2023,"July 26, 2023",109 min,Comedies,This is a placeholder description for the show or movie.
s3858,Movie,Title_3858,Mike Flanagan,"Leonardo DiCaprio, Song Kang",India,R,2012,"July 15, 2017",109 min,Dramas,This is a placeholder description for the show or movie.
s3859,Movie,Title_3859,Greta Gerwig,Millie Bobby Brown,United States,TV-MA,2018,"July 16, 2023",146 min,Action & Adventure,This is a placeholder description for the show or movie.
s3860,TV Show,Title_3860,Greta Gerwig,Millie Bobby Brown,India,PG-13,2023,"January 10, 2023",1 Seasons,Crime TV Shows,This is a placeholder description for the show or movie.
s3861,TV Show,Title_3861,Mike Flanagan,"Millie Bobby Brown, Song Kang",South Korea,TV-MA,2019,"October 20, 2019",5 Seasons,Docuseries,This is a placeholder description for the show or movie.
s3862,Movie,Title_3862,Mike Flanagan,Song Kang,India,TV-MA,2021,"October 17, 2023",148 min,Comedies,This is a placeholder description for the show or movie.
s3863,Movie,Title_3863,David Fincher,"Leonardo DiCaprio, Zendaya",South Korea,TV-PG,2017,"January 23, 2020",139 min,Thrillers,This is a placeholder description for the show or movie.
s3864,Movie,Title_3864,Greta Gerwig,Song Kang,India,TV-14,2018,"July 6, 2018",101 min,Comedies,This is a placeholder description for the show or movie.
s3865,Movie,Title_3865,Martin Scorsese,"Henry Cavill, Shah Rukh Khan, Zendaya",United Kingdom,TV-MA,2020,"December 12, 2020",110 min,Documentaries,This is a placeholder description for the show or movie.
s3866,Movie,Title_3866,nan,"Song Kang, Millie Bobby Brown",India,TV-PG,2022,"October 20, 2022",130 min,Documentaries,This is a placeholder description for the show or movie.
s3867,Movie,Title_3867,Bong Joon Ho,Shah Rukh Khan,South Korea,PG-13,2013,"December 28, 2015",124 min,Thrillers,This is a placeholder description for the show or movie.
s3868,TV Show,Title_3868,nan,"Millie Bobby Brown, Henry Cavill",France,TV-PG,2008,"January 9, 2023",2 Seasons,International TV Shows,This is a placeholder description for the show or movie.
s3869,TV Show,Title_3869,David Fincher,"Leonardo DiCaprio, Shah Rukh Khan, Millie Bobby Brown",United Kingdom,TV-PG,2015,"January 28, 2021",1 Seasons,TV Comedies,This is a placeholder description for the show or movie.
s3870,Movie,Title_3870,Greta Gerwig,"Shah Rukh Khan, Song Kang",South Korea,R,2023,"July 19, 2023",105 min,Action & Adventure,This is a placeholder description for the show or movie.
s3871,Movie,Title_3871,Mike Flanagan,Song Kang,United States,TV-14,2014,"July 14, 2019",133 min,Dramas,This is a placeholder description for the show or movie.
s3872,Movie,Title_3872,Greta Gerwig,Millie Bobby Brown,France,TV-14,2018,"December 12, 2023",107 min,Documentaries,This is a placeholder description for the show or movie.
s3873,Movie,Title_3873,Martin Scorsese,"Millie Bobby Brown, Shah Rukh Khan",United States,PG-13,2023,"July 28, 2023",111 min,Thrillers,This is a placeholder description for the show or movie.
s3874,TV Show,Title_3874,David Fincher,"Shah Rukh Khan, Song Kang, Henry Cavill",United States,TV-PG,2023,"January 11, 2023",3 Seasons,International TV Shows,This is a placeholder description for the show or movie.
s3875,Movie,Title_3875,Mike Flanagan,"Leonardo DiCaprio, Millie Bobby Brown",United States,PG-13,2019,"July 6, 2019",121 min,Dramas,This is a placeholder description for the show or movie.
s3876,Movie,Title_3876,nan,"Shah Rukh Khan, Henry Cavill, Millie Bobby Brown",France,PG-13,2011,"January 15, 2023",98 min,Thrillers,This is a placeholder description for the show or movie.
s3877,Movie,Title_3877,Martin Scorsese,"Shah Rukh Khan, Millie Bobby Brown",Japan,TV-14,2020,"October 4, 2020",98 min,Thrillers,This is a placeholder description for the show or movie.
s3878,TV Show,Title_3878,nan,Leonardo DiCaprio,France,TV-14,2017,"July 10, 2017",1 Seasons,TV Dramas,This is a placeholder description for the show or movie.
s3879,Movie,Title_3879,Bong Joon Ho,Zendaya,South Korea,TV-14,2013,"July 21, 2021",81 min,Dramas,This is a placeholder description for the show or movie.
s3880,Movie,Title_3880,David Fincher,"Millie Bobby Brown, Leonardo DiCaprio",India,TV-MA,2015,"July 10, 2019",147 min,Comedies,This is a placeholder description for the show or movie.
s3881,Movie,Title_3881,Martin Scorsese,"Song Kang, Millie Bobby Brown, Zendaya",France,TV-PG,2017,"July 20, 2017",116 min,Documentaries,This is a placeholder description for the show or movie.
s3882,TV Show,Title_3882,Martin Scorsese,"Leonardo DiCaprio, Shah Rukh Khan",France,PG-13,2013,"December 14, 2015",1 Seasons,TV Comedies,This is a placeholder description for the show or movie.
s3883,TV Show,Title_3883,nan,Shah Rukh Khan,India,TV-PG,2017,"October 28, 2021",3 Seasons,Crime TV Shows,This is a placeholder description for the show or movie.
s3884,Movie,Title_3884,Mike Flanagan,"Shah Rukh Khan, Zendaya, Leonardo DiCaprio",United States,PG-13,2009,"October 10, 2019",141 min,Documentaries,This is a placeholder description for the show or movie.
s3885,TV Show,Title_3885,Bong Joon Ho,Zendaya,United Kingdom,PG-13,2019,"January 2, 2019",3 Seasons,Docuseries,This is a placeholder description for the show or movie.
s3886,TV Show,Title_3886,nan,Millie Bobby Brown,France,PG-13,2023,"December 25, 2023",3 Seasons,International TV Shows,This is a placeholder description for the show or movie.
s3887,TV Show,Title_3887,Martin Scorsese,"Henry Cavill, Leonardo DiCaprio, Shah Rukh Khan",Japan,PG-13,2017,"December 5, 2019",1 Seasons,Docuseries,This is a placeholder description for the show or movie.
s3888,Movie,Title_3888,David Fincher,Millie Bobby Brown,Japan,R,2009,"October 2, 2023",116 min,Thrillers,This is a placeholder description for the show or movie.
s3889,Movie,Title_3889,Martin Scorsese,Song Kang,France,R,2013,"July 24, 2019",91 min,Documentaries,This is a placeholder description for the show or movie.
s3890,Movie,Title_3890,Greta Gerwig,"Shah Rukh Khan, Millie Bobby Brown",Japan,TV-MA,2020,"December 25, 2023",81 min,Dramas,This is a placeholder description for the show or movie.
s3891,TV Show,Title_3891,David Fincher,"Henry Cavill, Millie Bobby Brown",South Korea,TV-14,2012,"July 2, 2018",4 Seasons,TV Comedies,This is a placeholder description for the show or movie.
s3892,Movie,Title_3892,David Fincher,"Shah Rukh Khan, Zendaya, Henry Cavill",Canada,PG-13,2023,"July 1, 2023",150 min,Comedies,This is a placeholder description for the show or movie.
s3893,TV Show,Title_3893,Martin Scorsese,"Henry Cavill, Shah Rukh Khan",United States,TV-PG,2021,"January 21, 2021",1 Seasons,TV Dramas,This is a placeholder description for the show or movie.
s3894,Movie,Title_3894,Mike Flanagan,Henry Cavill,United Kingdom,R,2016,"July 16, 2019",143 min,Documentaries,This is a placeholder description for the show or movie.
s3895,TV Show,Title_3895,David Fincher,Leonardo DiCaprio,India,TV-14,2013,"January 7, 2014",2 Seasons,International TV Shows,This is a placeholder description for the show or movie.
s3896,TV Show,Title_3896,Greta Gerwig,"Zendaya, Shah Rukh Khan",Japan,TV-MA,2015,"July 1, 2023",3 Seasons,Docuseries,This is a placeholder description for the show or movie.
s3897,Movie,Title_3897,nan,Millie Bobby Brown,India,TV-14,2018,"October 21, 2023",139 min,Documentaries,This is a placeholder description for the show or movie.
s3898,TV Show,Title_3898,Mike Flanagan,"Shah Rukh Khan, Henry Cavill",United States,PG-13,2018,"January 15, 2018",5 Seasons,TV Dramas,This is a placeholder description for the show or movie.
s3899,Movie,Title_3899,Mike Flanagan,"Leonardo DiCaprio, Henry Cavill",United States,TV-14,2023,"July 3, 2023",113 min,Thrillers,This is a placeholder description for the show or movie.
s3900,TV Show,Title_3900,Mike Flanagan,"Song Kang, Millie Bobby Brown, Shah Rukh Khan",United Kingdom,PG-13,2022,"December 7, 2022",3 Seasons,Crime TV Shows,This is a placeholder description for the show or movie.
s3901,Movie,Title_3901,David Fincher,"Henry Cavill, Song Kang",India,R,2023,"December 16, 2023",105 min,Dramas,This is a placeholder description for the show or movie.
s3902,Movie,Title_3902,Mike Flanagan,Song Kang,United States,R,2019,"December 9, 2019",90 min,Dramas,This is a placeholder description for the show or movie.
s3903,TV Show,Title_3903,Martin Scorsese,Song Kang,United States,PG-13,2017,"July 15, 2021",2 Seasons,International TV Shows,This is a placeholder description for the show or movie.
s3904,Movie,Title_3904,Mike Flanagan,Millie Bobby Brown,India,TV-PG,2019,"December 16, 2021",132 min,Documentaries,This is a placeholder description for the show or movie.
s3905,TV Show,Title_3905,Greta Gerwig,Shah Rukh Khan,United States,R,2023,"December 17, 2023",5 Seasons,TV Dramas,This is a placeholder description for the show or movie.
s3906,Movie,Title_3906,Bong Joon Ho,"Millie Bobby Brown, Henry Cavill",United States,TV-PG,2012,"July 24, 2019",127 min,Thrillers,This is a placeholder description for the show or movie.
s3907,Movie,Title_3907,Greta Gerwig,"Zendaya, Millie Bobby Brown",United States,PG-13,2016,"December 1, 2022",120 min,Thrillers,This is a placeholder description for the show or movie.
s3908,Movie,Title_3908,David Fincher,"Henry Cavill, Leonardo DiCaprio",India,PG-13,2012,"January 21, 2023",85 min,Action & Adventure,This is a placeholder description for the show or movie.
s3909,Movie,Title_3909,Mike Flanagan,"Shah Rukh Khan, Song Kang",India,R,2023,"October 1, 2023",105 min,Thrillers,This is a placeholder description for the show or movie.
s3910,Movie,Title_3910,Mike Flanagan,"Leonardo DiCaprio, Henry Cavill",United States,TV-PG,2018,"October 3, 2018",84 min,Documentaries,This is a placeholder description for the show or movie.
s3911,Movie,Title_3911,Martin Scorsese,"Song Kang, Henry Cavill",Japan,PG-13,2015,"December 10, 2018",134 min,Documentaries,This is a placeholder description for the show or movie.
s3912,Movie,Title_3912,nan,"Song Kang, Leonardo DiCaprio",United States,R,2023,"December 10, 2023",142 min,Comedies,This is a placeholder description for the show or movie.
s3913,Movie,Title_3913,Mike Flanagan,Leonardo DiCaprio,United States,PG-13,2011,"October 11, 2020",100 min,Action & Adventure,This is a placeholder description for the show or movie.
s3914,TV Show,Title_3914,Greta Gerwig,"Shah Rukh Khan, Leonardo DiCaprio",United States,TV-14,2022,"July 6, 2022",1 Seasons,Docuseries,This is a placeholder description for the show or movie.
s3915,TV Show,Title_3915,David Fincher,Millie Bobby Brown,United States,TV-14,2023,"December 7, 2023",3 Seasons,TV Comedies,This is a placeholder description for the show or movie.
s3916,Movie,Title_3916,Bong Joon Ho,"Song Kang, Henry Cavill, Zendaya",United States,R,2012,"July 12, 2018",143 min,Comedies,This is a placeholder description for the show or movie.
s3917,TV Show,Title_3917,Mike Flanagan,Henry Cavill,United States,PG-13,2019,"July 20, 2019",3 Seasons,Crime TV Shows,This is a placeholder description for the show or movie.
s3918,Movie,Title_3918,Bong Joon Ho,"Song Kang, Henry Cavill",United Kingdom,R,2019,"July 14, 2019",91 min,Thrillers,This is a placeholder description for the show or movie.
s3919,TV Show,Title_3919,Mike Flanagan,"Zendaya, Song Kang",United Kingdom,TV-MA,2023,"July 8, 2023",2 Seasons,TV Comedies,This is a placeholder description for the show or movie.
s3920,TV Show,Title_3920,David Fincher,"Millie Bobby Brown, Shah Rukh Khan, Leonardo DiCaprio",India,R,2020,"January 2, 2020",5 Seasons,International TV Shows,This is a placeholder description for the show or movie.
s3921,TV Show,Title_3921,nan,"Shah Rukh Khan, Song Kang, Leonardo DiCaprio",South Korea,R,2018,"January 16, 2018",5 Seasons,Docuseries,This is a placeholder description for the show or movie.
s3922,Movie,Title_3922,Greta Gerwig,Zendaya,United States,TV-14,2012,"July 2, 2018",89 min,Comedies,This is a placeholder description for the show or movie.
s3923,TV Show,Title_3923,David Fincher,Henry Cavill,France,TV-14,2021,"January 3, 2021",1 Seasons,Crime TV Shows,This is a placeholder description for the show or movie.
s3924,Movie,Title_3924,Bong Joon Ho,"Song Kang, Leonardo DiCaprio",United States,PG-13,2023,"December 15, 2023",99 min,Comedies,This is a placeholder description for the show or movie.
s3925,TV Show,Title_3925,Mike Flanagan,"Henry Cavill, Shah Rukh Khan",United Kingdom,R,2021,"January 19, 2021",5 Seasons,International TV Shows,This is a placeholder description for the show or movie.
s3926,Movie,Title_3926,Bong Joon Ho,Leonardo DiCaprio,United States,R,2016,"December 27, 2016",110 min,Documentaries,This is a placeholder description for the show or movie.
s3927,Movie,Title_3927,Greta Gerwig,Song Kang,Japan,PG-13,2017,"October 27, 2017",135 min,Dramas,This is a placeholder description for the show or movie.
s3928,TV Show,Title_3928,David Fincher,Zendaya,India,TV-PG,2016,"January 22, 2023",4 Seasons,TV Dramas,This is a placeholder description for the show or movie.
s3929,TV Show,Title_3929,Bong Joon Ho,"Henry Cavill, Leonardo DiCaprio",United States,PG-13,2020,"December 9, 2023",2 Seasons,International TV Shows,This is a placeholder description for the show or movie.
s3930,Movie,Title_3930,Bong Joon Ho,"Zendaya, Song Kang, Leonardo DiCaprio",United Kingdom,TV-14,2009,"October 5, 2020",134 min,Comedies,This is a placeholder description for the show or movie.
s3931,TV Show,Title_3931,Greta Gerwig,"Shah Rukh Khan, Millie Bobby Brown, Henry Cavill",United States,TV-14,2022,"July 13, 2023",3 Seasons,Docuseries,This is a placeholder description for the show or movie.
s3932,Movie,Title_3932,Mike Flanagan,"Leonardo DiCaprio, Song Kang",South Korea,R,2010,"July 1, 2018",85 min,Thrillers,This is a placeholder description for the show or movie.
s3933,Movie,Title_3933,Bong Joon Ho,"Zendaya, Shah Rukh Khan",United Kingdom,TV-14,2023,"July 28, 2023",91 min,Dramas,This is a placeholder description for the show or movie.
s3934,Movie,Title_3934,Greta Gerwig,Song Kang,United States,PG-13,2013,"October 28, 2015",137 min,Comedies,This is a placeholder description for the show or movie.
s3935,Movie,Title_3935,Mike Flanagan,"Shah Rukh Khan, Millie Bobby Brown",United States,R,2013,"July 24, 2014",110 min,Thrillers,This is a placeholder description for the show or movie.
s3936,Movie,Title_3936,nan,Henry Cavill,United States,PG-13,2018,"January 17, 2022",130 min,Documentaries,This is a placeholder description for the show or movie.
s3937,Movie,Title_3937,Mike Flanagan,"Henry Cavill, Leonardo DiCaprio",United Kingdom,PG-13,2011,"January 17, 2020",132 min,Comedies,This is a placeholder description for the show or movie.
s3938,Movie,Title_3938,nan,Song Kang,United States,R,2022,"January 1, 2022",129 min,Dramas,This is a placeholder description for the show or movie.
s3939,Movie,Title_3939,David Fincher,"Henry Cavill, Zendaya, Millie Bobby Brown",India,TV-PG,2009,"October 22, 2021",134 min,Comedies,This is a placeholder description for the show or movie.
s3940,Movie,Title_3940,Greta Gerwig,"Leonardo DiCaprio, Shah Rukh Khan, Zendaya",France,TV-14,2017,"July 26, 2019",80 min,Comedies,This is a placeholder description for the show or movie.
s3941,TV Show,Title_3941,Mike Flanagan,Zendaya,United States,TV-MA,2015,"December 27, 2020",5 Seasons,TV Dramas,This is a placeholder description for the show or movie.
s3942,TV Show,Title_3942,nan,"Song Kang, Zendaya",France,TV-MA,2020,"October 22, 2023",1 Seasons,Docuseries,This is a placeholder description for the show or movie.
s3943,Movie,Title_3943,nan,Song Kang,United Kingdom,TV-MA,2018,"December 9, 2023",117 min,Comedies,This is a placeholder description for the show or movie.
s3944,Movie,Title_3944,David Fincher,"Song Kang, Henry Cavill",United States,TV-14,2019,"October 1, 2019",97 min,Thrillers,This is a placeholder description for the show or movie.
s3945,Movie,Title_3945,Martin Scorsese,"Henry Cavill, Song Kang, Shah Rukh Khan",India,TV-PG,2018,"July 25, 2018",149 min,Comedies,This is a placeholder description for the show or movie.
s3946,Movie,Title_3946,Greta Gerwig,Zendaya,Canada,PG-13,2019,"October 22, 2019",130 min,Thrillers,This is a placeholder description for the show or movie.
s3947,TV Show,Title_3947,Martin Scorsese,Henry Cavill,India,R,2013,"December 7, 2020",5 Seasons,Crime TV Shows,This is a placeholder description for the show or movie.
s3948,Movie,Title_3948,Mike Flanagan,"Song Kang, Henry Cavill",United States,TV-PG,2023,"October 15, 2023",116 min,Thrillers,This is a placeholder description for the show or movie.
s3949,Movie,Title_3949,Greta Gerwig,"Millie Bobby Brown, Leonardo DiCaprio",United States,TV-MA,2016,"December 28, 2020",122 min,Action & Adventure,This is a placeholder description for the show or movie.
s3950,Movie,Title_3950,David Fincher,"Shah Rukh Khan, Song Kang",South Korea,TV-14,2022,"January 8, 2022",105 min,Documentaries,This is a placeholder description for the show or movie.
s3951,Movie,Title_3951,Mike Flanagan,"Leonardo DiCaprio, Henry Cavill",United Kingdom,TV-14,2020,"July 19, 2020",144 min,Action & Adventure,This is a placeholder description for the show or movie.
s3952,TV Show,Title_3952,Greta Gerwig,"Leonardo DiCaprio, Millie Bobby Brown",India,R,2017,"December 4, 2018",5 Seasons,International TV Shows,This is a placeholder description for the show or movie.
s3953,TV Show,Title_3953,Greta Gerwig,"Henry Cavill, Shah Rukh Khan",United States,PG-13,2020,"January 3, 2021",3 Seasons,International TV Shows,This is a placeholder description for the show or movie.
s3954,Movie,Title_3954,Martin Scorsese,Shah Rukh Khan,South Korea,TV-PG,2022,"December 25, 2022",143 min,Documentaries,This is a placeholder description for the show or movie.
s3955,Movie,Title_3955,Mike Flanagan,"Song Kang, Leonardo DiCaprio, Shah Rukh Khan",France,TV-PG,2018,"October 13, 2023",116 min,Documentaries,This is a placeholder description for the show or movie.
s3956,TV Show,Title_3956,David Fincher,"Zendaya, Leonardo DiCaprio",United States,TV-PG,2010,"July 4, 2023",3 Seasons,International TV Shows,This is a placeholder description for the show or movie.
s3957,TV Show,Title_3957,David Fincher,"Henry Cavill, Zendaya",United States,PG-13,2016,"July 17, 2021",2 Seasons,TV Comedies,This is a placeholder description for the show or movie.
s3958,Movie,Title_3958,Mike Flanagan,Millie Bobby Brown,Japan,PG-13,2016,"July 17, 2017",80 min,Action & Adventure,This is a placeholder description for the show or movie.
s3959,Movie,Title_3959,Mike Flanagan,"Henry Cavill, Song Kang",South Korea,PG-13,2020,"July 17, 2023",105 min,Action & Adventure,This is a placeholder description for the show or movie.
s3960,Movie,Title_3960,nan,"Song Kang, Millie Bobby Brown, Leonardo DiCaprio",United Kingdom,R,2020,"December 5, 2020",115 min,Documentaries,This is a placeholder description for the show or movie.
s3961,Movie,Title_3961,Bong Joon Ho,"Leonardo DiCaprio, Zendaya, Song Kang",France,TV-14,2023,"October 14, 2023",104 min,Action & Adventure,This is a placeholder description for the show or movie.
s3962,Movie,Title_3962,Martin Scorsese,"Leonardo DiCaprio, Henry Cavill, Millie Bobby Brown",United Kingdom,TV-MA,2022,"January 14, 2022",140 min,Action & Adventure,This is a placeholder description for the show or movie.
s3963,Movie,Title_3963,Mike Flanagan,Song Kang,United States,PG-13,2014,"October 25, 2019",130 min,Comedies,This is a placeholder description for the show or movie.
s3964,Movie,Title_3964,Mike Flanagan,"Zendaya, Leonardo DiCaprio, Shah Rukh Khan",Canada,TV-14,2023,"July 5, 2023",105 min,Thrillers,This is a placeholder description for the show or movie.
s3965,Movie,Title_3965,Bong Joon Ho,Henry Cavill,United Kingdom,PG-13,2012,"January 24, 2021",89 min,Action & Adventure,This is a placeholder description for the show or movie.
s3966,TV Show,Title_3966,Bong Joon Ho,"Shah Rukh Khan, Song Kang",France,TV-MA,2019,"January 27, 2019",2 Seasons,Crime TV Shows,This is a placeholder description for the show or movie.
s3967,Movie,Title_3967,Greta Gerwig,"Shah Rukh Khan, Henry Cavill",United States,PG-13,2012,"October 11, 2023",147 min,Comedies,This is a placeholder description for the show or movie.
s3968,Movie,Title_3968,David Fincher,Song Kang,India,TV-14,2019,"October 20, 2019",131 min,Dramas,This is a placeholder description for the show or movie.
s3969,Movie,Title_3969,Martin Scorsese,"Shah Rukh Khan, Song Kang, Millie Bobby Brown",South Korea,R,2011,"January 4, 2018",89 min,Action & Adventure,This is a placeholder description for the show or movie.
s3970,Movie,Title_3970,Greta Gerwig,"Song Kang, Millie Bobby Brown, Shah Rukh Khan",United States,TV-MA,2021,"January 23, 2021",84 min,Dramas,This is a placeholder description for the show or movie.
s3971,TV Show,Title_3971,Mike Flanagan,"Henry Cavill, Millie Bobby Brown",United States,TV-14,2023,"October 5, 2023",3 Seasons,Crime TV Shows,This is a placeholder description for the show or movie.
s3972,Movie,Title_3972,Bong Joon Ho,"Henry Cavill, Leonardo DiCaprio",Japan,TV-PG,2019,"October 19, 2023",91 min,Comedies,This is a placeholder description for the show or movie.
s3973,Movie,Title_3973,nan,"Millie Bobby Brown, Henry Cavill, Zendaya",India,TV-PG,2023,"July 28, 2023",99 min,Dramas,This is a placeholder description for the show or movie.
s3974,TV Show,Title_3974,David Fincher,"Shah Rukh Khan, Song Kang, Leonardo DiCaprio",United Kingdom,TV-PG,2023,"October 19, 2023",2 Seasons,TV Comedies,This is a placeholder description for the show or movie.
s3975,Movie,Title_3975,Greta Gerwig,"Song Kang, Shah Rukh Khan, Zendaya",Japan,R,2023,"December 5, 2023",127 min,Action & Adventure,This is a placeholder description for the show or movie.
s3976,TV Show,Title_3976,nan,"Henry Cavill, Leonardo DiCaprio",United States,PG-13,2014,"January 19, 2017",4 Seasons,Crime TV Shows,This is a placeholder description for the show or movie.
s3977,Movie,Title_3977,David Fincher,Zendaya,France,PG-13,2018,"October 10, 2019",127 min,Thrillers,This is a placeholder description for the show or movie.
s3978,Movie,Title_3978,nan,"Henry Cavill, Shah Rukh Khan",Canada,PG-13,2009,"October 15, 2016",105 min,Documentaries,This is a placeholder description for the show or movie.
s3979,Movie,Title_3979,Bong Joon Ho,Zendaya,India,R,2016,"December 27, 2022",147 min,Documentaries,This is a placeholder description for the show or movie.
s3980,Movie,Title_3980,Greta Gerwig,"Shah Rukh Khan, Henry Cavill, Zendaya",India,TV-PG,2017,"October 17, 2019",146 min,Dramas,This is a placeholder description for the show or movie.
s3981,TV Show,Title_3981,Greta Gerwig,Henry Cavill,France,PG-13,2013,"July 19, 2020",2 Seasons,Docuseries,This is a placeholder description for the show or movie.
s3982,TV Show,Title_3982,David Fincher,"Song Kang, Leonardo DiCaprio, Henry Cavill",United States,R,2023,"July 25, 2023",3 Seasons,TV Dramas,This is a placeholder description for the show or movie.
s3983,Movie,Title_3983,nan,"Zendaya, Millie Bobby Brown",United States,R,2010,"October 23, 2016",128 min,Action & Adventure,This is a placeholder description for the show or movie.
s3984,Movie,Title_3984,Bong Joon Ho,Shah Rukh Khan,United States,TV-14,2020,"December 21, 2020",125 min,Documentaries,This is a placeholder description for the show or movie.
s3985,TV Show,Title_3985,Mike Flanagan,Zendaya,United States,PG-13,2017,"October 8, 2018",5 Seasons,International TV Shows,This is a placeholder description for the show or movie.
s3986,TV Show,Title_3986,Greta Gerwig,"Song Kang, Henry Cavill",India,TV-PG,2020,"December 17, 2020",3 Seasons,TV Dramas,This is a placeholder description for the show or movie.
s3987,Movie,Title_3987,Mike Flanagan,Millie Bobby Brown,France,TV-MA,2017,"January 2, 2017",114 min,Comedies,This is a placeholder description for the show or movie.
s3988,Movie,Title_3988,Bong Joon Ho,Leonardo DiCaprio,Japan,R,2022,"October 6, 2022",131 min,Comedies,This is a placeholder description for the show or movie.
s3989,Movie,Title_3989,Greta Gerwig,"Leonardo DiCaprio, Song Kang, Zendaya",United States,TV-14,2021,"December 7, 2021",82 min,Comedies,This is a placeholder description for the show or movie.
s3990,TV Show,Title_3990,Greta Gerwig,"Millie Bobby Brown, Zendaya",India,TV-MA,2023,"January 16, 2023",4 Seasons,TV Comedies,This is a placeholder description for the show or movie.
s3991,Movie,Title_3991,nan,Millie Bobby Brown,United Kingdom,R,2008,"October 5, 2017",85 min,Action & Adventure,This is a placeholder description for the show or movie.
s3992,Movie,Title_3992,Mike Flanagan,"Henry Cavill, Millie Bobby Brown, Song Kang",United States,TV-14,2020,"July 23, 2020",102 min,Documentaries,This is a placeholder description for the show or movie.
s3993,TV Show,Title_3993,nan,"Henry Cavill, Shah Rukh Khan",South Korea,PG-13,2017,"July 17, 2021",2 Seasons,International TV Shows,This is a placeholder description for the show or movie.
s3994,Movie,Title_3994,Martin Scorsese,"Shah Rukh Khan, Song Kang",Japan,TV-14,2017,"July 24, 2021",129 min,Action & Adventure,This is a placeholder description for the show or movie.
s3995,Movie,Title_3995,Mike Flanagan,"Millie Bobby Brown, Song Kang, Zendaya",Japan,R,2014,"January 21, 2014",121 min,Comedies,This is a placeholder description for the show or movie.
s3996,Movie,Title_3996,Mike Flanagan,"Song Kang, Henry Cavill",United States,PG-13,2022,"October 22, 2022",93 min,Dramas,This is a placeholder description for the show or movie.
s3997,Movie,Title_3997,Martin Scorsese,"Henry Cavill, Leonardo DiCaprio, Zendaya",India,TV-PG,2023,"December 10, 2023",120 min,Thrillers,This is a placeholder description for the show or movie.
s3998,Movie,Title_3998,Bong Joon Ho,"Leonardo DiCaprio, Shah Rukh Khan",United States,TV-14,2021,"October 23, 2021",105 min,Comedies,This is a placeholder description for the show or movie.
s3999,Movie,Title_3999,Bong Joon Ho,Song Kang,United States,TV-MA,2023,"July 1, 2023",143 min,Documentaries,This is a placeholder description for the show or movie.
s4000,Movie,Title_4000,Greta Gerwig,"Song Kang, Henry Cavill",India,PG-13,2013,"December 22, 2022",133 min,Dramas,This is a placeholder description for the show or movie.
s4001,Movie,Title_4001,David Fincher,"Song Kang, Shah Rukh Khan",France,PG-13,2015,"October 18, 2020",88 min,Documentaries,This is a placeholder description for the show or movie.
s4002,TV Show,Title_4002,nan,Leonardo DiCaprio,Japan,TV-PG,2019,"July 2, 2023",1 Seasons,TV Comedies,This is a placeholder description for the show or movie.
s4003,TV Show,Title_4003,David Fincher,Zendaya,France,TV-14,2023,"December 22, 2023",4 Seasons,Crime TV Shows,This is a placeholder description for the show or movie.
s4004,Movie,Title_4004,Greta Gerwig,"Millie Bobby Brown, Shah Rukh Khan",Japan,TV-MA,2023,"December 25, 2023",130 min,Action & Adventure,This is a placeholder description for the show or movie.
s4005,Movie,Title_4005,David Fincher,"Henry Cavill, Leonardo DiCaprio, Millie Bobby Brown",United States,TV-PG,2010,"January 17, 2017",98 min,Dramas,This is a placeholder description for the show or movie.
s4006,Movie,Title_4006,Mike Flanagan,"Henry Cavill, Leonardo DiCaprio",United Kingdom,TV-14,2023,"December 13, 2023",103 min,Action & Adventure,This is a placeholder description for the show or movie.
s4007,Movie,Title_4007,Mike Flanagan,"Zendaya, Leonardo DiCaprio",United States,TV-MA,2022,"October 10, 2022",134 min,Action & Adventure,This is a placeholder description for the show or movie.
s4008,Movie,Title_4008,Martin Scorsese,"Leonardo DiCaprio, Shah Rukh Khan",United States,TV-MA,2015,"July 14, 2020",121 min,Documentaries,This is a placeholder description for the show or movie.
s4009,TV Show,Title_4009,Martin Scorsese,"Henry Cavill, Song Kang, Shah Rukh Khan",India,R,2016,"January 5, 2016",3 Seasons,International TV Shows,This is a placeholder description for the show or movie.
s4010,Movie,Title_4010,Greta Gerwig,Millie Bobby Brown,Canada,TV-MA,2012,"December 26, 2022",146 min,Thrillers,This is a placeholder description for the show or movie.
s4011,Movie,Title_4011,Greta Gerwig,Shah Rukh Khan,United Kingdom,TV-14,2016,"December 22, 2020",149 min,Documentaries,This is a placeholder description for the show or movie.
s4012,Movie,Title_4012,Greta Gerwig,Henry Cavill,United States,TV-PG,2019,"October 27, 2020",136 min,Documentaries,This is a placeholder description for the show or movie.
s4013,TV Show,Title_4013,Mike Flanagan,"Shah Rukh Khan, Zendaya",United States,TV-PG,2023,"January 14, 2023",1 Seasons,TV Comedies,This is a placeholder description for the show or movie.
s4014,Movie,Title_4014,David Fincher,"Leonardo DiCaprio, Henry Cavill",United States,R,2020,"July 1, 2022",80 min,Thrillers,This is a placeholder description for the show or movie.
s4015,Movie,Title_4015,nan,"Zendaya, Song Kang",United States,TV-14,2022,"December 23, 2022",86 min,Action & Adventure,This is a placeholder description for the show or movie.
s4016,Movie,Title_4016,Greta Gerwig,"Henry Cavill, Song Kang, Millie Bobby Brown",United States,TV-MA,2019,"July 14, 2023",125 min,Documentaries,This is a placeholder description for the show or movie.
s4017,TV Show,Title_4017,Greta Gerwig,Song Kang,United Kingdom,R,2017,"January 18, 2021",5 Seasons,TV Dramas,This is a placeholder description for the show or movie.
s4018,TV Show,Title_4018,Mike Flanagan,"Zendaya, Henry Cavill",South Korea,PG-13,2021,"January 12, 2021",3 Seasons,International TV Shows,This is a placeholder description for the show or movie.
s4019,Movie,Title_4019,nan,"Henry Cavill, Zendaya, Millie Bobby Brown",India,TV-14,2023,"January 20, 2023",96 min,Comedies,This is a placeholder description for the show or movie.
s4020,Movie,Title_4020,Mike Flanagan,"Henry Cavill, Leonardo DiCaprio",United Kingdom,R,2020,"July 20, 2020",87 min,Dramas,This is a placeholder description for the show or movie.
s4021,Movie,Title_4021,nan,"Song Kang, Millie Bobby Brown",United States,TV-PG,2021,"December 9, 2021",89 min,Documentaries,This is a placeholder description for the show or movie.
s4022,Movie,Title_4022,Mike Flanagan,"Leonardo DiCaprio, Henry Cavill",France,R,2023,"January 14, 2023",150 min,Dramas,This is a placeholder description for the show or movie.
s4023,TV Show,Title_4023,David Fincher,Leonardo DiCaprio,United States,PG-13,2013,"January 14, 2017",3 Seasons,Crime TV Shows,This is a placeholder description for the show or movie.
s4024,TV Show,Title_4024,Greta Gerwig,"Millie Bobby Brown, Shah Rukh Khan",South Korea,TV-14,2015,"December 9, 2016",5 Seasons,International TV Shows,This is a placeholder description for the show or movie.
s4025,TV Show,Title_4025,Bong Joon Ho,"Millie Bobby Brown, Zendaya",France,R,2023,"October 13, 2023",1 Seasons,TV Dramas,This is a placeholder description for the show or movie.
s4026,TV Show,Title_4026,Bong Joon Ho,"Shah Rukh Khan, Leonardo DiCaprio",Japan,TV-MA,2017,"October 6, 2018",3 Seasons,International TV Shows,This is a placeholder description for the show or movie.
s4027,Movie,Title_4027,Greta Gerwig,"Leonardo DiCaprio, Shah Rukh Khan",United States,TV-14,2008,"December 21, 2022",80 min,Dramas,This is a placeholder description for the show or movie.
s4028,Movie,Title_4028,Greta Gerwig,Song Kang,United Kingdom,R,2023,"July 27, 2023",96 min,Thrillers,This is a placeholder description for the show or movie.
s4029,TV Show,Title_4029,Greta Gerwig,Song Kang,United States,R,2017,"December 23, 2021",3 Seasons,International TV Shows,This is a placeholder description for the show or movie.
s4030,Movie,Title_4030,Greta Gerwig,Shah Rukh Khan,United States,TV-14,2023,"July 11, 2023",132 min,Dramas,This is a placeholder description for the show or movie.
s4031,TV Show,Title_4031,nan,Henry Cavill,United States,TV-PG,2018,"December 17, 2020",2 Seasons,TV Dramas,This is a placeholder description for the show or movie.
s4032,Movie,Title_4032,David Fincher,"Zendaya, Millie Bobby Brown, Shah Rukh Khan",France,TV-MA,2010,"July 22, 2015",94 min,Thrillers,This is a placeholder description for the show or movie.
s4033,Movie,Title_4033,Bong Joon Ho,"Shah Rukh Khan, Zendaya",France,TV-14,2013,"December 21, 2023",125 min,Documentaries,This is a placeholder description for the show or movie.
s4034,TV Show,Title_4034,Martin Scorsese,"Millie Bobby Brown, Zendaya",United States,TV-MA,2016,"January 2, 2018",1 Seasons,TV Comedies,This is a placeholder description for the show or movie.
s4035,Movie,Title_4035,Bong Joon Ho,"Song Kang, Shah Rukh Khan",India,TV-MA,2015,"July 8, 2019",93 min,Documentaries,This is a placeholder description for the show or movie.
s4036,TV Show,Title_4036,Bong Joon Ho,"Zendaya, Shah Rukh Khan",France,TV-14,2023,"January 22, 2023",5 Seasons,Crime TV Shows,This is a placeholder description for the show or movie.
s4037,TV Show,Title_4037,Mike Flanagan,Millie Bobby Brown,India,R,2014,"December 6, 2020",2 Seasons,Docuseries,This is a placeholder description for the show or movie.
s4038,TV Show,Title_4038,Greta Gerwig,"Shah Rukh Khan, Zendaya, Millie Bobby Brown",United States,TV-PG,2023,"January 15, 2023",2 Seasons,Crime TV Shows,This is a placeholder description for the show or movie.
s4039,TV Show,Title_4039,Greta Gerwig,Shah Rukh Khan,India,TV-MA,2012,"October 19, 2018",5 Seasons,Crime TV Shows,This is a placeholder description for the show or movie.
s4040,Movie,Title_4040,Greta Gerwig,Shah Rukh Khan,South Korea,TV-MA,2018,"January 28, 2022",81 min,Action & Adventure,This is a placeholder description for the show or movie.
s4041,TV Show,Title_4041,Mike Flanagan,"Shah Rukh Khan, Henry Cavill",India,R,2023,"December 23, 2023",3 Seasons,TV Comedies,This is a placeholder description for the show or movie.
s4042,Movie,Title_4042,David Fincher,Shah Rukh Khan,South Korea,TV-14,2013,"January 14, 2019",98 min,Action & Adventure,This is a placeholder description for the show or movie.
s4043,Movie,Title_4043,David Fincher,"Henry Cavill, Millie Bobby Brown",India,TV-PG,2021,"October 3, 2021",121 min,Action & Adventure,This is a placeholder description for the show or movie.
s4044,Movie,Title_4044,Martin Scorsese,"Zendaya, Millie Bobby Brown",United States,TV-MA,2014,"December 16, 2018",107 min,Thrillers,This is a placeholder description for the show or movie.
s4045,Movie,Title_4045,David Fincher,Leonardo DiCaprio,United States,TV-MA,2022,"January 1, 2022",109 min,Comedies,This is a placeholder description for the show or movie.
s4046,Movie,Title_4046,David Fincher,Leonardo DiCaprio,United States,TV-14,2022,"December 2, 2023",91 min,Thrillers,This is a placeholder description for the show or movie.
s4047,Movie,Title_4047,Greta Gerwig,"Henry Cavill, Leonardo DiCaprio, Millie Bobby Brown",India,R,2016,"October 18, 2016",119 min,Action & Adventure,This is a placeholder description for the show or movie.
s4048,Movie,Title_4048,nan,"Shah Rukh Khan, Leonardo DiCaprio",United States,PG-13,2012,"December 15, 2014",124 min,Dramas,This is a placeholder description for the show or movie.
s4049,TV Show,Title_4049,Bong Joon Ho,"Song Kang, Shah Rukh Khan, Zendaya",South Korea,R,2015,"October 15, 2018",5 Seasons,Docuseries,This is a placeholder description for the show or movie.
s4050,Movie,Title_4050,David Fincher,"Henry Cavill, Shah Rukh Khan",India,TV-MA,2021,"January 28, 2021",94 min,Comedies,This is a placeholder description for the show or movie.
s4051,TV Show,Title_4051,David Fincher,"Zendaya, Henry Cavill, Song Kang",South Korea,TV-MA,2015,"July 11, 2019",4 Seasons,TV Comedies,This is a placeholder description for the show or movie.
s4052,TV Show,Title_4052,Mike Flanagan,"Leonardo DiCaprio, Shah Rukh Khan",France,TV-PG,2012,"January 15, 2023",5 Seasons,Docuseries,This is a placeholder description for the show or movie.
s4053,TV Show,Title_4053,Martin Scorsese,"Shah Rukh Khan, Henry Cavill, Song Kang",South Korea,R,2014,"January 16, 2016",4 Seasons,Docuseries,This is a placeholder description for the show or movie.
s4054,Movie,Title_4054,nan,"Leonardo DiCaprio, Millie Bobby Brown",France,PG-13,2022,"December 12, 2022",146 min,Dramas,This is a placeholder description for the show or movie.
s4055,TV Show,Title_4055,Mike Flanagan,"Henry Cavill, Leonardo DiCaprio, Shah Rukh Khan",India,TV-PG,2009,"January 5, 2022",5 Seasons,International TV Shows,This is a placeholder description for the show or movie.
s4056,Movie,Title_4056,Greta Gerwig,Henry Cavill,United States,PG-13,2014,"July 25, 2018",95 min,Documentaries,This is a placeholder description for the show or movie.
s4057,TV Show,Title_4057,Bong Joon Ho,Song Kang,France,TV-PG,2018,"October 17, 2021",5 Seasons,Docuseries,This is a placeholder description for the show or movie.
s4058,Movie,Title_4058,Martin Scorsese,Shah Rukh Khan,Japan,R,2020,"July 6, 2020",96 min,Documentaries,This is a placeholder description for the show or movie.
s4059,TV Show,Title_4059,Mike Flanagan,"Leonardo DiCaprio, Millie Bobby Brown, Henry Cavill",Japan,TV-MA,2015,"October 9, 2021",4 Seasons,TV Dramas,This is a placeholder description for the show or movie.
s4060,TV Show,Title_4060,David Fincher,"Zendaya, Shah Rukh Khan, Leonardo DiCaprio",United Kingdom,PG-13,2017,"July 15, 2023",1 Seasons,International TV Shows,This is a placeholder description for the show or movie.
s4061,Movie,Title_4061,David Fincher,"Zendaya, Millie Bobby Brown",United Kingdom,R,2020,"October 5, 2020",82 min,Thrillers,This is a placeholder description for the show or movie.
s4062,Movie,Title_4062,Martin Scorsese,"Shah Rukh Khan, Leonardo DiCaprio",United States,PG-13,2015,"July 10, 2020",101 min,Action & Adventure,This is a placeholder description for the show or movie.
s4063,TV Show,Title_4063,David Fincher,"Zendaya, Leonardo DiCaprio",Canada,R,2023,"October 4, 2023",1 Seasons,Crime TV Shows,This is a placeholder description for the show or movie.
s4064,Movie,Title_4064,Mike Flanagan,Millie Bobby Brown,United States,TV-PG,2016,"October 15, 2017",95 min,Dramas,This is a placeholder description for the show or movie.
s4065,TV Show,Title_4065,Mike Flanagan,Song Kang,United States,R,2012,"July 25, 2020",4 Seasons,Crime TV Shows,This is a placeholder description for the show or movie.
s4066,Movie,Title_4066,David Fincher,"Song Kang, Zendaya",India,TV-PG,2023,"December 28, 2023",106 min,Action & Adventure,This is a placeholder description for the show or movie.
s4067,Movie,Title_4067,David Fincher,"Millie Bobby Brown, Henry Cavill, Leonardo DiCaprio",India,TV-MA,2010,"December 7, 2017",104 min,Comedies,This is a placeholder description for the show or movie.
s4068,TV Show,Title_4068,Greta Gerwig,Henry Cavill,United States,TV-PG,2014,"December 21, 2017",5 Seasons,Docuseries,This is a placeholder description for the show or movie.
s4069,TV Show,Title_4069,Bong Joon Ho,Millie Bobby Brown,South Korea,TV-14,2016,"December 11, 2021",3 Seasons,International TV Shows,This is a placeholder description for the show or movie.
s4070,TV Show,Title_4070,Martin Scorsese,"Zendaya, Song Kang",Japan,TV-MA,2021,"January 22, 2023",5 Seasons,Crime TV Shows,This is a placeholder description for the show or movie.
s4071,Movie,Title_4071,Mike Flanagan,"Song Kang, Henry Cavill, Shah Rukh Khan",United Kingdom,R,2020,"July 4, 2020",81 min,Documentaries,This is a placeholder description for the show or movie.
s4072,TV Show,Title_4072,Martin Scorsese,"Zendaya, Henry Cavill, Song Kang",India,R,2012,"October 20, 2019",2 Seasons,Docuseries,This is a placeholder description for the show or movie.
s4073,Movie,Title_4073,Greta Gerwig,"Leonardo DiCaprio, Henry Cavill, Millie Bobby Brown",France,TV-14,2018,"July 17, 2022",129 min,Dramas,This is a placeholder description for the show or movie.
s4074,Movie,Title_4074,Mike Flanagan,Henry Cavill,United States,R,2018,"January 25, 2020",104 min,Thrillers,This is a placeholder description for the show or movie.
s4075,TV Show,Title_4075,Greta Gerwig,Song Kang,Canada,TV-MA,2019,"October 4, 2019",1 Seasons,International TV Shows,This is a placeholder description for the show or movie.
s4076,Movie,Title_4076,Greta Gerwig,"Zendaya, Shah Rukh Khan",United States,TV-MA,2018,"December 13, 2023",141 min,Comedies,This is a placeholder description for the show or movie.
s4077,Movie,Title_4077,nan,"Shah Rukh Khan, Millie Bobby Brown",United States,TV-PG,2017,"July 8, 2019",105 min,Action & Adventure,This is a placeholder description for the show or movie.
s4078,Movie,Title_4078,David Fincher,"Song Kang, Henry Cavill",India,PG-13,2017,"July 13, 2023",147 min,Documentaries,This is a placeholder description for the show or movie.
s4079,TV Show,Title_4079,nan,"Leonardo DiCaprio, Henry Cavill",Canada,R,2012,"October 2, 2023",4 Seasons,Docuseries,This is a placeholder description for the show or movie.
s4080,Movie,Title_4080,Martin Scorsese,Henry Cavill,United States,TV-14,2012,"December 8, 2018",100 min,Comedies,This is a placeholder description for the show or movie.
s4081,TV Show,Title_4081,Martin Scorsese,"Leonardo DiCaprio, Song Kang",United States,TV-MA,2021,"January 4, 2023",2 Seasons,TV Comedies,This is a placeholder description for the show or movie.
s4082,Movie,Title_4082,David Fincher,Zendaya,India,TV-MA,2010,"July 7, 2016",112 min,Action & Adventure,This is a placeholder description for the show or movie.
s4083,Movie,Title_4083,nan,"Zendaya, Shah Rukh Khan",India,TV-MA,2019,"October 22, 2023",147 min,Thrillers,This is a placeholder description for the show or movie.
s4084,TV Show,Title_4084,Martin Scorsese,"Henry Cavill, Shah Rukh Khan, Song Kang",United Kingdom,PG-13,2023,"July 20, 2023",4 Seasons,TV Dramas,This is a placeholder description for the show or movie.
s4085,Movie,Title_4085,nan,Shah Rukh Khan,United States,PG-13,2005,"July 22, 2020",95 min,Thrillers,This is a placeholder description for the show or movie.
s4086,Movie,Title_4086,David Fincher,"Leonardo DiCaprio, Zendaya, Henry Cavill",India,R,2019,"July 19, 2019",96 min,Dramas,This is a placeholder description for the show or movie.
s4087,Movie,Title_4087,Mike Flanagan,"Leonardo DiCaprio, Henry Cavill, Shah Rukh Khan",United States,TV-14,2013,"January 13, 2020",147 min,Action & Adventure,This is a placeholder description for the show or movie.
s4088,Movie,Title_4088,Greta Gerwig,"Shah Rukh Khan, Zendaya",United States,PG-13,2013,"January 11, 2023",120 min,Documentaries,This is a placeholder description for the show or movie.
s4089,TV Show,Title_4089,Greta Gerwig,"Shah Rukh Khan, Leonardo DiCaprio, Song Kang",India,TV-PG,2023,"December 2, 2023",5 Seasons,Docuseries,This is a placeholder description for the show or movie.
s4090,Movie,Title_4090,nan,"Henry Cavill, Zendaya, Leonardo DiCaprio",United Kingdom,PG-13,2018,"October 28, 2018",146 min,Thrillers,This is a placeholder description for the show or movie.
s4091,TV Show,Title_4091,Martin Scorsese,"Zendaya, Shah Rukh Khan",United States,TV-MA,2017,"January 10, 2023",2 Seasons,International TV Shows,This is a placeholder description for the show or movie.
s4092,Movie,Title_4092,nan,"Shah Rukh Khan, Zendaya",United States,TV-14,2022,"October 28, 2022",136 min,Documentaries,This is a placeholder description for the show or movie.
s4093,Movie,Title_4093,nan,Song Kang,India,R,2022,"December 4, 2022",136 min,Comedies,This is a placeholder description for the show or movie.
s4094,TV Show,Title_4094,Bong Joon Ho,Leonardo DiCaprio,United States,PG-13,2019,"December 17, 2022",3 Seasons,Docuseries,This is a placeholder description for the show or movie.
s4095,Movie,Title_4095,Greta Gerwig,Zendaya,United States,TV-MA,2020,"January 18, 2022",128 min,Comedies,This is a placeholder description for the show or movie.
s4096,Movie,Title_4096,David Fincher,"Leonardo DiCaprio, Henry Cavill, Song Kang",India,TV-PG,2018,"January 11, 2019",138 min,Action & Adventure,This is a placeholder description for the show or movie.
s4097,Movie,Title_4097,nan,"Shah Rukh Khan, Millie Bobby Brown, Leonardo DiCaprio",United States,TV-PG,2015,"January 28, 2017",138 min,Documentaries,This is a placeholder description for the show or movie.
s4098,Movie,Title_4098,Bong Joon Ho,"Zendaya, Leonardo DiCaprio, Millie Bobby Brown",United States,R,2009,"January 17, 2017",122 min,Thrillers,This is a placeholder description for the show or movie.
s4099,Movie,Title_4099,Bong Joon Ho,"Zendaya, Henry Cavill, Millie Bobby Brown",Japan,R,2013,"October 5, 2018",130 min,Documentaries,This is a placeholder description for the show or movie.
s4100,Movie,Title_4100,Greta Gerwig,"Song Kang, Leonardo DiCaprio, Millie Bobby Brown",Canada,PG-13,2023,"December 16, 2023",85 min,Comedies,This is a placeholder description for the show or movie.
s4101,Movie,Title_4101,Greta Gerwig,"Millie Bobby Brown, Henry Cavill, Leonardo DiCaprio",United Kingdom,R,2019,"December 19, 2020",123 min,Action & Adventure,This is a placeholder description for the show or movie.
s4102,Movie,Title_4102,Greta Gerwig,"Leonardo DiCaprio, Henry Cavill, Millie Bobby Brown",India,TV-MA,2023,"January 16, 2023",90 min,Documentaries,This is a placeholder description for the show or movie.
s4103,Movie,Title_4103,David Fincher,Leonardo DiCaprio,Canada,TV-MA,2016,"October 28, 2019",150 min,Action & Adventure,This is a placeholder description for the show or movie.
s4104,Movie,Title_4104,Bong Joon Ho,Leonardo DiCaprio,France,TV-MA,2023,"July 14, 2023",128 min,Thrillers,This is a placeholder description for the show or movie.
s4105,Movie,Title_4105,Martin Scorsese,"Shah Rukh Khan, Henry Cavill, Millie Bobby Brown",United Kingdom,PG-13,2020,"December 23, 2023",88 min,Documentaries,This is a placeholder description for the show or movie.
s4106,TV Show,Title_4106,David Fincher,Millie Bobby Brown,United States,PG-13,2018,"July 7, 2019",2 Seasons,TV Comedies,This is a placeholder description for the show or movie.
s4107,TV Show,Title_4107,Mike Flanagan,"Millie Bobby Brown, Song Kang",India,R,2023,"October 15, 2023",1 Seasons,TV Dramas,This is a placeholder description for the show or movie.
s4108,Movie,Title_4108,nan,Zendaya,India,PG-13,2014,"January 4, 2022",111 min,Documentaries,This is a placeholder description for the show or movie.
s4109,TV Show,Title_4109,Greta Gerwig,Shah Rukh Khan,India,TV-MA,2016,"January 24, 2019",4 Seasons,Docuseries,This is a placeholder description for the show or movie.
s4110,Movie,Title_4110,Bong Joon Ho,"Henry Cavill, Zendaya, Song Kang",India,TV-14,2022,"October 13, 2022",123 min,Documentaries,This is a placeholder description for the show or movie.
s4111,Movie,Title_4111,nan,"Shah Rukh Khan, Henry Cavill",Japan,TV-MA,2019,"July 15, 2021",110 min,Action & Adventure,This is a placeholder description for the show or movie.
s4112,Movie,Title_4112,David Fincher,"Millie Bobby Brown, Zendaya, Henry Cavill",United Kingdom,TV-14,2014,"January 1, 2021",119 min,Thrillers,This is a placeholder description for the show or movie.
s4113,Movie,Title_4113,Mike Flanagan,"Zendaya, Shah Rukh Khan",United States,R,2023,"July 5, 2023",133 min,Action & Adventure,This is a placeholder description for the show or movie.
s4114,Movie,Title_4114,David Fincher,Shah Rukh Khan,United States,TV-PG,2020,"December 9, 2020",93 min,Comedies,This is a placeholder description for the show or movie.
s4115,Movie,Title_4115,David Fincher,"Shah Rukh Khan, Zendaya, Millie Bobby Brown",India,PG-13,2023,"December 11, 2023",124 min,Dramas,This is a placeholder description for the show or movie.
s4116,Movie,Title_4116,Martin Scorsese,Henry Cavill,United States,PG-13,2016,"December 24, 2023",86 min,Dramas,This is a placeholder description for the show or movie.
s4117,TV Show,Title_4117,nan,Henry Cavill,United States,TV-MA,2023,"October 9, 2023",1 Seasons,TV Comedies,This is a placeholder description for the show or movie.
s4118,Movie,Title_4118,Martin Scorsese,"Henry Cavill, Shah Rukh Khan",United States,TV-MA,2021,"July 6, 2022",132 min,Action & Adventure,This is a placeholder description for the show or movie.
s4119,Movie,Title_4119,David Fincher,Shah Rukh Khan,United States,TV-14,2013,"July 1, 2020",102 min,Thrillers,This is a placeholder description for the show or movie.
s4120,TV Show,Title_4120,Mike Flanagan,Leonardo DiCaprio,France,PG-13,2019,"December 17, 2019",4 Seasons,Crime TV Shows,This is a placeholder description for the show or movie.
s4121,Movie,Title_4121,Bong Joon Ho,Zendaya,United States,R,2020,"July 1, 2023",123 min,Thrillers,This is a placeholder description for the show or movie.
s4122,Movie,Title_4122,Bong Joon Ho,"Shah Rukh Khan, Song Kang, Henry Cavill",United States,TV-MA,2015,"December 25, 2019",97 min,Dramas,This is a placeholder description for the show or movie.
s4123,TV Show,Title_4123,nan,"Henry Cavill, Shah Rukh Khan, Zendaya",United States,PG-13,2013,"December 11, 2014",2 Seasons,TV Comedies,This is a placeholder description for the show or movie.
s4124,TV Show,Title_4124,Greta Gerwig,"Millie Bobby Brown, Song Kang, Henry Cavill",India,TV-PG,2021,"July 16, 2021",4 Seasons,Docuseries,This is a placeholder description for the show or movie.
s4125,TV Show,Title_4125,Greta Gerwig,Henry Cavill,United States,TV-14,2018,"December 20, 2018",4 Seasons,TV Dramas,This is a placeholder description for the show or movie.
s4126,TV Show,Title_4126,Bong Joon Ho,Millie Bobby Brown,United Kingdom,TV-MA,2017,"October 4, 2023",1 Seasons,Docuseries,This is a placeholder description for the show or movie.
s4127,TV Show,Title_4127,David Fincher,Song Kang,United States,TV-MA,2018,"January 2, 2020",3 Seasons,International TV Shows,This is a placeholder description for the show or movie.
s4128,TV Show,Title_4128,David Fincher,"Henry Cavill, Shah Rukh Khan, Zendaya",India,R,2019,"October 12, 2019",4 Seasons,International TV Shows,This is a placeholder description for the show or movie.
s4129,Movie,Title_4129,Martin Scorsese,Henry Cavill,South Korea,TV-MA,2021,"December 18, 2021",119 min,Action & Adventure,This is a placeholder description for the show or movie.
s4130,Movie,Title_4130,nan,"Song Kang, Millie Bobby Brown",United States,PG-13,2013,"July 1, 2016",81 min,Action & Adventure,This is a placeholder description for the show or movie.
s4131,Movie,Title_4131,Martin Scorsese,"Zendaya, Shah Rukh Khan, Millie Bobby Brown",India,PG-13,2017,"December 17, 2018",82 min,Documentaries,This is a placeholder description for the show or movie.
s4132,Movie,Title_4132,Greta Gerwig,"Henry Cavill, Leonardo DiCaprio, Shah Rukh Khan",India,PG-13,2017,"December 13, 2017",142 min,Thrillers,This is a placeholder description for the show or movie.
s4133,TV Show,Title_4133,Bong Joon Ho,"Leonardo DiCaprio, Shah Rukh Khan",South Korea,TV-PG,2023,"October 1, 2023",5 Seasons,TV Dramas,This is a placeholder description for the show or movie.
s4134,Movie,Title_4134,David Fincher,Henry Cavill,India,TV-PG,2017,"December 17, 2018",133 min,Documentaries,This is a placeholder description for the show or movie.
s4135,Movie,Title_4135,Bong Joon Ho,"Henry Cavill, Song Kang",India,TV-MA,2015,"January 21, 2019",96 min,Comedies,This is a placeholder description for the show or movie.
s4136,Movie,Title_4136,Mike Flanagan,"Millie Bobby Brown, Leonardo DiCaprio",South Korea,TV-PG,2010,"December 11, 2017",102 min,Dramas,This is a placeholder description for the show or movie.
s4137,TV Show,Title_4137,Bong Joon Ho,Shah Rukh Khan,India,TV-PG,2022,"October 9, 2022",2 Seasons,International TV Shows,This is a placeholder description for the show or movie.
s4138,Movie,Title_4138,Mike Flanagan,"Shah Rukh Khan, Leonardo DiCaprio",United States,R,2023,"July 11, 2023",148 min,Documentaries,This is a placeholder description for the show or movie.
s4139,TV Show,Title_4139,Martin Scorsese,"Shah Rukh Khan, Henry Cavill, Song Kang",United States,TV-PG,2016,"January 7, 2018",3 Seasons,Crime TV Shows,This is a placeholder description for the show or movie.
s4140,Movie,Title_4140,Martin Scorsese,"Henry Cavill, Shah Rukh Khan",Canada,TV-14,2016,"October 1, 2018",114 min,Comedies,This is a placeholder description for the show or movie.
s4141,Movie,Title_4141,Greta Gerwig,"Shah Rukh Khan, Leonardo DiCaprio, Millie Bobby Brown",Japan,TV-14,2019,"December 13, 2020",106 min,Comedies,This is a placeholder description for the show or movie.
s4142,Movie,Title_4142,Bong Joon Ho,"Leonardo DiCaprio, Shah Rukh Khan, Millie Bobby Brown",France,TV-14,2015,"January 8, 2023",126 min,Comedies,This is a placeholder description for the show or movie.
s4143,Movie,Title_4143,Bong Joon Ho,Henry Cavill,France,TV-MA,2023,"July 1, 2023",94 min,Dramas,This is a placeholder description for the show or movie.
s4144,TV Show,Title_4144,Mike Flanagan,"Millie Bobby Brown, Song Kang, Zendaya",South Korea,PG-13,2020,"July 3, 2022",3 Seasons,International TV Shows,This is a placeholder description for the show or movie.
s4145,TV Show,Title_4145,Martin Scorsese,"Henry Cavill, Shah Rukh Khan",United Kingdom,R,2023,"December 15, 2023",3 Seasons,TV Dramas,This is a placeholder description for the show or movie.
s4146,Movie,Title_4146,Mike Flanagan,"Millie Bobby Brown, Leonardo DiCaprio, Henry Cavill",South Korea,TV-MA,2015,"December 8, 2021",87 min,Documentaries,This is a placeholder description for the show or movie.
s4147,Movie,Title_4147,Martin Scorsese,Millie Bobby Brown,India,PG-13,2021,"October 3, 2021",92 min,Comedies,This is a placeholder description for the show or movie.
s4148,Movie,Title_4148,Mike Flanagan,Song Kang,India,R,2016,"January 11, 2023",91 min,Action & Adventure,This is a placeholder description for the show or movie.
s4149,TV Show,Title_4149,Martin Scorsese,Henry Cavill,United States,R,2008,"October 17, 2016",4 Seasons,TV Dramas,This is a placeholder description for the show or movie.
s4150,TV Show,Title_4150,Mike Flanagan,"Henry Cavill, Shah Rukh Khan, Zendaya",United States,R,2017,"October 2, 2021",5 Seasons,Docuseries,This is a placeholder description for the show or movie.
s4151,Movie,Title_4151,Martin Scorsese,Zendaya,South Korea,TV-14,2011,"October 25, 2019",81 min,Dramas,This is a placeholder description for the show or movie.
s4152,Movie,Title_4152,nan,"Song Kang, Zendaya, Leonardo DiCaprio",India,TV-14,2023,"January 11, 2023",96 min,Thrillers,This is a placeholder description for the show or movie.
s4153,TV Show,Title_4153,Mike Flanagan,"Henry Cavill, Millie Bobby Brown",United States,TV-14,2022,"July 16, 2022",5 Seasons,Crime TV Shows,This is a placeholder description for the show or movie.
s4154,Movie,Title_4154,Bong Joon Ho,"Zendaya, Shah Rukh Khan, Henry Cavill",United States,R,2013,"December 2, 2022",104 min,Documentaries,This is a placeholder description for the show or movie.
s4155,Movie,Title_4155,Greta Gerwig,Millie Bobby Brown,Japan,R,2019,"October 27, 2019",101 min,Thrillers,This is a placeholder description for the show or movie.
s4156,Movie,Title_4156,nan,Millie Bobby Brown,United Kingdom,TV-14,2013,"October 17, 2023",132 min,Documentaries,This is a placeholder description for the show or movie.
s4157,Movie,Title_4157,nan,Henry Cavill,India,R,2013,"December 13, 2022",146 min,Thrillers,This is a placeholder description for the show or movie.
s4158,TV Show,Title_4158,Mike Flanagan,"Millie Bobby Brown, Song Kang, Zendaya",India,TV-14,2015,"December 4, 2019",2 Seasons,TV Comedies,This is a placeholder description for the show or movie.
s4159,TV Show,Title_4159,Greta Gerwig,"Henry Cavill, Shah Rukh Khan",India,TV-14,2019,"October 13, 2019",5 Seasons,TV Dramas,This is a placeholder description for the show or movie.
s4160,Movie,Title_4160,Bong Joon Ho,"Henry Cavill, Shah Rukh Khan, Leonardo DiCaprio",United States,TV-14,2010,"October 23, 2020",103 min,Documentaries,This is a placeholder description for the show or movie.
s4161,Movie,Title_4161,nan,"Shah Rukh Khan, Song Kang, Henry Cavill",India,PG-13,2014,"October 1, 2022",131 min,Documentaries,This is a placeholder description for the show or movie.
s4162,Movie,Title_4162,Bong Joon Ho,"Henry Cavill, Leonardo DiCaprio, Shah Rukh Khan",South Korea,R,2009,"October 9, 2021",106 min,Documentaries,This is a placeholder description for the show or movie.
s4163,Movie,Title_4163,Martin Scorsese,"Song Kang, Henry Cavill",United States,TV-MA,2011,"December 24, 2018",124 min,Comedies,This is a placeholder description for the show or movie.
s4164,Movie,Title_4164,Greta Gerwig,Millie Bobby Brown,United States,TV-14,2012,"October 24, 2023",88 min,Comedies,This is a placeholder description for the show or movie.
s4165,Movie,Title_4165,David Fincher,"Shah Rukh Khan, Zendaya",United States,TV-MA,2011,"July 3, 2019",83 min,Thrillers,This is a placeholder description for the show or movie.
s4166,Movie,Title_4166,Martin Scorsese,"Henry Cavill, Millie Bobby Brown, Shah Rukh Khan",India,PG-13,2009,"December 24, 2023",135 min,Thrillers,This is a placeholder description for the show or movie.
s4167,Movie,Title_4167,Greta Gerwig,"Shah Rukh Khan, Henry Cavill",United States,R,2020,"July 9, 2020",93 min,Dramas,This is a placeholder description for the show or movie.
s4168,Movie,Title_4168,Mike Flanagan,Song Kang,India,TV-14,2023,"October 19, 2023",88 min,Documentaries,This is a placeholder description for the show or movie.
s4169,Movie,Title_4169,Mike Flanagan,"Zendaya, Millie Bobby Brown, Henry Cavill",India,TV-14,2019,"October 9, 2020",105 min,Thrillers,This is a placeholder description for the show or movie.
s4170,Movie,Title_4170,Bong Joon Ho,"Song Kang, Millie Bobby Brown, Leonardo DiCaprio",South Korea,TV-14,2020,"December 13, 2020",89 min,Thrillers,This is a placeholder description for the show or movie.
s4171,Movie,Title_4171,nan,"Leonardo DiCaprio, Shah Rukh Khan",India,TV-MA,2016,"October 3, 2022",121 min,Comedies,This is a placeholder description for the show or movie.
s4172,TV Show,Title_4172,David Fincher,"Song Kang, Millie Bobby Brown",United States,PG-13,2019,"July 9, 2019",4 Seasons,TV Comedies,This is a placeholder description for the show or movie.
s4173,Movie,Title_4173,Mike Flanagan,"Millie Bobby Brown, Shah Rukh Khan, Henry Cavill",India,R,2010,"October 12, 2023",150 min,Dramas,This is a placeholder description for the show or movie.
s4174,Movie,Title_4174,Greta Gerwig,"Millie Bobby Brown, Henry Cavill, Song Kang",United Kingdom,PG-13,2014,"October 5, 2022",105 min,Comedies,This is a placeholder description for the show or movie.
s4175,TV Show,Title_4175,nan,"Shah Rukh Khan, Millie Bobby Brown",United States,TV-14,2018,"December 4, 2018",3 Seasons,TV Comedies,This is a placeholder description for the show or movie.
s4176,TV Show,Title_4176,nan,Millie Bobby Brown,United Kingdom,PG-13,2023,"October 9, 2023",4 Seasons,TV Dramas,This is a placeholder description for the show or movie.
s4177,Movie,Title_4177,Greta Gerwig,"Henry Cavill, Leonardo DiCaprio, Song Kang",France,TV-MA,2023,"December 18, 2023",82 min,Dramas,This is a placeholder description for the show or movie.
s4178,TV Show,Title_4178,nan,Leonardo DiCaprio,United States,TV-PG,2021,"December 3, 2021",4 Seasons,Crime TV Shows,This is a placeholder description for the show or movie.
s4179,Movie,Title_4179,Mike Flanagan,Zendaya,United Kingdom,TV-PG,2015,"December 16, 2016",133 min,Comedies,This is a placeholder description for the show or movie.
s4180,Movie,Title_4180,Greta Gerwig,"Henry Cavill, Millie Bobby Brown",South Korea,R,2016,"October 25, 2021",124 min,Action & Adventure,This is a placeholder description for the show or movie.
s4181,Movie,Title_4181,Greta Gerwig,"Henry Cavill, Millie Bobby Brown",India,R,2014,"October 3, 2022",90 min,Thrillers,This is a placeholder description for the show or movie.
s4182,TV Show,Title_4182,Bong Joon Ho,"Leonardo DiCaprio, Shah Rukh Khan, Millie Bobby Brown",Canada,PG-13,2013,"January 11, 2022",5 Seasons,Docuseries,This is a placeholder description for the show or movie.
s4183,TV Show,Title_4183,David Fincher,"Millie Bobby Brown, Shah Rukh Khan, Leonardo DiCaprio",United States,R,2023,"October 23, 2023",4 Seasons,TV Comedies,This is a placeholder description for the show or movie.
s4184,Movie,Title_4184,Bong Joon Ho,"Leonardo DiCaprio, Shah Rukh Khan, Song Kang",United States,TV-MA,2016,"January 14, 2016",104 min,Comedies,This is a placeholder description for the show or movie.
s4185,Movie,Title_4185,David Fincher,"Millie Bobby Brown, Zendaya, Song Kang",United Kingdom,TV-14,2020,"July 12, 2020",116 min,Action & Adventure,This is a placeholder description for the show or movie.
s4186,Movie,Title_4186,Greta Gerwig,"Zendaya, Millie Bobby Brown, Leonardo DiCaprio",Canada,TV-14,2013,"July 3, 2018",119 min,Thrillers,This is a placeholder description for the show or movie.
s4187,Movie,Title_4187,nan,"Shah Rukh Khan, Henry Cavill",France,PG-13,2023,"October 16, 2023",148 min,Action & Adventure,This is a placeholder description for the show or movie.
s4188,Movie,Title_4188,David Fincher,Shah Rukh Khan,United States,TV-14,2020,"December 17, 2020",145 min,Documentaries,This is a placeholder description for the show or movie.
s4189,TV Show,Title_4189,Greta Gerwig,"Millie Bobby Brown, Zendaya, Henry Cavill",India,PG-13,2016,"October 8, 2021",4 Seasons,International TV Shows,This is a placeholder description for the show or movie.
s4190,TV Show,Title_4190,Greta Gerwig,Millie Bobby Brown,United States,R,2023,"January 2, 2023",1 Seasons,International TV Shows,This is a placeholder description for the show or movie.
s4191,TV Show,Title_4191,Bong Joon Ho,Leonardo DiCaprio,United States,R,2016,"December 18, 2021",3 Seasons,TV Dramas,This is a placeholder description for the show or movie.
s4192,TV Show,Title_4192,Bong Joon Ho,Shah Rukh Khan,India,TV-MA,2022,"October 25, 2022",4 Seasons,Docuseries,This is a placeholder description for the show or movie.
s4193,Movie,Title_4193,nan,Shah Rukh Khan,United States,TV-14,2016,"October 3, 2016",147 min,Action & Adventure,This is a placeholder description for the show or movie.
s4194,TV Show,Title_4194,Martin Scorsese,Shah Rukh Khan,United States,TV-MA,2014,"October 15, 2016",4 Seasons,Docuseries,This is a placeholder description for the show or movie.
s4195,Movie,Title_4195,Mike Flanagan,"Henry Cavill, Zendaya",United States,TV-PG,2021,"July 8, 2021",88 min,Documentaries,This is a placeholder description for the show or movie.
s4196,Movie,Title_4196,Martin Scorsese,Millie Bobby Brown,United States,TV-MA,2016,"July 13, 2019",128 min,Action & Adventure,This is a placeholder description for the show or movie.
s4197,Movie,Title_4197,Martin Scorsese,"Millie Bobby Brown, Leonardo DiCaprio",France,PG-13,2013,"October 13, 2023",85 min,Comedies,This is a placeholder description for the show or movie.
s4198,Movie,Title_4198,nan,"Shah Rukh Khan, Leonardo DiCaprio, Song Kang",South Korea,PG-13,2023,"October 7, 2023",129 min,Action & Adventure,This is a placeholder description for the show or movie.
s4199,Movie,Title_4199,David Fincher,"Song Kang, Millie Bobby Brown",United States,TV-MA,2021,"December 18, 2021",144 min,Dramas,This is a placeholder description for the show or movie.
s4200,Movie,Title_4200,nan,"Song Kang, Leonardo DiCaprio",Japan,R,2023,"October 5, 2023",103 min,Dramas,This is a placeholder description for the show or movie.
s4201,TV Show,Title_4201,nan,"Shah Rukh Khan, Song Kang, Millie Bobby Brown",United Kingdom,TV-PG,2013,"December 23, 2018",3 Seasons,Docuseries,This is a placeholder description for the show or movie.
s4202,Movie,Title_4202,Greta Gerwig,"Song Kang, Millie Bobby Brown",Japan,TV-MA,2020,"January 8, 2020",133 min,Documentaries,This is a placeholder description for the show or movie.
s4203,Movie,Title_4203,Greta Gerwig,"Henry Cavill, Leonardo DiCaprio, Zendaya",United States,R,2017,"December 18, 2017",113 min,Documentaries,This is a placeholder description for the show or movie.
s4204,TV Show,Title_4204,Greta Gerwig,Millie Bobby Brown,India,TV-MA,2020,"January 2, 2020",2 Seasons,Crime TV Shows,This is a placeholder description for the show or movie.
s4205,Movie,Title_4205,Mike Flanagan,"Song Kang, Shah Rukh Khan",Japan,TV-14,2013,"July 14, 2023",91 min,Comedies,This is a placeholder description for the show or movie.
s4206,Movie,Title_4206,David Fincher,Millie Bobby Brown,United States,PG-13,2023,"July 28, 2023",125 min,Thrillers,This is a placeholder description for the show or movie.
s4207,Movie,Title_4207,David Fincher,Shah Rukh Khan,France,TV-14,2019,"December 25, 2019",96 min,Comedies,This is a placeholder description for the show or movie.
s4208,Movie,Title_4208,Greta Gerwig,"Song Kang, Shah Rukh Khan, Leonardo DiCaprio",South Korea,TV-14,2014,"January 15, 2018",123 min,Documentaries,This is a placeholder description for the show or movie.
s4209,Movie,Title_4209,Martin Scorsese,"Henry Cavill, Zendaya",France,TV-PG,2010,"December 11, 2020",118 min,Comedies,This is a placeholder description for the show or movie.
s4210,Movie,Title_4210,Mike Flanagan,Henry Cavill,United States,R,2018,"January 27, 2018",113 min,Documentaries,This is a placeholder description for the show or movie.
s4211,Movie,Title_4211,Martin Scorsese,"Zendaya, Leonardo DiCaprio, Shah Rukh Khan",United States,PG-13,2023,"October 10, 2023",98 min,Documentaries,This is a placeholder description for the show or movie.
s4212,Movie,Title_4212,Bong Joon Ho,Henry Cavill,United States,TV-14,2021,"October 20, 2021",122 min,Documentaries,This is a placeholder description for the show or movie.
s4213,Movie,Title_4213,David Fincher,"Zendaya, Shah Rukh Khan, Millie Bobby Brown",France,PG-13,2017,"January 8, 2021",110 min,Documentaries,This is a placeholder description for the show or movie.
s4214,Movie,Title_4214,David Fincher,"Henry Cavill, Shah Rukh Khan, Song Kang",United States,R,2018,"October 22, 2023",107 min,Dramas,This is a placeholder description for the show or movie.
s4215,Movie,Title_4215,Martin Scorsese,Leonardo DiCaprio,India,TV-MA,2016,"January 22, 2018",109 min,Dramas,This is a placeholder description for the show or movie.
s4216,TV Show,Title_4216,Mike Flanagan,"Henry Cavill, Millie Bobby Brown, Song Kang",India,TV-14,2021,"July 17, 2021",5 Seasons,Docuseries,This is a placeholder description for the show or movie.
s4217,Movie,Title_4217,David Fincher,Shah Rukh Khan,United States,R,2022,"July 3, 2022",120 min,Comedies,This is a placeholder description for the show or movie.
s4218,Movie,Title_4218,Martin Scorsese,Song Kang,United States,PG-13,2021,"October 27, 2021",132 min,Comedies,This is a placeholder description for the show or movie.
s4219,TV Show,Title_4219,nan,"Zendaya, Millie Bobby Brown, Shah Rukh Khan",India,R,2020,"October 23, 2022",5 Seasons,TV Dramas,This is a placeholder description for the show or movie.
s4220,Movie,Title_4220,nan,"Song Kang, Henry Cavill, Zendaya",South Korea,TV-MA,2018,"January 3, 2018",138 min,Comedies,This is a placeholder description for the show or movie.
s4221,Movie,Title_4221,Mike Flanagan,Song Kang,United States,R,2013,"July 17, 2017",143 min,Thrillers,This is a placeholder description for the show or movie.
s4222,Movie,Title_4222,Martin Scorsese,"Leonardo DiCaprio, Shah Rukh Khan, Millie Bobby Brown",Japan,PG-13,2008,"December 16, 2023",125 min,Dramas,This is a placeholder description for the show or movie.
s4223,TV Show,Title_4223,nan,Zendaya,United Kingdom,TV-14,2018,"October 11, 2018",2 Seasons,International TV Shows,This is a placeholder description for the show or movie.
s4224,TV Show,Title_4224,Mike Flanagan,Song Kang,United Kingdom,TV-14,2023,"July 17, 2023",2 Seasons,TV Dramas,This is a placeholder description for the show or movie.
s4225,Movie,Title_4225,Greta Gerwig,Zendaya,United Kingdom,TV-PG,2019,"January 14, 2019",145 min,Thrillers,This is a placeholder description for the show or movie.
s4226,TV Show,Title_4226,Mike Flanagan,"Henry Cavill, Millie Bobby Brown",United States,PG-13,2007,"January 23, 2015",5 Seasons,Crime TV Shows,This is a placeholder description for the show or movie.
s4227,Movie,Title_4227,Bong Joon Ho,Millie Bobby Brown,India,TV-PG,2015,"January 4, 2022",137 min,Action & Adventure,This is a placeholder description for the show or movie.
s4228,Movie,Title_4228,Greta Gerwig,"Song Kang, Henry Cavill",South Korea,TV-PG,2019,"December 7, 2020",85 min,Documentaries,This is a placeholder description for the show or movie.
s4229,Movie,Title_4229,Martin Scorsese,Shah Rukh Khan,United States,TV-MA,2007,"January 25, 2023",141 min,Documentaries,This is a placeholder description for the show or movie.
s4230,Movie,Title_4230,Greta Gerwig,"Leonardo DiCaprio, Shah Rukh Khan, Zendaya",India,PG-13,2019,"October 18, 2019",124 min,Comedies,This is a placeholder description for the show or movie.
s4231,TV Show,Title_4231,Greta Gerwig,"Zendaya, Shah Rukh Khan, Henry Cavill",United States,TV-14,2023,"October 2, 2023",2 Seasons,International TV Shows,This is a placeholder description for the show or movie.
s4232,Movie,Title_4232,Martin Scorsese,Leonardo DiCaprio,Canada,PG-13,2023,"December 27, 2023",111 min,Action & Adventure,This is a placeholder description for the show or movie.
s4233,Movie,Title_4233,Martin Scorsese,"Henry Cavill, Song Kang, Leonardo DiCaprio",India,TV-MA,2012,"October 1, 2022",136 min,Thrillers,This is a placeholder description for the show or movie.
s4234,TV Show,Title_4234,nan,Millie Bobby Brown,India,PG-13,2011,"July 4, 2023",4 Seasons,Docuseries,This is a placeholder description for the show or movie.
s4235,Movie,Title_4235,Bong Joon Ho,"Shah Rukh Khan, Millie Bobby Brown",United States,PG-13,2018,"January 21, 2018",86 min,Comedies,This is a placeholder description for the show or movie.
s4236,Movie,Title_4236,Martin Scorsese,Zendaya,France,TV-PG,2011,"January 4, 2016",133 min,Thrillers,This is a placeholder description for the show or movie.
s4237,Movie,Title_4237,David Fincher,"Zendaya, Henry Cavill, Leonardo DiCaprio",United States,PG-13,2018,"July 16, 2019",105 min,Comedies,This is a placeholder description for the show or movie.
s4238,TV Show,Title_4238,David Fincher,"Henry Cavill, Shah Rukh Khan, Song Kang",United Kingdom,TV-PG,2011,"July 18, 2018",3 Seasons,TV Dramas,This is a placeholder description for the show or movie.
s4239,TV Show,Title_4239,Bong Joon Ho,Zendaya,India,TV-PG,2011,"January 26, 2021",1 Seasons,Crime TV Shows,This is a placeholder description for the show or movie.
s4240,Movie,Title_4240,Mike Flanagan,Leonardo DiCaprio,South Korea,R,2017,"December 23, 2018",98 min,Thrillers,This is a placeholder description for the show or movie.
s4241,TV Show,Title_4241,Mike Flanagan,"Zendaya, Shah Rukh Khan, Henry Cavill",United States,TV-MA,2011,"October 25, 2019",5 Seasons,TV Comedies,This is a placeholder description for the show or movie.
s4242,Movie,Title_4242,David Fincher,Henry Cavill,South Korea,TV-PG,2015,"October 14, 2020",97 min,Thrillers,This is a placeholder description for the show or movie.
s4243,TV Show,Title_4243,Martin Scorsese,"Millie Bobby Brown, Zendaya, Song Kang",United States,PG-13,2018,"December 20, 2022",2 Seasons,International TV Shows,This is a placeholder description for the show or movie.
s4244,Movie,Title_4244,Bong Joon Ho,"Zendaya, Henry Cavill",India,TV-PG,2015,"December 24, 2015",89 min,Dramas,This is a placeholder description for the show or movie.
s4245,Movie,Title_4245,Mike Flanagan,Leonardo DiCaprio,United Kingdom,TV-PG,2022,"July 6, 2022",102 min,Thrillers,This is a placeholder description for the show or movie.
s4246,TV Show,Title_4246,Mike Flanagan,"Song Kang, Zendaya, Leonardo DiCaprio",South Korea,TV-PG,2012,"October 20, 2019",5 Seasons,Crime TV Shows,This is a placeholder description for the show or movie.
s4247,Movie,Title_4247,Greta Gerwig,"Henry Cavill, Millie Bobby Brown",United Kingdom,TV-14,2019,"July 11, 2019",107 min,Action & Adventure,This is a placeholder description for the show or movie.
s4248,Movie,Title_4248,David Fincher,"Zendaya, Henry Cavill, Song Kang",Japan,TV-14,2015,"December 12, 2018",139 min,Documentaries,This is a placeholder description for the show or movie.
s4249,Movie,Title_4249,Martin Scorsese,"Zendaya, Shah Rukh Khan, Song Kang",United States,TV-14,2023,"December 20, 2023",106 min,Documentaries,This is a placeholder description for the show or movie.
s4250,TV Show,Title_4250,Bong Joon Ho,"Leonardo DiCaprio, Zendaya",France,TV-14,2013,"January 21, 2017",2 Seasons,International TV Shows,This is a placeholder description for the show or movie.
s4251,Movie,Title_4251,Mike Flanagan,"Zendaya, Millie Bobby Brown, Song Kang",United States,R,2016,"December 20, 2020",128 min,Dramas,This is a placeholder description for the show or movie.
s4252,Movie,Title_4252,Greta Gerwig,Song Kang,United Kingdom,TV-PG,2020,"October 23, 2020",148 min,Dramas,This is a placeholder description for the show or movie.
s4253,Movie,Title_4253,David Fincher,"Zendaya, Shah Rukh Khan, Millie Bobby Brown",India,R,2013,"July 25, 2018",139 min,Documentaries,This is a placeholder description for the show or movie.
s4254,Movie,Title_4254,David Fincher,Leonardo DiCaprio,India,PG-13,2021,"October 22, 2021",118 min,Dramas,This is a placeholder description for the show or movie.
s4255,Movie,Title_4255,Bong Joon Ho,"Shah Rukh Khan, Henry Cavill",United States,TV-MA,2015,"October 18, 2021",146 min,Documentaries,This is a placeholder description for the show or movie.
s4256,TV Show,Title_4256,Mike Flanagan,Leonardo DiCaprio,India,R,2022,"January 8, 2022",1 Seasons,Docuseries,This is a placeholder description for the show or movie.
s4257,TV Show,Title_4257,Bong Joon Ho,Leonardo DiCaprio,United States,TV-14,2015,"July 11, 2016",1 Seasons,Crime TV Shows,This is a placeholder description for the show or movie.
s4258,Movie,Title_4258,Bong Joon Ho,"Shah Rukh Khan, Leonardo DiCaprio, Henry Cavill",United States,TV-14,2020,"January 9, 2023",149 min,Comedies,This is a placeholder description for the show or movie.
s4259,Movie,Title_4259,nan,"Millie Bobby Brown, Zendaya, Song Kang",United States,PG-13,2023,"July 7, 2023",85 min,Action & Adventure,This is a placeholder description for the show or movie.
s4260,Movie,Title_4260,Greta Gerwig,"Zendaya, Millie Bobby Brown",India,TV-PG,2017,"July 17, 2017",128 min,Comedies,This is a placeholder description for the show or movie.
s4261,Movie,Title_4261,David Fincher,"Henry Cavill, Leonardo DiCaprio",United States,TV-MA,2008,"October 16, 2020",147 min,Comedies,This is a placeholder description for the show or movie.
s4262,TV Show,Title_4262,nan,"Millie Bobby Brown, Song Kang",United States,R,2023,"July 18, 2023",5 Seasons,International TV Shows,This is a placeholder description for the show or movie.
s4263,Movie,Title_4263,Martin Scorsese,"Shah Rukh Khan, Song Kang",United States,TV-PG,2023,"October 14, 2023",132 min,Thrillers,This is a placeholder description for the show or movie.
s4264,Movie,Title_4264,David Fincher,Song Kang,United States,TV-PG,2019,"October 12, 2019",100 min,Dramas,This is a placeholder description for the show or movie.
s4265,TV Show,Title_4265,David Fincher,"Zendaya, Henry Cavill, Leonardo DiCaprio",South Korea,R,2021,"July 16, 2021",5 Seasons,International TV Shows,This is a placeholder description for the show or movie.
s4266,Movie,Title_4266,Greta Gerwig,"Zendaya, Henry Cavill",France,R,2014,"July 2, 2019",98 min,Action & Adventure,This is a placeholder description for the show or movie.
s4267,Movie,Title_4267,Martin Scorsese,"Millie Bobby Brown, Henry Cavill",United States,R,2016,"January 21, 2017",146 min,Comedies,This is a placeholder description for the show or movie.
s4268,Movie,Title_4268,Mike Flanagan,"Millie Bobby Brown, Henry Cavill",United Kingdom,R,2018,"October 28, 2018",86 min,Thrillers,This is a placeholder description for the show or movie.
s4269,TV Show,Title_4269,Martin Scorsese,Zendaya,United Kingdom,TV-14,2018,"July 6, 2018",2 Seasons,International TV Shows,This is a placeholder description for the show or movie.
s4270,TV Show,Title_4270,Mike Flanagan,"Leonardo DiCaprio, Shah Rukh Khan",India,TV-PG,2016,"October 3, 2016",3 Seasons,TV Comedies,This is a placeholder description for the show or movie.
s4271,Movie,Title_4271,Martin Scorsese,"Shah Rukh Khan, Millie Bobby Brown",United Kingdom,TV-PG,2014,"January 6, 2020",104 min,Thrillers,This is a placeholder description for the show or movie.
s4272,TV Show,Title_4272,Bong Joon Ho,"Song Kang, Millie Bobby Brown",United States,TV-14,2009,"October 18, 2017",5 Seasons,TV Dramas,This is a placeholder description for the show or movie.
s4273,Movie,Title_4273,Martin Scorsese,Shah Rukh Khan,India,TV-PG,2020,"October 11, 2020",128 min,Dramas,This is a placeholder description for the show or movie.
s4274,Movie,Title_4274,nan,"Leonardo DiCaprio, Zendaya",United States,R,2023,"December 5, 2023",92 min,Comedies,This is a placeholder description for the show or movie.
s4275,Movie,Title_4275,nan,Millie Bobby Brown,United States,TV-MA,2015,"October 1, 2017",131 min,Comedies,This is a placeholder description for the show or movie.
s4276,Movie,Title_4276,Greta Gerwig,"Millie Bobby Brown, Zendaya",United Kingdom,TV-PG,2019,"July 4, 2019",129 min,Comedies,This is a placeholder description for the show or movie.
s4277,Movie,Title_4277,Mike Flanagan,"Song Kang, Millie Bobby Brown, Shah Rukh Khan",India,TV-MA,2007,"July 18, 2018",148 min,Thrillers,This is a placeholder description for the show or movie.
s4278,Movie,Title_4278,David Fincher,Song Kang,United States,TV-MA,2017,"December 17, 2020",87 min,Thrillers,This is a placeholder description for the show or movie.
s4279,Movie,Title_4279,Greta Gerwig,"Henry Cavill, Millie Bobby Brown",India,TV-14,2014,"July 6, 2023",129 min,Documentaries,This is a placeholder description for the show or movie.
s4280,Movie,Title_4280,nan,"Song Kang, Millie Bobby Brown, Henry Cavill",South Korea,PG-13,2010,"October 24, 2016",128 min,Action & Adventure,This is a placeholder description for the show or movie.
s4281,Movie,Title_4281,nan,Leonardo DiCaprio,South Korea,TV-PG,2020,"July 23, 2020",124 min,Thrillers,This is a placeholder description for the show or movie.
s4282,TV Show,Title_4282,Mike Flanagan,"Henry Cavill, Zendaya, Song Kang",United Kingdom,TV-14,2011,"January 27, 2020",4 Seasons,TV Dramas,This is a placeholder description for the show or movie.
s4283,Movie,Title_4283,nan,Leonardo DiCaprio,India,TV-14,2012,"December 23, 2019",85 min,Comedies,This is a placeholder description for the show or movie.
s4284,Movie,Title_4284,nan,"Leonardo DiCaprio, Henry Cavill, Millie Bobby Brown",India,TV-MA,2014,"July 11, 2017",127 min,Thrillers,This is a placeholder description for the show or movie.
s4285,Movie,Title_4285,Mike Flanagan,Henry Cavill,United States,TV-PG,2007,"January 6, 2020",105 min,Dramas,This is a placeholder description for the show or movie.
s4286,Movie,Title_4286,nan,"Leonardo DiCaprio, Shah Rukh Khan, Henry Cavill",United States,TV-14,2011,"October 9, 2019",150 min,Comedies,This is a placeholder description for the show or movie.
s4287,TV Show,Title_4287,David Fincher,"Leonardo DiCaprio, Shah Rukh Khan, Henry Cavill",United States,R,2015,"December 18, 2019",1 Seasons,TV Comedies,This is a placeholder description for the show or movie.
s4288,Movie,Title_4288,Bong Joon Ho,Henry Cavill,India,TV-14,2017,"October 15, 2020",139 min,Action & Adventure,This is a placeholder description for the show or movie.
s4289,Movie,Title_4289,Greta Gerwig,Millie Bobby Brown,India,R,2014,"July 14, 2023",80 min,Comedies,This is a placeholder description for the show or movie.
s4290,TV Show,Title_4290,David Fincher,"Millie Bobby Brown, Song Kang",France,PG-13,2008,"December 25, 2019",5 Seasons,Docuseries,This is a placeholder description for the show or movie.
s4291,Movie,Title_4291,David Fincher,Leonardo DiCaprio,South Korea,R,2022,"January 19, 2022",144 min,Dramas,This is a placeholder description for the show or movie.
s4292,Movie,Title_4292,Bong Joon Ho,"Zendaya, Shah Rukh Khan, Song Kang",United States,R,2013,"January 25, 2017",81 min,Comedies,This is a placeholder description for the show or movie.
s4293,Movie,Title_4293,Greta Gerwig,"Song Kang, Millie Bobby Brown, Leonardo DiCaprio",United States,TV-MA,2012,"December 28, 2021",139 min,Dramas,This is a placeholder description for the show or movie.
s4294,TV Show,Title_4294,David Fincher,"Millie Bobby Brown, Leonardo DiCaprio",United States,TV-14,2014,"October 12, 2020",3 Seasons,TV Comedies,This is a placeholder description for the show or movie.
s4295,Movie,Title_4295,nan,"Henry Cavill, Shah Rukh Khan, Zendaya",Canada,PG-13,2019,"December 12, 2023",98 min,Thrillers,This is a placeholder description for the show or movie.
s4296,Movie,Title_4296,Bong Joon Ho,"Leonardo DiCaprio, Song Kang",Canada,TV-14,2019,"December 2, 2019",96 min,Comedies,This is a placeholder description for the show or movie.
s4297,Movie,Title_4297,Greta Gerwig,"Leonardo DiCaprio, Shah Rukh Khan, Henry Cavill",France,R,2010,"October 23, 2019",121 min,Comedies,This is a placeholder description for the show or movie.
s4298,Movie,Title_4298,Martin Scorsese,"Henry Cavill, Shah Rukh Khan",India,R,2017,"December 25, 2017",139 min,Dramas,This is a placeholder description for the show or movie.
s4299,Movie,Title_4299,Mike Flanagan,Shah Rukh Khan,South Korea,TV-14,2014,"January 25, 2020",99 min,Documentaries,This is a placeholder description for the show or movie.
s4300,Movie,Title_4300,nan,Henry Cavill,India,PG-13,2015,"October 8, 2022",127 min,Action & Adventure,This is a placeholder description for the show or movie.
s4301,Movie,Title_4301,Bong Joon Ho,"Millie Bobby Brown, Song Kang, Zendaya",Japan,PG-13,2010,"December 10, 2022",136 min,Thrillers,This is a placeholder description for the show or movie.
s4302,TV Show,Title_4302,Mike Flanagan,Shah Rukh Khan,Canada,TV-MA,2022,"January 28, 2022",2 Seasons,TV Dramas,This is a placeholder description for the show or movie.
s4303,TV Show,Title_4303,Martin Scorsese,"Henry Cavill, Leonardo DiCaprio, Shah Rukh Khan",United Kingdom,R,2010,"January 15, 2020",3 Seasons,TV Comedies,This is a placeholder description for the show or movie.
s4304,Movie,Title_4304,David Fincher,"Leonardo DiCaprio, Zendaya, Henry Cavill",India,R,2014,"July 26, 2015",97 min,Documentaries,This is a placeholder description for the show or movie.
s4305,TV Show,Title_4305,David Fincher,"Leonardo DiCaprio, Henry Cavill",Canada,TV-MA,2015,"July 12, 2017",5 Seasons,Crime TV Shows,This is a placeholder description for the show or movie.
s4306,Movie,Title_4306,Greta Gerwig,"Song Kang, Henry Cavill",India,TV-14,2022,"July 17, 2022",143 min,Documentaries,This is a placeholder description for the show or movie.
s4307,Movie,Title_4307,Bong Joon Ho,Henry Cavill,United States,R,2012,"October 27, 2017",117 min,Thrillers,This is a placeholder description for the show or movie.
s4308,Movie,Title_4308,Bong Joon Ho,"Henry Cavill, Song Kang, Zendaya",United States,TV-14,2016,"July 2, 2019",135 min,Action & Adventure,This is a placeholder description for the show or movie.
s4309,TV Show,Title_4309,Greta Gerwig,Millie Bobby Brown,India,PG-13,2023,"December 17, 2023",2 Seasons,TV Dramas,This is a placeholder description for the show or movie.
s4310,TV Show,Title_4310,Mike Flanagan,"Henry Cavill, Millie Bobby Brown",India,TV-PG,2018,"December 12, 2019",3 Seasons,TV Dramas,This is a placeholder description for the show or movie.
s4311,Movie,Title_4311,David Fincher,"Henry Cavill, Leonardo DiCaprio, Shah Rukh Khan",United States,TV-MA,2009,"October 25, 2023",110 min,Thrillers,This is a placeholder description for the show or movie.
s4312,TV Show,Title_4312,David Fincher,"Zendaya, Millie Bobby Brown, Shah Rukh Khan",United States,R,2015,"July 21, 2023",3 Seasons,Docuseries,This is a placeholder description for the show or movie.
s4313,Movie,Title_4313,Bong Joon Ho,Leonardo DiCaprio,United States,TV-MA,2018,"December 4, 2023",125 min,Action & Adventure,This is a placeholder description for the show or movie.
s4314,TV Show,Title_4314,Bong Joon Ho,"Zendaya, Shah Rukh Khan, Millie Bobby Brown",India,PG-13,2021,"July 21, 2021",5 Seasons,TV Comedies,This is a placeholder description for the show or movie.
s4315,TV Show,Title_4315,Greta Gerwig,Zendaya,United States,PG-13,2014,"December 20, 2019",4 Seasons,TV Comedies,This is a placeholder description for the show or movie.
s4316,Movie,Title_4316,Martin Scorsese,Leonardo DiCaprio,United States,PG-13,2013,"October 23, 2018",106 min,Comedies,This is a placeholder description for the show or movie.
s4317,TV Show,Title_4317,Mike Flanagan,"Song Kang, Leonardo DiCaprio",United States,PG-13,2011,"December 6, 2020",1 Seasons,Docuseries,This is a placeholder description for the show or movie.
s4318,Movie,Title_4318,nan,"Henry Cavill, Leonardo DiCaprio, Millie Bobby Brown",United States,TV-PG,2019,"January 25, 2019",95 min,Documentaries,This is a placeholder description for the show or movie.
s4319,Movie,Title_4319,Martin Scorsese,Song Kang,South Korea,TV-14,2023,"January 11, 2023",119 min,Documentaries,This is a placeholder description for the show or movie.
s4320,Movie,Title_4320,Martin Scorsese,Shah Rukh Khan,United States,TV-14,2013,"January 11, 2015",141 min,Dramas,This is a placeholder description for the show or movie.
s4321,Movie,Title_4321,Bong Joon Ho,Song Kang,Canada,TV-PG,2018,"January 2, 2019",132 min,Thrillers,This is a placeholder description for the show or movie.
s4322,TV Show,Title_4322,Bong Joon Ho,Millie Bobby Brown,India,TV-14,2021,"December 3, 2021",3 Seasons,International TV Shows,This is a placeholder description for the show or movie.
s4323,TV Show,Title_4323,Bong Joon Ho,"Leonardo DiCaprio, Song Kang, Zendaya",France,PG-13,2012,"December 10, 2023",2 Seasons,TV Dramas,This is a placeholder description for the show or movie.
s4324,Movie,Title_4324,Martin Scorsese,"Millie Bobby Brown, Leonardo DiCaprio, Song Kang",United States,TV-14,2020,"October 28, 2020",95 min,Documentaries,This is a placeholder description for the show or movie.
s4325,TV Show,Title_4325,Mike Flanagan,"Song Kang, Leonardo DiCaprio",United States,TV-MA,2018,"July 18, 2021",4 Seasons,International TV Shows,This is a placeholder description for the show or movie.
s4326,TV Show,Title_4326,Bong Joon Ho,"Henry Cavill, Millie Bobby Brown",United States,TV-14,2010,"October 15, 2020",3 Seasons,Crime TV Shows,This is a placeholder description for the show or movie.
s4327,Movie,Title_4327,David Fincher,"Zendaya, Shah Rukh Khan",United States,TV-MA,2015,"January 1, 2021",150 min,Comedies,This is a placeholder description for the show or movie.
s4328,TV Show,Title_4328,Mike Flanagan,"Henry Cavill, Song Kang, Leonardo DiCaprio",United Kingdom,R,2014,"December 13, 2018",1 Seasons,TV Dramas,This is a placeholder description for the show or movie.
s4329,Movie,Title_4329,David Fincher,"Shah Rukh Khan, Millie Bobby Brown, Henry Cavill",United States,TV-MA,2023,"July 14, 2023",117 min,Action & Adventure,This is a placeholder description for the show or movie.
s4330,TV Show,Title_4330,Mike Flanagan,"Song Kang, Millie Bobby Brown, Henry Cavill",United States,TV-MA,2001,"January 26, 2023",4 Seasons,International TV Shows,This is a placeholder description for the show or movie.
s4331,Movie,Title_4331,Bong Joon Ho,Shah Rukh Khan,Japan,PG-13,2017,"December 1, 2017",114 min,Comedies,This is a placeholder description for the show or movie.
s4332,Movie,Title_4332,nan,Zendaya,India,PG-13,2012,"October 28, 2017",95 min,Documentaries,This is a placeholder description for the show or movie.
s4333,Movie,Title_4333,Greta Gerwig,"Shah Rukh Khan, Song Kang",United States,PG-13,2014,"December 18, 2016",113 min,Thrillers,This is a placeholder description for the show or movie.
s4334,Movie,Title_4334,Bong Joon Ho,Henry Cavill,United States,TV-MA,2011,"January 12, 2016",144 min,Thrillers,This is a placeholder description for the show or movie.
s4335,Movie,Title_4335,Martin Scorsese,Song Kang,United States,TV-PG,2019,"December 16, 2020",99 min,Comedies,This is a placeholder description for the show or movie.
s4336,Movie,Title_4336,nan,"Leonardo DiCaprio, Shah Rukh Khan",France,PG-13,2020,"July 1, 2020",105 min,Comedies,This is a placeholder description for the show or movie.
s4337,Movie,Title_4337,Martin Scorsese,"Leonardo DiCaprio, Millie Bobby Brown",South Korea,PG-13,2011,"January 11, 2021",147 min,Comedies,This is a placeholder description for the show or movie.
s4338,TV Show,Title_4338,Mike Flanagan,"Millie Bobby Brown, Leonardo DiCaprio, Zendaya",South Korea,TV-MA,2012,"December 27, 2021",4 Seasons,International TV Shows,This is a placeholder description for the show or movie.
s4339,Movie,Title_4339,Martin Scorsese,Shah Rukh Khan,France,R,2012,"January 19, 2017",140 min,Thrillers,This is a placeholder description for the show or movie.
s4340,Movie,Title_4340,nan,"Zendaya, Henry Cavill, Shah Rukh Khan",India,R,2016,"July 15, 2022",107 min,Thrillers,This is a placeholder description for the show or movie.
s4341,Movie,Title_4341,nan,"Shah Rukh Khan, Leonardo DiCaprio",United States,TV-14,2018,"January 24, 2020",110 min,Comedies,This is a placeholder description for the show or movie.
s4342,Movie,Title_4342,Bong Joon Ho,Song Kang,India,R,2023,"July 7, 2023",146 min,Dramas,This is a placeholder description for the show or movie.
s4343,TV Show,Title_4343,David Fincher,Henry Cavill,Canada,PG-13,2012,"July 17, 2016",2 Seasons,TV Dramas,This is a placeholder description for the show or movie.
s4344,TV Show,Title_4344,Bong Joon Ho,"Zendaya, Song Kang, Leonardo DiCaprio",Japan,TV-PG,2009,"January 17, 2017",2 Seasons,Crime TV Shows,This is a placeholder description for the show or movie.
s4345,Movie,Title_4345,Mike Flanagan,"Shah Rukh Khan, Leonardo DiCaprio",India,TV-14,2021,"December 14, 2021",145 min,Dramas,This is a placeholder description for the show or movie.
s4346,Movie,Title_4346,Martin Scorsese,Henry Cavill,India,TV-PG,2016,"October 8, 2016",140 min,Comedies,This is a placeholder description for the show or movie.
s4347,TV Show,Title_4347,David Fincher,Henry Cavill,France,TV-PG,2014,"January 6, 2018",3 Seasons,Crime TV Shows,This is a placeholder description for the show or movie.
s4348,Movie,Title_4348,Greta Gerwig,"Shah Rukh Khan, Zendaya, Song Kang",United States,PG-13,2021,"July 2, 2021",105 min,Thrillers,This is a placeholder description for the show or movie.
s4349,TV Show,Title_4349,nan,"Zendaya, Song Kang, Henry Cavill",Japan,TV-MA,2015,"December 24, 2023",4 Seasons,TV Dramas,This is a placeholder description for the show or movie.
s4350,Movie,Title_4350,David Fincher,"Shah Rukh Khan, Henry Cavill, Song Kang",United States,TV-MA,2015,"December 8, 2015",123 min,Comedies,This is a placeholder description for the show or movie.
s4351,TV Show,Title_4351,David Fincher,"Song Kang, Leonardo DiCaprio",India,TV-MA,2023,"October 1, 2023",2 Seasons,Docuseries,This is a placeholder description for the show or movie.
s4352,Movie,Title_4352,Bong Joon Ho,"Henry Cavill, Millie Bobby Brown, Shah Rukh Khan",United States,R,2022,"December 8, 2022",118 min,Action & Adventure,This is a placeholder description for the show or movie.
s4353,Movie,Title_4353,Greta Gerwig,Henry Cavill,United Kingdom,TV-MA,2023,"January 9, 2023",86 min,Thrillers,This is a placeholder description for the show or movie.
s4354,TV Show,Title_4354,nan,"Shah Rukh Khan, Song Kang, Leonardo DiCaprio",India,PG-13,2015,"October 17, 2017",2 Seasons,TV Comedies,This is a placeholder description for the show or movie.
s4355,Movie,Title_4355,Mike Flanagan,"Millie Bobby Brown, Shah Rukh Khan",United States,R,2022,"October 26, 2022",101 min,Thrillers,This is a placeholder description for the show or movie.
s4356,Movie,Title_4356,Mike Flanagan,"Henry Cavill, Millie Bobby Brown, Leonardo DiCaprio",Japan,TV-MA,2020,"December 19, 2020",136 min,Dramas,This is a placeholder description for the show or movie.
s4357,Movie,Title_4357,David Fincher,"Leonardo DiCaprio, Shah Rukh Khan, Zendaya",United Kingdom,TV-PG,2017,"July 20, 2017",97 min,Comedies,This is a placeholder description for the show or movie.
s4358,Movie,Title_4358,David Fincher,"Henry Cavill, Leonardo DiCaprio, Millie Bobby Brown",Canada,PG-13,2023,"December 22, 2023",94 min,Action & Adventure,This is a placeholder description for the show or movie.
s4359,Movie,Title_4359,Martin Scorsese,Leonardo DiCaprio,United States,PG-13,2020,"July 6, 2021",123 min,Action & Adventure,This is a placeholder description for the show or movie.
s4360,Movie,Title_4360,Greta Gerwig,Zendaya,Japan,TV-14,2023,"October 7, 2023",118 min,Comedies,This is a placeholder description for the show or movie.
s4361,Movie,Title_4361,nan,Millie Bobby Brown,United States,PG-13,2017,"July 2, 2021",131 min,Comedies,This is a placeholder description for the show or movie.
s4362,Movie,Title_4362,David Fincher,"Shah Rukh Khan, Zendaya",United States,TV-PG,2023,"July 4, 2023",87 min,Thrillers,This is a placeholder description for the show or movie.
s4363,TV Show,Title_4363,Martin Scorsese,"Song Kang, Shah Rukh Khan",United States,PG-13,2012,"July 26, 2018",4 Seasons,Crime TV Shows,This is a placeholder description for the show or movie.
s4364,Movie,Title_4364,Greta Gerwig,Zendaya,India,TV-14,2011,"January 15, 2021",120 min,Comedies,This is a placeholder description for the show or movie.
s4365,Movie,Title_4365,nan,Zendaya,Japan,PG-13,2023,"December 19, 2023",85 min,Documentaries,This is a placeholder description for the show or movie.
s4366,TV Show,Title_4366,Mike Flanagan,"Millie Bobby Brown, Shah Rukh Khan, Henry Cavill",United States,PG-13,2009,"July 22, 2023",2 Seasons,TV Dramas,This is a placeholder description for the show or movie.
s4367,Movie,Title_4367,Martin Scorsese,Song Kang,United States,TV-14,2009,"January 9, 2015",109 min,Documentaries,This is a placeholder description for the show or movie.
s4368,Movie,Title_4368,Greta Gerwig,"Song Kang, Shah Rukh Khan",South Korea,PG-13,2017,"July 1, 2020",133 min,Action & Adventure,This is a placeholder description for the show or movie.
s4369,Movie,Title_4369,Martin Scorsese,"Shah Rukh Khan, Henry Cavill",United Kingdom,R,2020,"October 11, 2020",103 min,Dramas,This is a placeholder description for the show or movie.
s4370,Movie,Title_4370,David Fincher,"Leonardo DiCaprio, Zendaya, Millie Bobby Brown",South Korea,PG-13,2023,"December 18, 2023",84 min,Action & Adventure,This is a placeholder description for the show or movie.
s4371,Movie,Title_4371,Bong Joon Ho,"Millie Bobby Brown, Zendaya",United States,TV-MA,2023,"January 15, 2023",130 min,Comedies,This is a placeholder description for the show or movie.
s4372,Movie,Title_4372,Mike Flanagan,"Leonardo DiCaprio, Song Kang, Millie Bobby Brown",Canada,TV-MA,2011,"December 24, 2019",105 min,Action & Adventure,This is a placeholder description for the show or movie.
s4373,Movie,Title_4373,David Fincher,"Henry Cavill, Leonardo DiCaprio",United States,R,2023,"October 9, 2023",96 min,Thrillers,This is a placeholder description for the show or movie.
s4374,Movie,Title_4374,David Fincher,"Zendaya, Leonardo DiCaprio, Song Kang",France,PG-13,2014,"October 11, 2020",90 min,Documentaries,This is a placeholder description for the show or movie.
s4375,Movie,Title_4375,Greta Gerwig,Leonardo DiCaprio,India,TV-PG,2015,"December 18, 2017",110 min,Dramas,This is a placeholder description for the show or movie.
s4376,Movie,Title_4376,Martin Scorsese,"Shah Rukh Khan, Henry Cavill",United Kingdom,PG-13,2015,"December 23, 2023",96 min,Documentaries,This is a placeholder description for the show or movie.
s4377,Movie,Title_4377,Mike Flanagan,"Millie Bobby Brown, Leonardo DiCaprio, Zendaya",United States,TV-MA,2017,"January 23, 2017",124 min,Thrillers,This is a placeholder description for the show or movie.
s4378,TV Show,Title_4378,David Fincher,"Zendaya, Henry Cavill",United States,TV-14,2010,"October 16, 2023",2 Seasons,TV Dramas,This is a placeholder description for the show or movie.
s4379,Movie,Title_4379,Greta Gerwig,Zendaya,United States,R,2016,"October 2, 2021",90 min,Action & Adventure,This is a placeholder description for the show or movie.
s4380,Movie,Title_4380,Mike Flanagan,Zendaya,United States,TV-14,2014,"December 6, 2020",146 min,Thrillers,This is a placeholder description for the show or movie.
s4381,Movie,Title_4381,Martin Scorsese,"Henry Cavill, Leonardo DiCaprio",United States,TV-PG,2023,"December 3, 2023",119 min,Comedies,This is a placeholder description for the show or movie.
s4382,Movie,Title_4382,David Fincher,"Shah Rukh Khan, Millie Bobby Brown, Zendaya",Canada,PG-13,2020,"July 26, 2020",110 min,Thrillers,This is a placeholder description for the show or movie.
s4383,Movie,Title_4383,nan,Zendaya,United States,TV-PG,2023,"October 21, 2023",115 min,Comedies,This is a placeholder description for the show or movie.
s4384,Movie,Title_4384,David Fincher,Song Kang,South Korea,TV-14,2015,"January 3, 2019",95 min,Dramas,This is a placeholder description for the show or movie.
s4385,TV Show,Title_4385,David Fincher,"Song Kang, Henry Cavill, Millie Bobby Brown",United States,PG-13,2015,"December 4, 2018",2 Seasons,TV Dramas,This is a placeholder description for the show or movie.
s4386,Movie,Title_4386,Mike Flanagan,"Song Kang, Zendaya",United States,TV-PG,2005,"January 14, 2019",138 min,Documentaries,This is a placeholder description for the show or movie.
s4387,TV Show,Title_4387,Mike Flanagan,"Song Kang, Millie Bobby Brown, Shah Rukh Khan",South Korea,TV-MA,2017,"January 8, 2021",2 Seasons,Crime TV Shows,This is a placeholder description for the show or movie.
s4388,Movie,Title_4388,Mike Flanagan,"Song Kang, Shah Rukh Khan, Leonardo DiCaprio",Canada,TV-MA,2015,"October 8, 2017",109 min,Documentaries,This is a placeholder description for the show or movie.
s4389,Movie,Title_4389,Mike Flanagan,"Shah Rukh Khan, Zendaya",India,R,2017,"December 15, 2017",118 min,Thrillers,This is a placeholder description for the show or movie.
s4390,Movie,Title_4390,Greta Gerwig,Song Kang,United States,TV-MA,2018,"January 13, 2018",86 min,Comedies,This is a placeholder description for the show or movie.
s4391,Movie,Title_4391,Bong Joon Ho,"Zendaya, Henry Cavill, Shah Rukh Khan",United Kingdom,TV-MA,2023,"July 9, 2023",99 min,Documentaries,This is a placeholder description for the show or movie.
s4392,Movie,Title_4392,Greta Gerwig,"Song Kang, Zendaya, Leonardo DiCaprio",India,TV-14,2013,"July 1, 2021",134 min,Comedies,This is a placeholder description for the show or movie.
s4393,Movie,Title_4393,David Fincher,Millie Bobby Brown,United States,TV-MA,2018,"January 8, 2018",98 min,Documentaries,This is a placeholder description for the show or movie.
s4394,Movie,Title_4394,Greta Gerwig,"Henry Cavill, Song Kang",United Kingdom,TV-MA,2007,"December 7, 2020",97 min,Comedies,This is a placeholder description for the show or movie.
s4395,TV Show,Title_4395,Martin Scorsese,"Millie Bobby Brown, Song Kang",India,TV-14,2014,"July 10, 2023",4 Seasons,Docuseries,This is a placeholder description for the show or movie.
s4396,TV Show,Title_4396,nan,"Leonardo DiCaprio, Henry Cavill, Song Kang",United States,TV-MA,2018,"July 5, 2018",3 Seasons,Docuseries,This is a placeholder description for the show or movie.
s4397,Movie,Title_4397,Mike Flanagan,"Song Kang, Millie Bobby Brown",France,TV-MA,2023,"December 16, 2023",93 min,Comedies,This is a placeholder description for the show or movie.
s4398,Movie,Title_4398,Martin Scorsese,"Henry Cavill, Millie Bobby Brown",South Korea,R,1999,"July 2, 2018",144 min,Thrillers,This is a placeholder description for the show or movie.
s4399,Movie,Title_4399,nan,"Henry Cavill, Zendaya",United States,TV-MA,2011,"July 2, 2017",136 min,Action & Adventure,This is a placeholder description for the show or movie.
s4400,Movie,Title_4400,Martin Scorsese,"Song Kang, Leonardo DiCaprio",India,TV-MA,2017,"October 27, 2021",124 min,Dramas,This is a placeholder description for the show or movie.
s4401,Movie,Title_4401,David Fincher,"Millie Bobby Brown, Henry Cavill, Leonardo DiCaprio",United States,R,2019,"July 5, 2023",106 min,Comedies,This is a placeholder description for the show or movie.
s4402,Movie,Title_4402,Mike Flanagan,"Song Kang, Zendaya, Millie Bobby Brown",South Korea,TV-14,2021,"December 4, 2021",118 min,Comedies,This is a placeholder description for the show or movie.
s4403,Movie,Title_4403,Martin Scorsese,"Leonardo DiCaprio, Zendaya, Henry Cavill",United Kingdom,TV-MA,2019,"December 13, 2023",96 min,Thrillers,This is a placeholder description for the show or movie.
s4404,Movie,Title_4404,David Fincher,"Henry Cavill, Millie Bobby Brown, Zendaya",United States,TV-PG,2016,"January 11, 2019",139 min,Thrillers,This is a placeholder description for the show or movie.
s4405,TV Show,Title_4405,Mike Flanagan,"Shah Rukh Khan, Henry Cavill, Song Kang",United States,TV-14,2008,"December 3, 2023",5 Seasons,TV Comedies,This is a placeholder description for the show or movie.
s4406,TV Show,Title_4406,Bong Joon Ho,"Millie Bobby Brown, Zendaya, Song Kang",United States,TV-14,2017,"July 19, 2023",4 Seasons,TV Dramas,This is a placeholder description for the show or movie.
s4407,TV Show,Title_4407,David Fincher,Shah Rukh Khan,India,TV-MA,2015,"December 16, 2020",5 Seasons,Crime TV Shows,This is a placeholder description for the show or movie.
s4408,Movie,Title_4408,Greta Gerwig,"Song Kang, Zendaya, Millie Bobby Brown",Canada,R,2020,"January 18, 2020",131 min,Action & Adventure,This is a placeholder description for the show or movie.
s4409,Movie,Title_4409,Mike Flanagan,"Leonardo DiCaprio, Song Kang",United States,TV-14,2019,"July 2, 2020",149 min,Action & Adventure,This is a placeholder description for the show or movie.
s4410,Movie,Title_4410,Martin Scorsese,Zendaya,United States,R,2016,"July 20, 2023",144 min,Comedies,This is a placeholder description for the show or movie.
s4411,Movie,Title_4411,nan,"Song Kang, Zendaya, Leonardo DiCaprio",United States,TV-PG,2013,"July 21, 2020",103 min,Action & Adventure,This is a placeholder description for the show or movie.
s4412,Movie,Title_4412,Martin Scorsese,"Leonardo DiCaprio, Henry Cavill",United States,R,2023,"October 10, 2023",86 min,Dramas,This is a placeholder description for the show or movie.
s4413,TV Show,Title_4413,Greta Gerwig,"Millie Bobby Brown, Henry Cavill, Zendaya",United States,PG-13,2016,"December 4, 2023",4 Seasons,TV Dramas,This is a placeholder description for the show or movie.
s4414,Movie,Title_4414,Greta Gerwig,"Song Kang, Shah Rukh Khan, Zendaya",India,R,2020,"December 7, 2020",141 min,Documentaries,This is a placeholder description for the show or movie.
s4415,Movie,Title_4415,Martin Scorsese,Henry Cavill,United Kingdom,TV-14,2022,"July 19, 2022",92 min,Action & Adventure,This is a placeholder description for the show or movie.
s4416,Movie,Title_4416,nan,Leonardo DiCaprio,France,R,2010,"December 21, 2023",90 min,Documentaries,This is a placeholder description for the show or movie.
s4417,Movie,Title_4417,Mike Flanagan,"Song Kang, Leonardo DiCaprio, Zendaya",France,R,2012,"January 28, 2023",122 min,Thrillers,This is a placeholder description for the show or movie.
s4418,Movie,Title_4418,David Fincher,Leonardo DiCaprio,India,PG-13,2015,"October 28, 2023",98 min,Action & Adventure,This is a placeholder description for the show or movie.
s4419,Movie,Title_4419,Greta Gerwig,"Millie Bobby Brown, Leonardo DiCaprio",Canada,PG-13,2011,"January 22, 2023",101 min,Thrillers,This is a placeholder description for the show or movie.
s4420,Movie,Title_4420,Greta Gerwig,"Leonardo DiCaprio, Millie Bobby Brown",France,TV-MA,2020,"July 1, 2022",97 min,Thrillers,This is a placeholder description for the show or movie.
s4421,Movie,Title_4421,Greta Gerwig,"Song Kang, Henry Cavill",United States,TV-14,2022,"December 21, 2022",125 min,Thrillers,This is a placeholder description for the show or movie.
s4422,TV Show,Title_4422,nan,"Shah Rukh Khan, Zendaya",United States,TV-MA,2011,"January 10, 2019",2 Seasons,Crime TV Shows,This is a placeholder description for the show or movie.
s4423,Movie,Title_4423,Bong Joon Ho,"Song Kang, Millie Bobby Brown, Leonardo DiCaprio",United States,PG-13,2019,"October 6, 2019",121 min,Comedies,This is a placeholder description for the show or movie.
s4424,TV Show,Title_4424,nan,"Henry Cavill, Leonardo DiCaprio",India,R,2019,"January 23, 2020",4 Seasons,TV Comedies,This is a placeholder description for the show or movie.
s4425,Movie,Title_4425,Mike Flanagan,Millie Bobby Brown,South Korea,PG-13,2013,"December 2, 2021",140 min,Action & Adventure,This is a placeholder description for the show or movie.
s4426,Movie,Title_4426,Mike Flanagan,"Shah Rukh Khan, Leonardo DiCaprio, Henry Cavill",United States,TV-PG,2016,"January 7, 2017",147 min,Action & Adventure,This is a placeholder description for the show or movie.
s4427,Movie,Title_4427,Mike Flanagan,"Song Kang, Henry Cavill",India,R,2021,"December 13, 2021",105 min,Dramas,This is a placeholder description for the show or movie.
s4428,Movie,Title_4428,Mike Flanagan,Leonardo DiCaprio,India,TV-MA,2015,"July 15, 2020",122 min,Documentaries,This is a placeholder description for the show or movie.
s4429,Movie,Title_4429,Mike Flanagan,"Shah Rukh Khan, Song Kang",United States,R,2023,"July 23, 2023",144 min,Documentaries,This is a placeholder description for the show or movie.
s4430,TV Show,Title_4430,Martin Scorsese,"Millie Bobby Brown, Zendaya, Henry Cavill",United States,TV-PG,2020,"October 21, 2020",5 Seasons,Docuseries,This is a placeholder description for the show or movie.
s4431,TV Show,Title_4431,Greta Gerwig,"Song Kang, Leonardo DiCaprio, Henry Cavill",United States,PG-13,2017,"October 16, 2019",5 Seasons,Crime TV Shows,This is a placeholder description for the show or movie.
s4432,Movie,Title_4432,nan,"Henry Cavill, Leonardo DiCaprio, Shah Rukh Khan",United States,TV-14,2019,"December 23, 2019",102 min,Thrillers,This is a placeholder description for the show or movie.
s4433,Movie,Title_4433,Martin Scorsese,"Leonardo DiCaprio, Song Kang",South Korea,TV-14,2023,"December 16, 2023",96 min,Thrillers,This is a placeholder description for the show or movie.
s4434,TV Show,Title_4434,nan,"Henry Cavill, Zendaya",South Korea,TV-14,2009,"January 12, 2023",5 Seasons,TV Comedies,This is a placeholder description for the show or movie.
s4435,Movie,Title_4435,Bong Joon Ho,"Song Kang, Shah Rukh Khan, Henry Cavill",South Korea,PG-13,2016,"July 10, 2023",118 min,Comedies,This is a placeholder description for the show or movie.
s4436,Movie,Title_4436,David Fincher,"Leonardo DiCaprio, Millie Bobby Brown, Zendaya",Canada,TV-14,2023,"July 13, 2023",92 min,Action & Adventure,This is a placeholder description for the show or movie.
s4437,Movie,Title_4437,Greta Gerwig,"Leonardo DiCaprio, Millie Bobby Brown",South Korea,TV-PG,2017,"January 28, 2020",148 min,Thrillers,This is a placeholder description for the show or movie.
s4438,TV Show,Title_4438,Bong Joon Ho,"Zendaya, Song Kang",United Kingdom,PG-13,2011,"January 12, 2023",4 Seasons,Crime TV Shows,This is a placeholder description for the show or movie.
s4439,TV Show,Title_4439,Martin Scorsese,"Henry Cavill, Shah Rukh Khan",United Kingdom,TV-14,2013,"July 5, 2019",1 Seasons,TV Comedies,This is a placeholder description for the show or movie.
s4440,Movie,Title_4440,David Fincher,Leonardo DiCaprio,United Kingdom,TV-MA,2018,"July 10, 2019",95 min,Comedies,This is a placeholder description for the show or movie.
s4441,TV Show,Title_4441,Bong Joon Ho,"Millie Bobby Brown, Shah Rukh Khan",India,PG-13,2014,"December 8, 2023",3 Seasons,TV Comedies,This is a placeholder description for the show or movie.
s4442,TV Show,Title_4442,nan,"Millie Bobby Brown, Leonardo DiCaprio",United States,PG-13,2022,"January 3, 2022",3 Seasons,Docuseries,This is a placeholder description for the show or movie.
s4443,Movie,Title_4443,David Fincher,"Song Kang, Leonardo DiCaprio, Henry Cavill",Canada,R,2016,"July 26, 2023",145 min,Action & Adventure,This is a placeholder description for the show or movie.
s4444,Movie,Title_4444,nan,Henry Cavill,United States,TV-14,2015,"January 1, 2023",146 min,Thrillers,This is a placeholder description for the show or movie.
s4445,Movie,Title_4445,Bong Joon Ho,Leonardo DiCaprio,India,TV-MA,2018,"January 5, 2023",94 min,Thrillers,This is a placeholder description for the show or movie.
s4446,TV Show,Title_4446,Martin Scorsese,Shah Rukh Khan,India,TV-PG,2017,"January 19, 2020",1 Seasons,Docuseries,This is a placeholder description for the show or movie.
s4447,Movie,Title_4447,nan,"Song Kang, Zendaya, Millie Bobby Brown",United States,PG-13,2023,"October 3, 2023",137 min,Thrillers,This is a placeholder description for the show or movie.
s4448,TV Show,Title_4448,David Fincher,"Song Kang, Leonardo DiCaprio",France,TV-PG,2023,"December 18, 2023",5 Seasons,International TV Shows,This is a placeholder description for the show or movie.
s4449,Movie,Title_4449,Bong Joon Ho,"Leonardo DiCaprio, Shah Rukh Khan, Henry Cavill",United States,TV-PG,2020,"December 26, 2020",89 min,Dramas,This is a placeholder description for the show or movie.
s4450,TV Show,Title_4450,nan,"Zendaya, Millie Bobby Brown",United States,TV-PG,2019,"July 10, 2019",5 Seasons,International TV Shows,This is a placeholder description for the show or movie.
s4451,Movie,Title_4451,Martin Scorsese,Millie Bobby Brown,United States,R,2019,"January 17, 2021",148 min,Comedies,This is a placeholder description for the show or movie.
s4452,Movie,Title_4452,Greta Gerwig,"Shah Rukh Khan, Henry Cavill",South Korea,TV-PG,2008,"December 1, 2020",144 min,Thrillers,This is a placeholder description for the show or movie.
s4453,TV Show,Title_4453,Martin Scorsese,"Shah Rukh Khan, Henry Cavill",India,TV-14,2020,"December 19, 2020",3 Seasons,TV Dramas,This is a placeholder description for the show or movie.
s4454,TV Show,Title_4454,Martin Scorsese,"Shah Rukh Khan, Song Kang",United Kingdom,TV-14,2019,"July 4, 2019",1 Seasons,Docuseries,This is a placeholder description for the show or movie.
s4455,TV Show,Title_4455,Greta Gerwig,"Henry Cavill, Shah Rukh Khan, Leonardo DiCaprio",South Korea,TV-MA,2014,"January 2, 2023",3 Seasons,Crime TV Shows,This is a placeholder description for the show or movie.
s4456,Movie,Title_4456,Martin Scorsese,"Henry Cavill, Shah Rukh Khan",United States,TV-MA,2018,"December 1, 2021",114 min,Thrillers,This is a placeholder description for the show or movie.
s4457,TV Show,Title_4457,Greta Gerwig,"Henry Cavill, Leonardo DiCaprio, Millie Bobby Brown",United States,TV-PG,2015,"July 26, 2020",5 Seasons,Docuseries,This is a placeholder description for the show or movie.
s4458,Movie,Title_4458,Greta Gerwig,"Leonardo DiCaprio, Henry Cavill",United States,TV-PG,2006,"December 15, 2022",81 min,Documentaries,This is a placeholder description for the show or movie.
s4459,Movie,Title_4459,nan,"Millie Bobby Brown, Leonardo DiCaprio, Zendaya",Canada,R,2023,"January 20, 2023",99 min,Action & Adventure,This is a placeholder description for the show or movie.
s4460,Movie,Title_4460,nan,Shah Rukh Khan,United Kingdom,TV-PG,2013,"October 17, 2021",127 min,Dramas,This is a placeholder description for the show or movie.
s4461,Movie,Title_4461,Greta Gerwig,"Shah Rukh Khan, Millie Bobby Brown",United States,TV-PG,2023,"January 17, 2023",131 min,Dramas,This is a placeholder description for the show or movie.
s4462,Movie,Title_4462,Bong Joon Ho,"Leonardo DiCaprio, Zendaya",United States,TV-PG,2011,"January 16, 2019",95 min,Thrillers,This is a placeholder description for the show or movie.
s4463,TV Show,Title_4463,David Fincher,Leonardo DiCaprio,United States,PG-13,2012,"December 10, 2017",1 Seasons,TV Comedies,This is a placeholder description for the show or movie.
s4464,Movie,Title_4464,Bong Joon Ho,Henry Cavill,United Kingdom,PG-13,2016,"July 4, 2017",127 min,Action & Adventure,This is a placeholder description for the show or movie.
s4465,TV Show,Title_4465,Greta Gerwig,"Song Kang, Zendaya",United States,R,2014,"October 14, 2020",2 Seasons,TV Dramas,This is a placeholder description for the show or movie.
s4466,Movie,Title_4466,David Fincher,"Leonardo DiCaprio, Zendaya, Millie Bobby Brown",United States,R,2019,"December 27, 2019",150 min,Thrillers,This is a placeholder description for the show or movie.
s4467,Movie,Title_4467,nan,"Millie Bobby Brown, Zendaya",United States,TV-14,2019,"December 19, 2019",115 min,Action & Adventure,This is a placeholder description for the show or movie.
s4468,Movie,Title_4468,David Fincher,"Millie Bobby Brown, Shah Rukh Khan",United Kingdom,R,2021,"December 12, 2022",110 min,Dramas,This is a placeholder description for the show or movie.
s4469,TV Show,Title_4469,Greta Gerwig,"Millie Bobby Brown, Henry Cavill",United Kingdom,TV-14,2015,"January 6, 2021",5 Seasons,TV Comedies,This is a placeholder description for the show or movie.
s4470,TV Show,Title_4470,nan,Leonardo DiCaprio,India,TV-PG,2013,"July 24, 2023",5 Seasons,TV Comedies,This is a placeholder description for the show or movie.
s4471,TV Show,Title_4471,David Fincher,"Leonardo DiCaprio, Henry Cavill, Millie Bobby Brown",United Kingdom,R,2014,"July 23, 2021",2 Seasons,International TV Shows,This is a placeholder description for the show or movie.
s4472,TV Show,Title_4472,David Fincher,Shah Rukh Khan,India,R,2017,"December 18, 2017",4 Seasons,TV Comedies,This is a placeholder description for the show or movie.
s4473,Movie,Title_4473,Bong Joon Ho,"Shah Rukh Khan, Leonardo DiCaprio, Millie Bobby Brown",France,R,2022,"January 17, 2022",118 min,Dramas,This is a placeholder description for the show or movie.
s4474,Movie,Title_4474,David Fincher,"Shah Rukh Khan, Song Kang, Henry Cavill",United States,TV-14,2009,"October 1, 2011",139 min,Documentaries,This is a placeholder description for the show or movie.
s4475,TV Show,Title_4475,Greta Gerwig,"Song Kang, Leonardo DiCaprio",United Kingdom,TV-14,2013,"July 5, 2023",2 Seasons,Docuseries,This is a placeholder description for the show or movie.
s4476,Movie,Title_4476,Mike Flanagan,Zendaya,India,TV-MA,2023,"October 8, 2023",114 min,Documentaries,This is a placeholder description for the show or movie.
s4477,Movie,Title_4477,Mike Flanagan,"Henry Cavill, Millie Bobby Brown",United States,TV-14,2016,"July 2, 2018",83 min,Documentaries,This is a placeholder description for the show or movie.
s4478,Movie,Title_4478,Mike Flanagan,Millie Bobby Brown,Canada,TV-14,2011,"January 17, 2017",109 min,Documentaries,This is a placeholder description for the show or movie.
s4479,Movie,Title_4479,Greta Gerwig,"Henry Cavill, Leonardo DiCaprio",United States,PG-13,2022,"December 20, 2022",128 min,Documentaries,This is a placeholder description for the show or movie.
s4480,Movie,Title_4480,Mike Flanagan,"Millie Bobby Brown, Henry Cavill, Leonardo DiCaprio",United States,R,2019,"July 4, 2019",116 min,Action & Adventure,This is a placeholder description for the show or movie.
s4481,Movie,Title_4481,Bong Joon Ho,"Zendaya, Henry Cavill, Song Kang",United States,TV-14,2018,"July 1, 2018",112 min,Documentaries,This is a placeholder description for the show or movie.
s4482,Movie,Title_4482,Greta Gerwig,"Leonardo DiCaprio, Henry Cavill, Zendaya",United States,R,2022,"July 5, 2022",109 min,Thrillers,This is a placeholder description for the show or movie.
s4483,Movie,Title_4483,nan,"Leonardo DiCaprio, Millie Bobby Brown, Song Kang",India,R,2011,"December 5, 2023",144 min,Documentaries,This is a placeholder description for the show or movie.
s4484,Movie,Title_4484,Greta Gerwig,"Song Kang, Leonardo DiCaprio",India,PG-13,2009,"October 23, 2021",149 min,Dramas,This is a placeholder description for the show or movie.
s4485,Movie,Title_4485,Greta Gerwig,Zendaya,Canada,R,2020,"January 3, 2020",127 min,Dramas,This is a placeholder description for the show or movie.
s4486,TV Show,Title_4486,David Fincher,Song Kang,South Korea,TV-14,2017,"October 23, 2017",5 Seasons,Crime TV Shows,This is a placeholder description for the show or movie.
s4487,Movie,Title_4487,David Fincher,"Song Kang, Shah Rukh Khan, Zendaya",United States,R,2003,"January 19, 2016",142 min,Dramas,This is a placeholder description for the show or movie.
s4488,Movie,Title_4488,David Fincher,"Leonardo DiCaprio, Henry Cavill, Shah Rukh Khan",India,TV-MA,2014,"January 22, 2021",113 min,Documentaries,This is a placeholder description for the show or movie.
s4489,TV Show,Title_4489,Martin Scorsese,"Song Kang, Henry Cavill, Leonardo DiCaprio",Japan,TV-MA,2018,"July 26, 2020",1 Seasons,Docuseries,This is a placeholder description for the show or movie.
s4490,Movie,Title_4490,Bong Joon Ho,"Zendaya, Shah Rukh Khan, Henry Cavill",United States,PG-13,2012,"July 19, 2018",115 min,Documentaries,This is a placeholder description for the show or movie.
s4491,Movie,Title_4491,Greta Gerwig,"Zendaya, Shah Rukh Khan, Song Kang",India,TV-14,2013,"October 1, 2016",139 min,Documentaries,This is a placeholder description for the show or movie.
s4492,TV Show,Title_4492,Greta Gerwig,Leonardo DiCaprio,South Korea,PG-13,2015,"October 3, 2020",4 Seasons,TV Dramas,This is a placeholder description for the show or movie.
s4493,Movie,Title_4493,David Fincher,"Millie Bobby Brown, Shah Rukh Khan",United Kingdom,TV-MA,2015,"July 27, 2019",120 min,Comedies,This is a placeholder description for the show or movie.
s4494,TV Show,Title_4494,Greta Gerwig,Henry Cavill,United States,TV-14,2021,"January 18, 2021",1 Seasons,Crime TV Shows,This is a placeholder description for the show or movie.
s4495,TV Show,Title_4495,nan,Shah Rukh Khan,United States,R,2011,"December 8, 2021",1 Seasons,Docuseries,This is a placeholder description for the show or movie.
s4496,Movie,Title_4496,Greta Gerwig,"Song Kang, Millie Bobby Brown, Henry Cavill",India,TV-14,2019,"December 21, 2020",128 min,Action & Adventure,This is a placeholder description for the show or movie.
s4497,Movie,Title_4497,Mike Flanagan,"Leonardo DiCaprio, Millie Bobby Brown",France,TV-PG,2021,"July 11, 2021",101 min,Comedies,This is a placeholder description for the show or movie.
s4498,Movie,Title_4498,nan,"Shah Rukh Khan, Song Kang, Leonardo DiCaprio",United States,TV-14,2018,"October 4, 2023",145 min,Thrillers,This is a placeholder description for the show or movie.
s4499,Movie,Title_4499,nan,"Leonardo DiCaprio, Zendaya, Shah Rukh Khan",France,R,2011,"December 20, 2018",88 min,Thrillers,This is a placeholder description for the show or movie.
s4500,Movie,Title_4500,Greta Gerwig,"Zendaya, Leonardo DiCaprio, Henry Cavill",United States,TV-PG,2022,"July 12, 2022",126 min,Comedies,This is a placeholder description for the show or movie.
s4501,Movie,Title_4501,Martin Scorsese,Shah Rukh Khan,United States,PG-13,2021,"October 13, 2021",103 min,Thrillers,This is a placeholder description for the show or movie.
s4502,Movie,Title_4502,David Fincher,"Leonardo DiCaprio, Millie Bobby Brown",India,TV-14,2023,"January 26, 2023",147 min,Thrillers,This is a placeholder description for the show or movie.
s4503,Movie,Title_4503,Bong Joon Ho,Zendaya,United Kingdom,PG-13,2023,"July 9, 2023",109 min,Comedies,This is a placeholder description for the show or movie.
s4504,Movie,Title_4504,Bong Joon Ho,"Henry Cavill, Millie Bobby Brown, Zendaya",United States,TV-14,2011,"January 2, 2021",115 min,Action & Adventure,This is a placeholder description for the show or movie.
s4505,Movie,Title_4505,Mike Flanagan,"Shah Rukh Khan, Leonardo DiCaprio, Henry Cavill",United States,TV-MA,2017,"October 28, 2018",109 min,Comedies,This is a placeholder description for the show or movie.
s4506,Movie,Title_4506,Bong Joon Ho,"Zendaya, Song Kang",Japan,TV-MA,2008,"December 14, 2016",107 min,Documentaries,This is a placeholder description for the show or movie.
s4507,TV Show,Title_4507,Bong Joon Ho,"Shah Rukh Khan, Song Kang, Millie Bobby Brown",France,R,2021,"December 19, 2022",1 Seasons,Crime TV Shows,This is a placeholder description for the show or movie.
s4508,Movie,Title_4508,David Fincher,"Shah Rukh Khan, Millie Bobby Brown, Song Kang",United States,TV-MA,2016,"December 14, 2022",136 min,Thrillers,This is a placeholder description for the show or movie.
s4509,Movie,Title_4509,David Fincher,"Shah Rukh Khan, Millie Bobby Brown",United States,TV-PG,2022,"December 14, 2022",95 min,Thrillers,This is a placeholder description for the show or movie.
s4510,TV Show,Title_4510,Martin Scorsese,"Song Kang, Shah Rukh Khan, Millie Bobby Brown",South Korea,TV-PG,2014,"October 24, 2021",5 Seasons,International TV Shows,This is a placeholder description for the show or movie.
s4511,Movie,Title_4511,Mike Flanagan,Henry Cavill,United Kingdom,TV-14,2020,"October 9, 2022",108 min,Documentaries,This is a placeholder description for the show or movie.
s4512,Movie,Title_4512,Bong Joon Ho,Song Kang,United States,PG-13,2022,"July 2, 2022",139 min,Documentaries,This is a placeholder description for the show or movie.
s4513,Movie,Title_4513,Martin Scorsese,Zendaya,France,TV-PG,2015,"July 24, 2015",101 min,Dramas,This is a placeholder description for the show or movie.
s4514,Movie,Title_4514,Mike Flanagan,"Henry Cavill, Leonardo DiCaprio",United States,TV-14,2021,"January 7, 2021",122 min,Thrillers,This is a placeholder description for the show or movie.
s4515,Movie,Title_4515,nan,"Leonardo DiCaprio, Henry Cavill",United Kingdom,PG-13,2020,"December 11, 2020",118 min,Action & Adventure,This is a placeholder description for the show or movie.
s4516,Movie,Title_4516,Bong Joon Ho,"Zendaya, Song Kang",India,TV-MA,2023,"December 1, 2023",118 min,Action & Adventure,This is a placeholder description for the show or movie.
s4517,Movie,Title_4517,Bong Joon Ho,"Leonardo DiCaprio, Zendaya, Shah Rukh Khan",India,TV-14,2021,"October 24, 2021",114 min,Thrillers,This is a placeholder description for the show or movie.
s4518,TV Show,Title_4518,David Fincher,Zendaya,United States,PG-13,2017,"January 13, 2019",5 Seasons,Crime TV Shows,This is a placeholder description for the show or movie.
s4519,Movie,Title_4519,Greta Gerwig,"Millie Bobby Brown, Shah Rukh Khan, Henry Cavill",United Kingdom,R,2014,"December 11, 2023",126 min,Dramas,This is a placeholder description for the show or movie.
s4520,Movie,Title_4520,Mike Flanagan,"Shah Rukh Khan, Leonardo DiCaprio, Song Kang",France,R,2018,"October 5, 2018",84 min,Comedies,This is a placeholder description for the show or movie.
s4521,TV Show,Title_4521,Bong Joon Ho,"Song Kang, Leonardo DiCaprio, Zendaya",India,TV-PG,2016,"July 22, 2020",4 Seasons,TV Dramas,This is a placeholder description for the show or movie.
s4522,Movie,Title_4522,Mike Flanagan,"Zendaya, Millie Bobby Brown, Leonardo DiCaprio",India,PG-13,2022,"October 14, 2022",145 min,Documentaries,This is a placeholder description for the show or movie.
s4523,TV Show,Title_4523,Martin Scorsese,Millie Bobby Brown,United States,R,2015,"December 9, 2020",1 Seasons,TV Comedies,This is a placeholder description for the show or movie.
s4524,Movie,Title_4524,Martin Scorsese,"Leonardo DiCaprio, Millie Bobby Brown, Song Kang",Japan,TV-PG,2022,"December 5, 2022",147 min,Documentaries,This is a placeholder description for the show or movie.
s4525,TV Show,Title_4525,Greta Gerwig,Shah Rukh Khan,France,TV-14,2020,"July 17, 2020",3 Seasons,International TV Shows,This is a placeholder description for the show or movie.
s4526,Movie,Title_4526,Bong Joon Ho,"Millie Bobby Brown, Henry Cavill",South Korea,TV-14,2016,"January 21, 2023",128 min,Action & Adventure,This is a placeholder description for the show or movie.
s4527,TV Show,Title_4527,David Fincher,"Millie Bobby Brown, Song Kang",India,PG-13,2017,"December 8, 2022",3 Seasons,Crime TV Shows,This is a placeholder description for the show or movie.
s4528,TV Show,Title_4528,Bong Joon Ho,"Shah Rukh Khan, Millie Bobby Brown",France,PG-13,2021,"October 14, 2021",3 Seasons,International TV Shows,This is a placeholder description for the show or movie.
s4529,Movie,Title_4529,Mike Flanagan,Shah Rukh Khan,United States,PG-13,2008,"December 5, 2022",145 min,Action & Adventure,This is a placeholder description for the show or movie.
s4530,Movie,Title_4530,nan,"Shah Rukh Khan, Leonardo DiCaprio, Zendaya",India,PG-13,2012,"October 5, 2015",95 min,Documentaries,This is a placeholder description for the show or movie.
s4531,Movie,Title_4531,Martin Scorsese,"Zendaya, Henry Cavill, Leonardo DiCaprio",India,R,2023,"July 14, 2023",93 min,Thrillers,This is a placeholder description for the show or movie.
s4532,Movie,Title_4532,Mike Flanagan,Henry Cavill,India,R,2014,"December 27, 2023",84 min,Thrillers,This is a placeholder description for the show or movie.
s4533,Movie,Title_4533,Greta Gerwig,Shah Rukh Khan,South Korea,TV-PG,2009,"October 6, 2016",94 min,Documentaries,This is a placeholder description for the show or movie.
s4534,Movie,Title_4534,Martin Scorsese,"Henry Cavill, Leonardo DiCaprio, Millie Bobby Brown",United Kingdom,R,2015,"October 7, 2019",98 min,Documentaries,This is a placeholder description for the show or movie.
s4535,Movie,Title_4535,David Fincher,"Leonardo DiCaprio, Millie Bobby Brown, Henry Cavill",United States,TV-14,2013,"January 2, 2016",145 min,Thrillers,This is a placeholder description for the show or movie.
s4536,Movie,Title_4536,Martin Scorsese,"Henry Cavill, Song Kang",United States,TV-PG,2023,"January 7, 2023",93 min,Comedies,This is a placeholder description for the show or movie.
s4537,Movie,Title_4537,nan,Henry Cavill,United States,R,2020,"December 16, 2020",85 min,Dramas,This is a placeholder description for the show or movie.
s4538,Movie,Title_4538,Bong Joon Ho,"Millie Bobby Brown, Shah Rukh Khan, Song Kang",India,PG-13,2019,"October 24, 2022",113 min,Documentaries,This is a placeholder description for the show or movie.
s4539,Movie,Title_4539,nan,"Shah Rukh Khan, Henry Cavill",United States,R,2013,"December 11, 2020",147 min,Action & Adventure,This is a placeholder description for the show or movie.
s4540,Movie,Title_4540,nan,"Millie Bobby Brown, Leonardo DiCaprio, Henry Cavill",United States,TV-MA,2021,"October 25, 2023",137 min,Dramas,This is a placeholder description for the show or movie.
s4541,Movie,Title_4541,Bong Joon Ho,"Millie Bobby Brown, Leonardo DiCaprio, Song Kang",United Kingdom,TV-PG,2023,"December 10, 2023",80 min,Comedies,This is a placeholder description for the show or movie.
s4542,Movie,Title_4542,Martin Scorsese,"Song Kang, Zendaya, Leonardo DiCaprio",Japan,R,2023,"January 20, 2023",123 min,Action & Adventure,This is a placeholder description for the show or movie.
s4543,Movie,Title_4543,Greta Gerwig,"Millie Bobby Brown, Leonardo DiCaprio",France,R,2023,"July 3, 2023",128 min,Documentaries,This is a placeholder description for the show or movie.
s4544,Movie,Title_4544,Bong Joon Ho,"Leonardo DiCaprio, Zendaya",France,TV-14,2016,"October 22, 2021",97 min,Documentaries,This is a placeholder description for the show or movie.
s4545,Movie,Title_4545,Bong Joon Ho,Shah Rukh Khan,South Korea,PG-13,2017,"January 16, 2020",105 min,Dramas,This is a placeholder description for the show or movie.
s4546,TV Show,Title_4546,David Fincher,"Leonardo DiCaprio, Song Kang",United States,PG-13,2023,"July 7, 2023",4 Seasons,TV Dramas,This is a placeholder description for the show or movie.
s4547,Movie,Title_4547,Martin Scorsese,"Millie Bobby Brown, Henry Cavill, Zendaya",Japan,TV-14,2012,"October 23, 2023",87 min,Dramas,This is a placeholder description for the show or movie.
s4548,Movie,Title_4548,Bong Joon Ho,"Leonardo DiCaprio, Henry Cavill, Millie Bobby Brown",United States,TV-14,2020,"January 20, 2023",84 min,Comedies,This is a placeholder description for the show or movie.
s4549,TV Show,Title_4549,Greta Gerwig,"Leonardo DiCaprio, Henry Cavill, Song Kang",Canada,TV-MA,2022,"January 23, 2022",2 Seasons,International TV Shows,This is a placeholder description for the show or movie.
s4550,TV Show,Title_4550,Mike Flanagan,"Henry Cavill, Leonardo DiCaprio",India,TV-PG,2021,"January 22, 2021",5 Seasons,TV Dramas,This is a placeholder description for the show or movie.
s4551,TV Show,Title_4551,Martin Scorsese,Henry Cavill,South Korea,PG-13,2018,"October 17, 2019",3 Seasons,Crime TV Shows,This is a placeholder description for the show or movie.
s4552,Movie,Title_4552,David Fincher,Henry Cavill,India,TV-14,2009,"July 21, 2017",110 min,Thrillers,This is a placeholder description for the show or movie.
s4553,Movie,Title_4553,nan,"Leonardo DiCaprio, Song Kang, Henry Cavill",United States,TV-14,2023,"July 1, 2023",133 min,Action & Adventure,This is a placeholder description for the show or movie.
s4554,TV Show,Title_4554,Bong Joon Ho,Shah Rukh Khan,India,TV-PG,2017,"January 22, 2023",2 Seasons,Docuseries,This is a placeholder description for the show or movie.
s4555,Movie,Title_4555,Greta Gerwig,"Millie Bobby Brown, Leonardo DiCaprio",United States,TV-14,2016,"January 6, 2019",109 min,Action & Adventure,This is a placeholder description for the show or movie.
s4556,Movie,Title_4556,Martin Scorsese,"Henry Cavill, Shah Rukh Khan",France,TV-MA,2022,"October 15, 2022",94 min,Comedies,This is a placeholder description for the show or movie.
s4557,TV Show,Title_4557,Greta Gerwig,"Zendaya, Leonardo DiCaprio, Shah Rukh Khan",India,TV-PG,2014,"July 19, 2014",1 Seasons,Crime TV Shows,This is a placeholder description for the show or movie.
s4558,TV Show,Title_4558,Greta Gerwig,"Millie Bobby Brown, Henry Cavill, Leonardo DiCaprio",India,TV-MA,2013,"October 5, 2017",4 Seasons,TV Dramas,This is a placeholder description for the show or movie.
s4559,TV Show,Title_4559,nan,"Leonardo DiCaprio, Henry Cavill, Shah Rukh Khan",France,R,2018,"October 15, 2018",3 Seasons,International TV Shows,This is a placeholder description for the show or movie.
s4560,TV Show,Title_4560,David Fincher,Leonardo DiCaprio,United Kingdom,PG-13,2023,"December 10, 2023",4 Seasons,TV Dramas,This is a placeholder description for the show or movie.
s4561,TV Show,Title_4561,Martin Scorsese,Millie Bobby Brown,United States,TV-14,2023,"December 27, 2023",1 Seasons,TV Dramas,This is a placeholder description for the show or movie.
s4562,Movie,Title_4562,Bong Joon Ho,"Shah Rukh Khan, Zendaya",United States,TV-PG,2022,"January 1, 2022",117 min,Thrillers,This is a placeholder description for the show or movie.
s4563,TV Show,Title_4563,David Fincher,"Millie Bobby Brown, Zendaya, Shah Rukh Khan",India,TV-MA,2006,"January 20, 2019",2 Seasons,TV Dramas,This is a placeholder description for the show or movie.
s4564,Movie,Title_4564,Bong Joon Ho,"Song Kang, Leonardo DiCaprio",Japan,PG-13,2016,"December 28, 2016",98 min,Documentaries,This is a placeholder description for the show or movie.
s4565,Movie,Title_4565,Mike Flanagan,"Zendaya, Shah Rukh Khan",South Korea,PG-13,2020,"December 7, 2023",139 min,Dramas,This is a placeholder description for the show or movie.
s4566,TV Show,Title_4566,Greta Gerwig,"Shah Rukh Khan, Leonardo DiCaprio",France,TV-14,2004,"July 9, 2018",3 Seasons,Crime TV Shows,This is a placeholder description for the show or movie.
s4567,Movie,Title_4567,Mike Flanagan,"Song Kang, Millie Bobby Brown",United States,PG-13,2011,"July 22, 2020",138 min,Comedies,This is a placeholder description for the show or movie.
s4568,Movie,Title_4568,Greta Gerwig,"Shah Rukh Khan, Zendaya, Leonardo DiCaprio",United States,TV-14,2016,"July 3, 2018",82 min,Thrillers,This is a placeholder description for the show or movie.
s4569,Movie,Title_4569,nan,"Millie Bobby Brown, Henry Cavill, Shah Rukh Khan",United States,R,2021,"July 28, 2023",139 min,Action & Adventure,This is a placeholder description for the show or movie.
s4570,TV Show,Title_4570,David Fincher,Shah Rukh Khan,South Korea,TV-14,2023,"October 10, 2023",3 Seasons,TV Comedies,This is a placeholder description for the show or movie.
s4571,Movie,Title_4571,Bong Joon Ho,"Zendaya, Song Kang",United States,TV-MA,2008,"July 27, 2021",132 min,Documentaries,This is a placeholder description for the show or movie.
s4572,TV Show,Title_4572,nan,"Song Kang, Millie Bobby Brown",United States,PG-13,2023,"January 2, 2023",3 Seasons,TV Comedies,This is a placeholder description for the show or movie.
s4573,Movie,Title_4573,Bong Joon Ho,"Millie Bobby Brown, Shah Rukh Khan",India,PG-13,2023,"October 17, 2023",115 min,Documentaries,This is a placeholder description for the show or movie.
s4574,TV Show,Title_4574,David Fincher,"Shah Rukh Khan, Henry Cavill, Leonardo DiCaprio",India,PG-13,2014,"July 10, 2020",3 Seasons,Docuseries,This is a placeholder description for the show or movie.
s4575,TV Show,Title_4575,Martin Scorsese,"Song Kang, Leonardo DiCaprio, Millie Bobby Brown",Canada,TV-14,2016,"October 10, 2021",3 Seasons,TV Dramas,This is a placeholder description for the show or movie.
s4576,Movie,Title_4576,Mike Flanagan,Millie Bobby Brown,India,TV-PG,2022,"December 4, 2023",130 min,Documentaries,This is a placeholder description for the show or movie.
s4577,Movie,Title_4577,Mike Flanagan,Leonardo DiCaprio,India,TV-14,2020,"July 9, 2020",132 min,Comedies,This is a placeholder description for the show or movie.
s4578,Movie,Title_4578,Bong Joon Ho,Henry Cavill,India,TV-MA,2021,"October 7, 2021",103 min,Dramas,This is a placeholder description for the show or movie.
s4579,TV Show,Title_4579,Bong Joon Ho,Henry Cavill,Japan,TV-14,2019,"January 11, 2020",5 Seasons,Docuseries,This is a placeholder description for the show or movie.
s4580,Movie,Title_4580,Bong Joon Ho,Song Kang,United States,PG-13,2019,"January 5, 2019",82 min,Documentaries,This is a placeholder description for the show or movie.
s4581,TV Show,Title_4581,David Fincher,Millie Bobby Brown,United States,R,2020,"July 7, 2020",4 Seasons,Docuseries,This is a placeholder description for the show or movie.
s4582,Movie,Title_4582,Martin Scorsese,Millie Bobby Brown,United States,TV-MA,2023,"January 2, 2023",122 min,Action & Adventure,This is a placeholder description for the show or movie.
s4583,TV Show,Title_4583,Mike Flanagan,"Shah Rukh Khan, Leonardo DiCaprio",United States,R,2018,"October 18, 2018",5 Seasons,Docuseries,This is a placeholder description for the show or movie.
s4584,TV Show,Title_4584,nan,"Shah Rukh Khan, Song Kang, Zendaya",Japan,TV-MA,2022,"October 17, 2022",1 Seasons,Docuseries,This is a placeholder description for the show or movie.
s4585,TV Show,Title_4585,Greta Gerwig,"Leonardo DiCaprio, Shah Rukh Khan, Song Kang",United States,TV-MA,2014,"July 22, 2019",2 Seasons,International TV Shows,This is a placeholder description for the show or movie.
s4586,TV Show,Title_4586,David Fincher,"Shah Rukh Khan, Zendaya",France,PG-13,2021,"July 22, 2021",5 Seasons,Crime TV Shows,This is a placeholder description for the show or movie.
s4587,Movie,Title_4587,Mike Flanagan,Song Kang,United States,TV-14,2020,"December 15, 2020",83 min,Documentaries,This is a placeholder description for the show or movie.
s4588,Movie,Title_4588,Martin Scorsese,"Leonardo DiCaprio, Song Kang, Zendaya",Japan,PG-13,2023,"January 17, 2023",112 min,Comedies,This is a placeholder description for the show or movie.
s4589,TV Show,Title_4589,David Fincher,"Millie Bobby Brown, Song Kang, Zendaya",South Korea,PG-13,2021,"December 2, 2021",3 Seasons,Docuseries,This is a placeholder description for the show or movie.
s4590,TV Show,Title_4590,nan,"Zendaya, Leonardo DiCaprio",India,PG-13,2012,"July 6, 2018",4 Seasons,TV Dramas,This is a placeholder description for the show or movie.
s4591,Movie,Title_4591,Mike Flanagan,"Song Kang, Millie Bobby Brown, Leonardo DiCaprio",United Kingdom,R,2023,"October 16, 2023",144 min,Comedies,This is a placeholder description for the show or movie.
s4592,Movie,Title_4592,David Fincher,"Leonardo DiCaprio, Shah Rukh Khan",United States,TV-MA,2023,"October 4, 2023",91 min,Dramas,This is a placeholder description for the show or movie.
s4593,Movie,Title_4593,Mike Flanagan,"Henry Cavill, Leonardo DiCaprio, Millie Bobby Brown",India,TV-PG,2016,"January 17, 2019",112 min,Dramas,This is a placeholder description for the show or movie.
s4594,Movie,Title_4594,Mike Flanagan,"Leonardo DiCaprio, Henry Cavill",United States,TV-14,2017,"December 25, 2017",86 min,Documentaries,This is a placeholder description for the show or movie.
s4595,Movie,Title_4595,Martin Scorsese,"Shah Rukh Khan, Leonardo DiCaprio",India,PG-13,2012,"December 16, 2021",113 min,Action & Adventure,This is a placeholder description for the show or movie.
s4596,Movie,Title_4596,Greta Gerwig,"Shah Rukh Khan, Song Kang",South Korea,TV-MA,2023,"December 1, 2023",99 min,Dramas,This is a placeholder description for the show or movie.
s4597,TV Show,Title_4597,Martin Scorsese,"Millie Bobby Brown, Henry Cavill, Shah Rukh Khan",United States,TV-14,2015,"October 21, 2018",3 Seasons,TV Dramas,This is a placeholder description for the show or movie.
s4598,Movie,Title_4598,Mike Flanagan,"Shah Rukh Khan, Henry Cavill, Millie Bobby Brown",South Korea,TV-PG,2014,"January 20, 2023",106 min,Action & Adventure,This is a placeholder description for the show or movie.
s4599,Movie,Title_4599,David Fincher,"Leonardo DiCaprio, Henry Cavill",United States,TV-PG,2022,"December 13, 2022",111 min,Documentaries,This is a placeholder description for the show or movie.
s4600,Movie,Title_4600,nan,"Leonardo DiCaprio, Shah Rukh Khan, Millie Bobby Brown",India,PG-13,2013,"July 22, 2022",118 min,Documentaries,This is a placeholder description for the show or movie.
s4601,Movie,Title_4601,Martin Scorsese,"Leonardo DiCaprio, Shah Rukh Khan, Zendaya",France,TV-PG,2019,"October 5, 2022",81 min,Action & Adventure,This is a placeholder description for the show or movie.
s4602,TV Show,Title_4602,Greta Gerwig,"Zendaya, Henry Cavill, Shah Rukh Khan",United Kingdom,TV-PG,2013,"July 21, 2014",2 Seasons,Docuseries,This is a placeholder description for the show or movie.
s4603,TV Show,Title_4603,Mike Flanagan,Song Kang,United Kingdom,TV-14,2013,"January 23, 2022",2 Seasons,TV Comedies,This is a placeholder description for the show or movie.
s4604,Movie,Title_4604,nan,"Leonardo DiCaprio, Millie Bobby Brown",Canada,TV-14,2023,"October 3, 2023",104 min,Documentaries,This is a placeholder description for the show or movie.
s4605,TV Show,Title_4605,Martin Scorsese,"Henry Cavill, Song Kang",France,PG-13,2023,"December 18, 2023",5 Seasons,TV Dramas,This is a placeholder description for the show or movie.
s4606,TV Show,Title_4606,Martin Scorsese,"Song Kang, Henry Cavill, Shah Rukh Khan",United States,TV-MA,2011,"July 16, 2020",4 Seasons,TV Comedies,This is a placeholder description for the show or movie.
s4607,TV Show,Title_4607,Martin Scorsese,"Leonardo DiCaprio, Henry Cavill, Zendaya",United Kingdom,PG-13,2022,"December 24, 2022",2 Seasons,Docuseries,This is a placeholder description for the show or movie.
s4608,Movie,Title_4608,Martin Scorsese,"Millie Bobby Brown, Leonardo DiCaprio, Song Kang",India,R,2021,"December 7, 2023",120 min,Documentaries,This is a placeholder description for the show or movie.
s4609,TV Show,Title_4609,nan,"Zendaya, Leonardo DiCaprio",United States,TV-PG,2019,"July 13, 2019",1 Seasons,Docuseries,This is a placeholder description for the show or movie.
s4610,Movie,Title_4610,David Fincher,"Leonardo DiCaprio, Zendaya",United States,TV-MA,2017,"January 7, 2019",112 min,Documentaries,This is a placeholder description for the show or movie.
s4611,Movie,Title_4611,Greta Gerwig,"Song Kang, Zendaya",United States,TV-14,2012,"October 7, 2017",122 min,Documentaries,This is a placeholder description for the show or movie.
s4612,Movie,Title_4612,Greta Gerwig,"Millie Bobby Brown, Leonardo DiCaprio",India,R,2015,"July 28, 2020",118 min,Comedies,This is a placeholder description for the show or movie.
s4613,Movie,Title_4613,Mike Flanagan,Millie Bobby Brown,Japan,R,2015,"January 26, 2017",114 min,Dramas,This is a placeholder description for the show or movie.
s4614,Movie,Title_4614,Bong Joon Ho,"Leonardo DiCaprio, Shah Rukh Khan",South Korea,TV-PG,2021,"December 27, 2021",126 min,Comedies,This is a placeholder description for the show or movie.
s4615,Movie,Title_4615,David Fincher,Shah Rukh Khan,India,TV-14,2015,"July 20, 2021",90 min,Dramas,This is a placeholder description for the show or movie.
s4616,Movie,Title_4616,Mike Flanagan,"Millie Bobby Brown, Henry Cavill",United States,TV-MA,2015,"October 16, 2020",112 min,Comedies,This is a placeholder description for the show or movie.
s4617,TV Show,Title_4617,Mike Flanagan,"Song Kang, Zendaya",United States,TV-14,2022,"January 27, 2022",5 Seasons,TV Comedies,This is a placeholder description for the show or movie.
s4618,TV Show,Title_4618,Martin Scorsese,Song Kang,United States,TV-PG,2012,"October 28, 2019",1 Seasons,International TV Shows,This is a placeholder description for the show or movie.
s4619,Movie,Title_4619,Bong Joon Ho,"Millie Bobby Brown, Song Kang, Leonardo DiCaprio",United Kingdom,R,2011,"January 11, 2019",137 min,Action & Adventure,This is a placeholder description for the show or movie.
s4620,TV Show,Title_4620,Bong Joon Ho,Shah Rukh Khan,United States,TV-PG,2016,"July 16, 2016",2 Seasons,Crime TV Shows,This is a placeholder description for the show or movie.
s4621,TV Show,Title_4621,David Fincher,"Shah Rukh Khan, Leonardo DiCaprio, Song Kang",India,PG-13,2020,"October 27, 2020",3 Seasons,International TV Shows,This is a placeholder description for the show or movie.
s4622,TV Show,Title_4622,Bong Joon Ho,"Millie Bobby Brown, Shah Rukh Khan",France,R,2023,"October 8, 2023",2 Seasons,TV Dramas,This is a placeholder description for the show or movie.
s4623,Movie,Title_4623,Mike Flanagan,"Millie Bobby Brown, Leonardo DiCaprio, Henry Cavill",Canada,TV-PG,2021,"December 10, 2023",101 min,Comedies,This is a placeholder description for the show or movie.
s4624,TV Show,Title_4624,Bong Joon Ho,Song Kang,South Korea,TV-MA,2017,"December 8, 2019",2 Seasons,TV Comedies,This is a placeholder description for the show or movie.
s4625,TV Show,Title_4625,Bong Joon Ho,Shah Rukh Khan,United Kingdom,TV-MA,2010,"December 16, 2023",1 Seasons,TV Dramas,This is a placeholder description for the show or movie.
s4626,TV Show,Title_4626,Greta Gerwig,"Leonardo DiCaprio, Zendaya, Henry Cavill",United States,TV-MA,2017,"July 3, 2017",4 Seasons,Crime TV Shows,This is a placeholder description for the show or movie.
s4627,Movie,Title_4627,Mike Flanagan,"Millie Bobby Brown, Song Kang, Henry Cavill",United States,PG-13,2021,"January 12, 2021",91 min,Documentaries,This is a placeholder description for the show or movie.
s4628,Movie,Title_4628,nan,"Millie Bobby Brown, Henry Cavill, Shah Rukh Khan",South Korea,TV-14,2015,"October 4, 2022",92 min,Comedies,This is a placeholder description for the show or movie.
s4629,Movie,Title_4629,Bong Joon Ho,"Zendaya, Song Kang",United Kingdom,TV-MA,2015,"December 18, 2017",103 min,Documentaries,This is a placeholder description for the show or movie.
s4630,Movie,Title_4630,Bong Joon Ho,"Zendaya, Shah Rukh Khan, Leonardo DiCaprio",India,PG-13,2015,"January 24, 2015",147 min,Documentaries,This is a placeholder description for the show or movie.
s4631,Movie,Title_4631,Martin Scorsese,"Shah Rukh Khan, Millie Bobby Brown, Song Kang",United States,TV-MA,2021,"July 3, 2021",143 min,Documentaries,This is a placeholder description for the show or movie.
s4632,Movie,Title_4632,Bong Joon Ho,Leonardo DiCaprio,United Kingdom,PG-13,2016,"July 23, 2019",104 min,Dramas,This is a placeholder description for the show or movie.
s4633,TV Show,Title_4633,Bong Joon Ho,"Song Kang, Shah Rukh Khan, Millie Bobby Brown",United States,TV-MA,2018,"July 24, 2021",1 Seasons,TV Dramas,This is a placeholder description for the show or movie.
s4634,TV Show,Title_4634,Greta Gerwig,"Zendaya, Millie Bobby Brown, Song Kang",United States,TV-14,2017,"July 9, 2017",5 Seasons,Crime TV Shows,This is a placeholder description for the show or movie.
s4635,Movie,Title_4635,Mike Flanagan,"Millie Bobby Brown, Henry Cavill",United States,TV-PG,2020,"October 1, 2021",111 min,Documentaries,This is a placeholder description for the show or movie.
s4636,TV Show,Title_4636,David Fincher,Shah Rukh Khan,India,TV-MA,2019,"October 16, 2023",1 Seasons,Docuseries,This is a placeholder description for the show or movie.
s4637,Movie,Title_4637,Mike Flanagan,Leonardo DiCaprio,United States,TV-PG,2018,"October 18, 2023",81 min,Thrillers,This is a placeholder description for the show or movie.
s4638,TV Show,Title_4638,Martin Scorsese,Zendaya,United States,TV-MA,2023,"October 2, 2023",4 Seasons,International TV Shows,This is a placeholder description for the show or movie.
s4639,TV Show,Title_4639,Mike Flanagan,"Shah Rukh Khan, Zendaya",Canada,TV-14,2014,"January 27, 2019",3 Seasons,TV Comedies,This is a placeholder description for the show or movie.
s4640,TV Show,Title_4640,Bong Joon Ho,"Shah Rukh Khan, Millie Bobby Brown",India,TV-PG,2023,"July 17, 2023",4 Seasons,International TV Shows,This is a placeholder description for the show or movie.
s4641,TV Show,Title_4641,Martin Scorsese,Leonardo DiCaprio,India,PG-13,2016,"July 15, 2018",1 Seasons,Docuseries,This is a placeholder description for the show or movie.
s4642,Movie,Title_4642,Mike Flanagan,"Song Kang, Leonardo DiCaprio",India,TV-MA,2013,"October 12, 2022",127 min,Action & Adventure,This is a placeholder description for the show or movie.
s4643,TV Show,Title_4643,Martin Scorsese,Song Kang,France,TV-MA,2019,"January 10, 2019",3 Seasons,Crime TV Shows,This is a placeholder description for the show or movie.
s4644,Movie,Title_4644,David Fincher,Shah Rukh Khan,United States,PG-13,2021,"January 15, 2021",92 min,Documentaries,This is a placeholder description for the show or movie.
s4645,TV Show,Title_4645,Mike Flanagan,"Song Kang, Shah Rukh Khan, Zendaya",United States,TV-14,2013,"July 6, 2017",3 Seasons,Docuseries,This is a placeholder description for the show or movie.
s4646,TV Show,Title_4646,nan,"Song Kang, Zendaya",United Kingdom,R,2020,"July 26, 2022",5 Seasons,Docuseries,This is a placeholder description for the show or movie.
s4647,TV Show,Title_4647,Bong Joon Ho,"Zendaya, Song Kang, Millie Bobby Brown",United States,TV-MA,2015,"January 18, 2021",2 Seasons,TV Dramas,This is a placeholder description for the show or movie.
s4648,Movie,Title_4648,Martin Scorsese,"Shah Rukh Khan, Millie Bobby Brown",India,PG-13,2023,"December 23, 2023",113 min,Thrillers,This is a placeholder description for the show or movie.
s4649,TV Show,Title_4649,nan,"Millie Bobby Brown, Shah Rukh Khan, Song Kang",India,R,2019,"January 12, 2022",3 Seasons,TV Dramas,This is a placeholder description for the show or movie.
s4650,Movie,Title_4650,nan,"Henry Cavill, Song Kang",France,TV-MA,2017,"July 6, 2023",150 min,Documentaries,This is a placeholder description for the show or movie.
s4651,Movie,Title_4651,Greta Gerwig,"Song Kang, Shah Rukh Khan",Japan,TV-PG,2023,"December 7, 2023",86 min,Documentaries,This is a placeholder description for the show or movie.
s4652,TV Show,Title_4652,Martin Scorsese,"Song Kang, Leonardo DiCaprio",France,PG-13,2016,"January 25, 2022",2 Seasons,Docuseries,This is a placeholder description for the show or movie.
s4653,Movie,Title_4653,nan,Leonardo DiCaprio,United States,TV-PG,2022,"December 7, 2022",126 min,Dramas,This is a placeholder description for the show or movie.
s4654,TV Show,Title_4654,Greta Gerwig,"Henry Cavill, Song Kang, Millie Bobby Brown",Japan,TV-14,2017,"January 22, 2018",5 Seasons,TV Comedies,This is a placeholder description for the show or movie.
s4655,Movie,Title_4655,nan,"Henry Cavill, Zendaya, Song Kang",United States,R,2019,"October 4, 2019",102 min,Documentaries,This is a placeholder description for the show or movie.
s4656,Movie,Title_4656,Bong Joon Ho,Song Kang,United Kingdom,PG-13,2017,"July 16, 2017",81 min,Action & Adventure,This is a placeholder description for the show or movie.
s4657,TV Show,Title_4657,David Fincher,"Zendaya, Shah Rukh Khan",Canada,TV-MA,2021,"January 12, 2023",1 Seasons,TV Dramas,This is a placeholder description for the show or movie.
s4658,Movie,Title_4658,Greta Gerwig,Zendaya,United States,TV-MA,2013,"October 20, 2015",108 min,Dramas,This is a placeholder description for the show or movie.
s4659,Movie,Title_4659,David Fincher,"Song Kang, Leonardo DiCaprio",United Kingdom,R,2018,"January 14, 2019",90 min,Dramas,This is a placeholder description for the show or movie.
s4660,TV Show,Title_4660,Martin Scorsese,Shah Rukh Khan,United States,TV-PG,2023,"December 25, 2023",5 Seasons,Crime TV Shows,This is a placeholder description for the show or movie.
s4661,Movie,Title_4661,Bong Joon Ho,Henry Cavill,United States,TV-PG,2015,"October 28, 2015",146 min,Thrillers,This is a placeholder description for the show or movie.
s4662,Movie,Title_4662,Greta Gerwig,"Henry Cavill, Millie Bobby Brown, Zendaya",France,PG-13,2023,"December 22, 2023",99 min,Dramas,This is a placeholder description for the show or movie.
s4663,Movie,Title_4663,Martin Scorsese,Millie Bobby Brown,United States,PG-13,2015,"July 6, 2016",83 min,Dramas,This is a placeholder description for the show or movie.
s4664,TV Show,Title_4664,nan,"Leonardo DiCaprio, Henry Cavill",United States,TV-PG,2011,"October 12, 2021",3 Seasons,TV Dramas,This is a placeholder description for the show or movie.
s4665,TV Show,Title_4665,Mike Flanagan,"Henry Cavill, Shah Rukh Khan",India,PG-13,2012,"January 20, 2020",4 Seasons,International TV Shows,This is a placeholder description for the show or movie.
s4666,TV Show,Title_4666,Martin Scorsese,"Millie Bobby Brown, Shah Rukh Khan, Henry Cavill",Japan,TV-PG,2023,"January 5, 2023",2 Seasons,TV Comedies,This is a placeholder description for the show or movie.
s4667,Movie,Title_4667,David Fincher,"Zendaya, Leonardo DiCaprio",United States,R,2013,"July 3, 2021",109 min,Comedies,This is a placeholder description for the show or movie.
s4668,TV Show,Title_4668,Bong Joon Ho,"Song Kang, Millie Bobby Brown, Zendaya",United States,PG-13,2011,"December 8, 2023",2 Seasons,Crime TV Shows,This is a placeholder description for the show or movie.
s4669,TV Show,Title_4669,Bong Joon Ho,"Millie Bobby Brown, Shah Rukh Khan, Leonardo DiCaprio",Japan,TV-PG,2023,"December 1, 2023",5 Seasons,Docuseries,This is a placeholder description for the show or movie.
s4670,TV Show,Title_4670,Martin Scorsese,"Leonardo DiCaprio, Millie Bobby Brown",United States,PG-13,2013,"December 23, 2018",4 Seasons,International TV Shows,This is a placeholder description for the show or movie.
s4671,Movie,Title_4671,nan,Leonardo DiCaprio,United States,TV-MA,2016,"July 14, 2021",109 min,Comedies,This is a placeholder description for the show or movie.
s4672,TV Show,Title_4672,Mike Flanagan,"Zendaya, Henry Cavill, Song Kang",South Korea,TV-MA,2023,"December 1, 2023",5 Seasons,Docuseries,This is a placeholder description for the show or movie.
s4673,TV Show,Title_4673,David Fincher,"Zendaya, Henry Cavill",India,TV-14,2023,"January 22, 2023",5 Seasons,TV Dramas,This is a placeholder description for the show or movie.
s4674,Movie,Title_4674,Martin Scorsese,"Zendaya, Shah Rukh Khan, Millie Bobby Brown",South Korea,TV-PG,2015,"January 1, 2016",127 min,Dramas,This is a placeholder description for the show or movie.
s4675,Movie,Title_4675,Martin Scorsese,Song Kang,United States,TV-14,2018,"October 17, 2018",85 min,Comedies,This is a placeholder description for the show or movie.
s4676,TV Show,Title_4676,Bong Joon Ho,"Henry Cavill, Leonardo DiCaprio",France,TV-PG,2023,"December 13, 2023",3 Seasons,Docuseries,This is a placeholder description for the show or movie.
s4677,Movie,Title_4677,David Fincher,"Leonardo DiCaprio, Zendaya, Millie Bobby Brown",France,PG-13,2020,"December 6, 2020",126 min,Documentaries,This is a placeholder description for the show or movie.
s4678,TV Show,Title_4678,Mike Flanagan,Leonardo DiCaprio,United States,TV-PG,2015,"January 8, 2019",2 Seasons,Crime TV Shows,This is a placeholder description for the show or movie.
s4679,TV Show,Title_4679,Bong Joon Ho,"Leonardo DiCaprio, Millie Bobby Brown, Song Kang",United States,TV-MA,2023,"December 19, 2023",2 Seasons,Docuseries,This is a placeholder description for the show or movie.
s4680,Movie,Title_4680,Martin Scorsese,"Zendaya, Millie Bobby Brown, Shah Rukh Khan",France,PG-13,2015,"July 27, 2017",123 min,Comedies,This is a placeholder description for the show or movie.
s4681,Movie,Title_4681,Bong Joon Ho,"Millie Bobby Brown, Shah Rukh Khan, Leonardo DiCaprio",India,TV-MA,2017,"October 12, 2017",149 min,Thrillers,This is a placeholder description for the show or movie.
s4682,Movie,Title_4682,Bong Joon Ho,"Zendaya, Leonardo DiCaprio",India,PG-13,2009,"December 6, 2016",98 min,Documentaries,This is a placeholder description for the show or movie.
s4683,TV Show,Title_4683,Greta Gerwig,Song Kang,United Kingdom,TV-PG,2023,"October 17, 2023",1 Seasons,International TV Shows,This is a placeholder description for the show or movie.
s4684,Movie,Title_4684,Bong Joon Ho,"Zendaya, Shah Rukh Khan",South Korea,TV-PG,2019,"October 2, 2019",104 min,Documentaries,This is a placeholder description for the show or movie.
s4685,TV Show,Title_4685,nan,"Leonardo DiCaprio, Shah Rukh Khan, Zendaya",South Korea,TV-MA,2017,"July 13, 2018",5 Seasons,Docuseries,This is a placeholder description for the show or movie.
s4686,Movie,Title_4686,Bong Joon Ho,"Millie Bobby Brown, Henry Cavill, Zendaya",United States,R,2020,"December 5, 2020",100 min,Thrillers,This is a placeholder description for the show or movie.
s4687,Movie,Title_4687,nan,"Henry Cavill, Song Kang",United States,TV-PG,2012,"July 2, 2020",81 min,Comedies,This is a placeholder description for the show or movie.
s4688,Movie,Title_4688,David Fincher,"Shah Rukh Khan, Song Kang",Japan,R,2005,"July 17, 2021",122 min,Thrillers,This is a placeholder description for the show or movie.
s4689,Movie,Title_4689,Bong Joon Ho,"Millie Bobby Brown, Henry Cavill, Shah Rukh Khan",South Korea,PG-13,2010,"July 25, 2019",138 min,Thrillers,This is a placeholder description for the show or movie.
s4690,TV Show,Title_4690,Mike Flanagan,Millie Bobby Brown,United Kingdom,R,2012,"July 17, 2020",1 Seasons,Crime TV Shows,This is a placeholder description for the show or movie.
s4691,Movie,Title_4691,nan,Zendaya,France,TV-MA,2020,"July 17, 2023",96 min,Documentaries,This is a placeholder description for the show or movie.
s4692,Movie,Title_4692,nan,"Leonardo DiCaprio, Shah Rukh Khan",Canada,TV-14,2010,"October 16, 2022",133 min,Comedies,This is a placeholder description for the show or movie.
s4693,Movie,Title_4693,Martin Scorsese,Henry Cavill,United States,TV-14,2018,"December 1, 2018",107 min,Documentaries,This is a placeholder description for the show or movie.
s4694,Movie,Title_4694,David Fincher,Leonardo DiCaprio,South Korea,TV-MA,2021,"December 4, 2021",104 min,Thrillers,This is a placeholder description for the show or movie.
s4695,Movie,Title_4695,Bong Joon Ho,Millie Bobby Brown,India,TV-14,2021,"July 8, 2021",133 min,Documentaries,This is a placeholder description for the show or movie.
s4696,TV Show,Title_4696,Mike Flanagan,Shah Rukh Khan,United States,TV-MA,2014,"October 5, 2022",4 Seasons,TV Dramas,This is a placeholder description for the show or movie.
s4697,Movie,Title_4697,Martin Scorsese,Leonardo DiCaprio,United States,TV-PG,2023,"December 3, 2023",149 min,Documentaries,This is a placeholder description for the show or movie.
s4698,Movie,Title_4698,David Fincher,"Henry Cavill, Leonardo DiCaprio",South Korea,R,2004,"December 4, 2019",149 min,Dramas,This is a placeholder description for the show or movie.
s4699,Movie,Title_4699,nan,"Millie Bobby Brown, Zendaya, Shah Rukh Khan",France,TV-14,2018,"January 17, 2019",117 min,Documentaries,This is a placeholder description for the show or movie.
s4700,TV Show,Title_4700,Mike Flanagan,Leonardo DiCaprio,United States,TV-PG,2019,"January 11, 2019",5 Seasons,TV Dramas,This is a placeholder description for the show or movie.
s4701,Movie,Title_4701,Bong Joon Ho,"Henry Cavill, Song Kang, Leonardo DiCaprio",United States,TV-14,2022,"December 18, 2022",88 min,Thrillers,This is a placeholder description for the show or movie.
s4702,Movie,Title_4702,Greta Gerwig,Henry Cavill,India,PG-13,2023,"October 27, 2023",141 min,Dramas,This is a placeholder description for the show or movie.
s4703,TV Show,Title_4703,Greta Gerwig,Song Kang,South Korea,TV-MA,2013,"December 12, 2017",2 Seasons,International TV Shows,This is a placeholder description for the show or movie.
s4704,Movie,Title_4704,David Fincher,"Millie Bobby Brown, Song Kang, Shah Rukh Khan",Canada,TV-MA,2020,"October 13, 2020",113 min,Dramas,This is a placeholder description for the show or movie.
s4705,Movie,Title_4705,Mike Flanagan,"Leonardo DiCaprio, Zendaya, Song Kang",India,TV-PG,2015,"July 28, 2023",136 min,Thrillers,This is a placeholder description for the show or movie.
s4706,Movie,Title_4706,Martin Scorsese,"Shah Rukh Khan, Leonardo DiCaprio",United Kingdom,PG-13,2021,"July 21, 2023",108 min,Action & Adventure,This is a placeholder description for the show or movie.
s4707,TV Show,Title_4707,Mike Flanagan,Henry Cavill,United States,R,2018,"December 12, 2018",3 Seasons,Docuseries,This is a placeholder description for the show or movie.
s4708,Movie,Title_4708,nan,Zendaya,India,PG-13,2018,"December 5, 2019",100 min,Action & Adventure,This is a placeholder description for the show or movie.
s4709,TV Show,Title_4709,Greta Gerwig,"Zendaya, Leonardo DiCaprio, Millie Bobby Brown",United States,PG-13,2017,"December 5, 2019",1 Seasons,Crime TV Shows,This is a placeholder description for the show or movie.
s4710,Movie,Title_4710,David Fincher,Leonardo DiCaprio,Japan,R,2013,"January 3, 2020",142 min,Documentaries,This is a placeholder description for the show or movie.
s4711,Movie,Title_4711,Bong Joon Ho,"Zendaya, Song Kang",United States,R,2010,"October 24, 2017",96 min,Thrillers,This is a placeholder description for the show or movie.
s4712,Movie,Title_4712,Mike Flanagan,"Leonardo DiCaprio, Song Kang",United Kingdom,PG-13,2017,"December 16, 2017",106 min,Comedies,This is a placeholder description for the show or movie.
s4713,Movie,Title_4713,Greta Gerwig,"Zendaya, Shah Rukh Khan, Leonardo DiCaprio",United States,TV-14,2021,"October 27, 2021",93 min,Dramas,This is a placeholder description for the show or movie.
s4714,TV Show,Title_4714,Martin Scorsese,"Zendaya, Shah Rukh Khan, Henry Cavill",India,TV-14,2021,"December 2, 2021",5 Seasons,Crime TV Shows,This is a placeholder description for the show or movie.
s4715,Movie,Title_4715,David Fincher,"Leonardo DiCaprio, Henry Cavill, Zendaya",United States,PG-13,2015,"December 12, 2021",98 min,Thrillers,This is a placeholder description for the show or movie.
s4716,Movie,Title_4716,Bong Joon Ho,"Song Kang, Henry Cavill",United States,TV-14,2023,"January 13, 2023",114 min,Comedies,This is a placeholder description for the show or movie.
s4717,Movie,Title_4717,Mike Flanagan,"Henry Cavill, Leonardo DiCaprio, Zendaya",United States,R,2008,"July 12, 2022",141 min,Action & Adventure,This is a placeholder description for the show or movie.
s4718,TV Show,Title_4718,Martin Scorsese,Leonardo DiCaprio,South Korea,R,2016,"January 16, 2020",3 Seasons,TV Dramas,This is a placeholder description for the show or movie.
s4719,Movie,Title_4719,Bong Joon Ho,"Millie Bobby Brown, Henry Cavill, Shah Rukh Khan",United States,TV-14,2020,"October 9, 2020",102 min,Dramas,This is a placeholder description for the show or movie.
s4720,TV Show,Title_4720,nan,"Henry Cavill, Millie Bobby Brown",Canada,R,2018,"October 3, 2018",3 Seasons,Crime TV Shows,This is a placeholder description for the show or movie.
s4721,Movie,Title_4721,Greta Gerwig,Shah Rukh Khan,India,TV-MA,2023,"July 14, 2023",122 min,Action & Adventure,This is a placeholder description for the show or movie.
s4722,Movie,Title_4722,nan,"Zendaya, Song Kang, Millie Bobby Brown",India,R,2009,"July 7, 2023",107 min,Action & Adventure,This is a placeholder description for the show or movie.
s4723,Movie,Title_4723,Greta Gerwig,Song Kang,India,PG-13,2020,"January 18, 2020",97 min,Documentaries,This is a placeholder description for the show or movie.
s4724,Movie,Title_4724,Martin Scorsese,"Song Kang, Henry Cavill, Leonardo DiCaprio",France,TV-PG,2018,"December 13, 2023",106 min,Documentaries,This is a placeholder description for the show or movie.
s4725,Movie,Title_4725,nan,Shah Rukh Khan,United States,TV-14,2011,"December 1, 2023",88 min,Action & Adventure,This is a placeholder description for the show or movie.
s4726,Movie,Title_4726,Greta Gerwig,"Song Kang, Zendaya, Shah Rukh Khan",United States,TV-14,2010,"January 27, 2017",132 min,Documentaries,This is a placeholder description for the show or movie.
s4727,TV Show,Title_4727,David Fincher,"Henry Cavill, Song Kang, Shah Rukh Khan",France,R,2013,"October 15, 2023",2 Seasons,Docuseries,This is a placeholder description for the show or movie.
s4728,TV Show,Title_4728,Martin Scorsese,"Zendaya, Henry Cavill, Song Kang",United States,R,2015,"October 1, 2016",4 Seasons,TV Comedies,This is a placeholder description for the show or movie.
s4729,TV Show,Title_4729,Greta Gerwig,Millie Bobby Brown,South Korea,TV-PG,2020,"July 22, 2021",3 Seasons,International TV Shows,This is a placeholder description for the show or movie.
s4730,Movie,Title_4730,Mike Flanagan,Millie Bobby Brown,United States,TV-PG,2021,"July 11, 2021",90 min,Action & Adventure,This is a placeholder description for the show or movie.
s4731,Movie,Title_4731,Greta Gerwig,"Millie Bobby Brown, Leonardo DiCaprio",United Kingdom,PG-13,2019,"December 24, 2019",100 min,Action & Adventure,This is a placeholder description for the show or movie.
s4732,Movie,Title_4732,nan,"Millie Bobby Brown, Henry Cavill",United States,TV-MA,2023,"July 21, 2023",119 min,Comedies,This is a placeholder description for the show or movie.
s4733,TV Show,Title_4733,David Fincher,Zendaya,France,PG-13,2023,"December 1, 2023",2 Seasons,TV Comedies,This is a placeholder description for the show or movie.
s4734,TV Show,Title_4734,Bong Joon Ho,Zendaya,India,TV-14,2020,"July 17, 2020",2 Seasons,TV Comedies,This is a placeholder description for the show or movie.
s4735,Movie,Title_4735,Bong Joon Ho,Leonardo DiCaprio,United States,R,2021,"January 28, 2021",127 min,Action & Adventure,This is a placeholder description for the show or movie.
s4736,Movie,Title_4736,Greta Gerwig,"Millie Bobby Brown, Shah Rukh Khan",United States,PG-13,2023,"December 8, 2023",106 min,Thrillers,This is a placeholder description for the show or movie.
s4737,Movie,Title_4737,Bong Joon Ho,"Henry Cavill, Shah Rukh Khan, Leonardo DiCaprio",United States,R,2020,"December 27, 2020",142 min,Comedies,This is a placeholder description for the show or movie.
s4738,Movie,Title_4738,Greta Gerwig,"Millie Bobby Brown, Song Kang",Canada,R,2017,"July 2, 2018",95 min,Comedies,This is a placeholder description for the show or movie.
s4739,Movie,Title_4739,David Fincher,"Millie Bobby Brown, Shah Rukh Khan, Henry Cavill",United States,PG-13,2019,"January 25, 2019",143 min,Action & Adventure,This is a placeholder description for the show or movie.
s4740,Movie,Title_4740,Bong Joon Ho,"Shah Rukh Khan, Zendaya",United States,PG-13,2016,"July 18, 2021",149 min,Documentaries,This is a placeholder description for the show or movie.
s4741,TV Show,Title_4741,nan,"Millie Bobby Brown, Song Kang, Henry Cavill",India,TV-PG,2015,"October 17, 2020",4 Seasons,Docuseries,This is a placeholder description for the show or movie.
s4742,Movie,Title_4742,nan,Millie Bobby Brown,India,TV-MA,2010,"December 12, 2017",128 min,Comedies,This is a placeholder description for the show or movie.
s4743,Movie,Title_4743,Mike Flanagan,"Song Kang, Leonardo DiCaprio",United States,TV-PG,2021,"December 16, 2021",133 min,Action & Adventure,This is a placeholder description for the show or movie.
s4744,TV Show,Title_4744,Greta Gerwig,"Zendaya, Millie Bobby Brown",United States,TV-MA,2023,"July 14, 2023",2 Seasons,Crime TV Shows,This is a placeholder description for the show or movie.
s4745,Movie,Title_4745,Bong Joon Ho,Leonardo DiCaprio,Canada,PG-13,2016,"December 3, 2023",118 min,Dramas,This is a placeholder description for the show or movie.
s4746,Movie,Title_4746,nan,"Henry Cavill, Millie Bobby Brown, Shah Rukh Khan",France,TV-MA,2023,"July 11, 2023",95 min,Thrillers,This is a placeholder description for the show or movie.
s4747,Movie,Title_4747,David Fincher,Millie Bobby Brown,United States,TV-14,2021,"July 23, 2021",86 min,Thrillers,This is a placeholder description for the show or movie.
s4748,Movie,Title_4748,David Fincher,"Millie Bobby Brown, Zendaya",South Korea,TV-PG,2014,"July 8, 2016",108 min,Comedies,This is a placeholder description for the show or movie.
s4749,Movie,Title_4749,Mike Flanagan,Zendaya,United States,TV-PG,2022,"October 22, 2022",103 min,Action & Adventure,This is a placeholder description for the show or movie.
s4750,TV Show,Title_4750,David Fincher,"Millie Bobby Brown, Zendaya, Song Kang",United States,TV-PG,2017,"January 1, 2017",2 Seasons,Crime TV Shows,This is a placeholder description for the show or movie.
s4751,Movie,Title_4751,David Fincher,"Shah Rukh Khan, Song Kang",India,R,2014,"October 17, 2019",126 min,Thrillers,This is a placeholder description for the show or movie.
s4752,Movie,Title_4752,Bong Joon Ho,Song Kang,United States,R,2019,"December 11, 2019",118 min,Documentaries,This is a placeholder description for the show or movie.
s4753,TV Show,Title_4753,Greta Gerwig,"Shah Rukh Khan, Leonardo DiCaprio",India,PG-13,2018,"October 12, 2018",4 Seasons,Crime TV Shows,This is a placeholder description for the show or movie.
s4754,Movie,Title_4754,Martin Scorsese,Shah Rukh Khan,Japan,PG-13,2023,"October 20, 2023",98 min,Thrillers,This is a placeholder description for the show or movie.
s4755,TV Show,Title_4755,David Fincher,Song Kang,France,R,2016,"October 11, 2016",4 Seasons,International TV Shows,This is a placeholder description for the show or movie.
s4756,TV Show,Title_4756,David Fincher,Leonardo DiCaprio,United States,TV-PG,2018,"January 26, 2019",1 Seasons,International TV Shows,This is a placeholder description for the show or movie.
s4757,Movie,Title_4757,Martin Scorsese,Millie Bobby Brown,United States,R,2023,"December 14, 2023",135 min,Action & Adventure,This is a placeholder description for the show or movie.
s4758,TV Show,Title_4758,David Fincher,"Millie Bobby Brown, Zendaya, Henry Cavill",France,TV-MA,2022,"July 9, 2022",5 Seasons,Docuseries,This is a placeholder description for the show or movie.
s4759,Movie,Title_4759,Bong Joon Ho,"Song Kang, Shah Rukh Khan, Millie Bobby Brown",United States,TV-PG,2021,"January 16, 2021",124 min,Action & Adventure,This is a placeholder description for the show or movie.
s4760,TV Show,Title_4760,Bong Joon Ho,"Millie Bobby Brown, Zendaya",United Kingdom,R,2019,"July 26, 2019",5 Seasons,Docuseries,This is a placeholder description for the show or movie.
s4761,Movie,Title_4761,Martin Scorsese,"Song Kang, Henry Cavill",United States,PG-13,2023,"December 17, 2023",123 min,Documentaries,This is a placeholder description for the show or movie.
s4762,TV Show,Title_4762,nan,"Henry Cavill, Song Kang",United States,R,2017,"October 25, 2018",5 Seasons,Docuseries,This is a placeholder description for the show or movie.
s4763,TV Show,Title_4763,David Fincher,"Zendaya, Song Kang, Henry Cavill",United States,TV-14,2014,"October 23, 2020",1 Seasons,Crime TV Shows,This is a placeholder description for the show or movie.
s4764,Movie,Title_4764,nan,"Leonardo DiCaprio, Song Kang",Japan,R,2009,"July 5, 2022",82 min,Action & Adventure,This is a placeholder description for the show or movie.
s4765,Movie,Title_4765,David Fincher,"Leonardo DiCaprio, Henry Cavill, Zendaya",Japan,TV-PG,2012,"December 23, 2013",138 min,Comedies,This is a placeholder description for the show or movie.
s4766,TV Show,Title_4766,Greta Gerwig,"Leonardo DiCaprio, Song Kang, Henry Cavill",United States,R,2023,"July 1, 2023",4 Seasons,Crime TV Shows,This is a placeholder description for the show or movie.
s4767,TV Show,Title_4767,David Fincher,"Millie Bobby Brown, Zendaya",South Korea,PG-13,2014,"October 1, 2023",5 Seasons,Crime TV Shows,This is a placeholder description for the show or movie.
s4768,Movie,Title_4768,Bong Joon Ho,Shah Rukh Khan,United States,TV-MA,2023,"December 17, 2023",81 min,Action & Adventure,This is a placeholder description for the show or movie.
s4769,TV Show,Title_4769,Mike Flanagan,Leonardo DiCaprio,United States,TV-14,2013,"July 2, 2017",5 Seasons,TV Dramas,This is a placeholder description for the show or movie.
s4770,Movie,Title_4770,Mike Flanagan,Zendaya,South Korea,TV-PG,2022,"January 14, 2023",119 min,Action & Adventure,This is a placeholder description for the show or movie.
s4771,Movie,Title_4771,Mike Flanagan,Shah Rukh Khan,India,PG-13,2012,"December 6, 2023",135 min,Action & Adventure,This is a placeholder description for the show or movie.
s4772,Movie,Title_4772,Mike Flanagan,"Zendaya, Henry Cavill, Song Kang",United States,TV-14,2014,"July 8, 2021",83 min,Action & Adventure,This is a placeholder description for the show or movie.
s4773,Movie,Title_4773,nan,"Song Kang, Millie Bobby Brown",United States,R,2011,"January 5, 2019",89 min,Documentaries,This is a placeholder description for the show or movie.
s4774,TV Show,Title_4774,nan,Shah Rukh Khan,France,TV-14,2017,"December 25, 2019",2 Seasons,Docuseries,This is a placeholder description for the show or movie.
s4775,Movie,Title_4775,David Fincher,"Zendaya, Song Kang, Leonardo DiCaprio",Japan,TV-MA,2019,"October 12, 2019",87 min,Documentaries,This is a placeholder description for the show or movie.
s4776,TV Show,Title_4776,nan,"Shah Rukh Khan, Millie Bobby Brown, Song Kang",South Korea,TV-14,2013,"October 13, 2021",5 Seasons,TV Dramas,This is a placeholder description for the show or movie.
s4777,Movie,Title_4777,David Fincher,Shah Rukh Khan,United States,TV-14,2023,"October 28, 2023",134 min,Documentaries,This is a placeholder description for the show or movie.
s4778,Movie,Title_4778,Greta Gerwig,"Leonardo DiCaprio, Henry Cavill, Song Kang",South Korea,R,2020,"October 15, 2022",138 min,Action & Adventure,This is a placeholder description for the show or movie.
s4779,Movie,Title_4779,David Fincher,"Millie Bobby Brown, Song Kang",United States,R,2022,"December 3, 2022",103 min,Documentaries,This is a placeholder description for the show or movie.
s4780,Movie,Title_4780,Mike Flanagan,"Millie Bobby Brown, Shah Rukh Khan",France,TV-PG,2014,"January 12, 2017",87 min,Action & Adventure,This is a placeholder description for the show or movie.
s4781,Movie,Title_4781,Martin Scorsese,Leonardo DiCaprio,United States,R,2023,"July 16, 2023",138 min,Thrillers,This is a placeholder description for the show or movie.
s4782,Movie,Title_4782,Martin Scorsese,"Zendaya, Henry Cavill",United States,TV-14,2020,"January 6, 2021",80 min,Thrillers,This is a placeholder description for the show or movie.
s4783,Movie,Title_4783,Bong Joon Ho,"Millie Bobby Brown, Song Kang, Shah Rukh Khan",India,TV-MA,2011,"January 26, 2023",82 min,Documentaries,This is a placeholder description for the show or movie.
s4784,Movie,Title_4784,Bong Joon Ho,Millie Bobby Brown,South Korea,R,2020,"January 14, 2022",112 min,Dramas,This is a placeholder description for the show or movie.
s4785,Movie,Title_4785,David Fincher,Henry Cavill,South Korea,TV-PG,2009,"December 3, 2022",123 min,Comedies,This is a placeholder description for the show or movie.
s4786,Movie,Title_4786,Martin Scorsese,"Millie Bobby Brown, Zendaya",United States,TV-PG,2016,"July 18, 2016",81 min,Documentaries,This is a placeholder description for the show or movie.
s4787,TV Show,Title_4787,Mike Flanagan,Leonardo DiCaprio,India,TV-14,2013,"January 2, 2016",2 Seasons,TV Dramas,This is a placeholder description for the show or movie.
s4788,TV Show,Title_4788,nan,"Shah Rukh Khan, Millie Bobby Brown",South Korea,R,2011,"January 14, 2020",3 Seasons,International TV Shows,This is a placeholder description for the show or movie.
s4789,Movie,Title_4789,Mike Flanagan,"Leonardo DiCaprio, Shah Rukh Khan, Henry Cavill",United States,R,2016,"July 9, 2021",101 min,Comedies,This is a placeholder description for the show or movie.
s4790,Movie,Title_4790,Mike Flanagan,Leonardo DiCaprio,South Korea,TV-PG,2023,"October 5, 2023",145 min,Dramas,This is a placeholder description for the show or movie.
s4791,Movie,Title_4791,David Fincher,Leonardo DiCaprio,France,R,2006,"July 11, 2019",126 min,Documentaries,This is a placeholder description for the show or movie.
s4792,TV Show,Title_4792,David Fincher,Song Kang,United States,TV-14,2023,"December 11, 2023",4 Seasons,TV Dramas,This is a placeholder description for the show or movie.
s4793,Movie,Title_4793,Greta Gerwig,Shah Rukh Khan,United States,TV-MA,2023,"January 26, 2023",99 min,Comedies,This is a placeholder description for the show or movie.
s4794,Movie,Title_4794,Mike Flanagan,"Henry Cavill, Leonardo DiCaprio",United States,TV-14,2008,"October 26, 2020",90 min,Action & Adventure,This is a placeholder description for the show or movie.
s4795,Movie,Title_4795,Mike Flanagan,"Zendaya, Henry Cavill",United States,R,2019,"October 5, 2023",121 min,Comedies,This is a placeholder description for the show or movie.
s4796,Movie,Title_4796,David Fincher,Leonardo DiCaprio,India,TV-14,2023,"October 23, 2023",87 min,Thrillers,This is a placeholder description for the show or movie.
s4797,Movie,Title_4797,David Fincher,Shah Rukh Khan,Canada,PG-13,2020,"December 17, 2022",87 min,Documentaries,This is a placeholder description for the show or movie.
s4798,TV Show,Title_4798,Greta Gerwig,Leonardo DiCaprio,India,PG-13,2017,"December 19, 2017",3 Seasons,Docuseries,This is a placeholder description for the show or movie.
s4799,Movie,Title_4799,Greta Gerwig,"Henry Cavill, Millie Bobby Brown",United States,R,2018,"October 8, 2021",126 min,Dramas,This is a placeholder description for the show or movie.
s4800,Movie,Title_4800,Bong Joon Ho,Song Kang,United Kingdom,R,2011,"October 23, 2023",149 min,Action & Adventure,This is a placeholder description for the show or movie.
s4801,Movie,Title_4801,Martin Scorsese,Henry Cavill,United Kingdom,TV-MA,2023,"January 4, 2023",126 min,Documentaries,This is a placeholder description for the show or movie.
s4802,Movie,Title_4802,Mike Flanagan,Henry Cavill,France,TV-14,2023,"July 3, 2023",108 min,Comedies,This is a placeholder description for the show or movie.
s4803,TV Show,Title_4803,Mike Flanagan,"Song Kang, Zendaya",United States,TV-MA,2014,"October 22, 2023",2 Seasons,International TV Shows,This is a placeholder description for the show or movie.
s4804,Movie,Title_4804,Greta Gerwig,"Zendaya, Leonardo DiCaprio, Song Kang",United Kingdom,R,2017,"July 2, 2023",127 min,Comedies,This is a placeholder description for the show or movie.
s4805,TV Show,Title_4805,Greta Gerwig,Henry Cavill,France,R,2013,"December 7, 2014",4 Seasons,International TV Shows,This is a placeholder description for the show or movie.
s4806,Movie,Title_4806,Bong Joon Ho,"Leonardo DiCaprio, Millie Bobby Brown, Zendaya",India,TV-PG,2016,"January 28, 2022",143 min,Dramas,This is a placeholder description for the show or movie.
s4807,Movie,Title_4807,Martin Scorsese,Zendaya,United States,TV-MA,2013,"December 2, 2016",144 min,Comedies,This is a placeholder description for the show or movie.
s4808,TV Show,Title_4808,Bong Joon Ho,"Henry Cavill, Millie Bobby Brown",United States,R,2019,"December 27, 2019",1 Seasons,TV Comedies,This is a placeholder description for the show or movie.
s4809,Movie,Title_4809,Martin Scorsese,"Shah Rukh Khan, Song Kang, Zendaya",Japan,PG-13,2019,"January 22, 2019",81 min,Thrillers,This is a placeholder description for the show or movie.
s4810,TV Show,Title_4810,nan,Song Kang,United States,TV-PG,2020,"January 27, 2020",4 Seasons,Crime TV Shows,This is a placeholder description for the show or movie.
s4811,Movie,Title_4811,Mike Flanagan,"Zendaya, Millie Bobby Brown, Song Kang",France,TV-14,2023,"July 24, 2023",147 min,Thrillers,This is a placeholder description for the show or movie.
s4812,TV Show,Title_4812,Bong Joon Ho,Leonardo DiCaprio,South Korea,TV-PG,2021,"October 2, 2022",2 Seasons,TV Dramas,This is a placeholder description for the show or movie.
s4813,Movie,Title_4813,Greta Gerwig,"Leonardo DiCaprio, Zendaya",United States,TV-14,2012,"January 2, 2022",134 min,Comedies,This is a placeholder description for the show or movie.
s4814,Movie,Title_4814,Bong Joon Ho,Shah Rukh Khan,India,PG-13,2010,"July 7, 2015",110 min,Comedies,This is a placeholder description for the show or movie.
s4815,TV Show,Title_4815,nan,Henry Cavill,United States,TV-14,2023,"July 17, 2023",3 Seasons,International TV Shows,This is a placeholder description for the show or movie.
s4816,TV Show,Title_4816,Bong Joon Ho,Millie Bobby Brown,United States,TV-MA,2023,"December 24, 2023",5 Seasons,TV Comedies,This is a placeholder description for the show or movie.
s4817,TV Show,Title_4817,Mike Flanagan,Henry Cavill,Canada,TV-14,2018,"December 12, 2021",1 Seasons,Crime TV Shows,This is a placeholder description for the show or movie.
s4818,TV Show,Title_4818,nan,Shah Rukh Khan,United Kingdom,TV-14,2017,"October 21, 2017",2 Seasons,International TV Shows,This is a placeholder description for the show or movie.
s4819,TV Show,Title_4819,Greta Gerwig,Henry Cavill,United States,TV-PG,2013,"January 15, 2020",4 Seasons,TV Dramas,This is a placeholder description for the show or movie.
s4820,Movie,Title_4820,Greta Gerwig,"Leonardo DiCaprio, Henry Cavill",South Korea,PG-13,2012,"January 22, 2016",118 min,Dramas,This is a placeholder description for the show or movie.
s4821,Movie,Title_4821,David Fincher,Zendaya,United States,TV-14,2019,"October 25, 2019",85 min,Dramas,This is a placeholder description for the show or movie.
s4822,Movie,Title_4822,nan,Zendaya,India,TV-MA,2022,"July 22, 2022",96 min,Thrillers,This is a placeholder description for the show or movie.
s4823,Movie,Title_4823,David Fincher,Shah Rukh Khan,India,TV-PG,2015,"October 5, 2021",89 min,Comedies,This is a placeholder description for the show or movie.
s4824,Movie,Title_4824,David Fincher,Millie Bobby Brown,United States,PG-13,2013,"December 10, 2018",106 min,Action & Adventure,This is a placeholder description for the show or movie.
s4825,Movie,Title_4825,Mike Flanagan,"Zendaya, Leonardo DiCaprio",France,PG-13,2014,"October 27, 2019",104 min,Dramas,This is a placeholder description for the show or movie.
s4826,Movie,Title_4826,Bong Joon Ho,"Leonardo DiCaprio, Zendaya",United Kingdom,R,2023,"October 6, 2023",103 min,Dramas,This is a placeholder description for the show or movie.
s4827,TV Show,Title_4827,Greta Gerwig,"Zendaya, Song Kang",India,TV-MA,2023,"July 11, 2023",4 Seasons,TV Comedies,This is a placeholder description for the show or movie.
s4828,Movie,Title_4828,Greta Gerwig,"Zendaya, Henry Cavill",India,TV-PG,2023,"October 25, 2023",139 min,Dramas,This is a placeholder description for the show or movie.
s4829,Movie,Title_4829,Bong Joon Ho,"Shah Rukh Khan, Zendaya",United States,TV-PG,2023,"December 20, 2023",122 min,Documentaries,This is a placeholder description for the show or movie.
s4830,Movie,Title_4830,Greta Gerwig,"Henry Cavill, Millie Bobby Brown, Zendaya",United States,TV-MA,2011,"January 12, 2016",139 min,Documentaries,This is a placeholder description for the show or movie.
s4831,TV Show,Title_4831,Bong Joon Ho,"Henry Cavill, Song Kang, Millie Bobby Brown",United Kingdom,PG-13,2019,"July 25, 2019",2 Seasons,Crime TV Shows,This is a placeholder description for the show or movie.
s4832,TV Show,Title_4832,nan,Shah Rukh Khan,France,TV-14,2021,"July 26, 2021",5 Seasons,Crime TV Shows,This is a placeholder description for the show or movie.
s4833,Movie,Title_4833,Mike Flanagan,"Henry Cavill, Shah Rukh Khan",South Korea,TV-MA,2023,"July 19, 2023",80 min,Thrillers,This is a placeholder description for the show or movie.
s4834,Movie,Title_4834,Mike Flanagan,"Shah Rukh Khan, Leonardo DiCaprio, Millie Bobby Brown",United States,TV-PG,2018,"January 1, 2018",133 min,Documentaries,This is a placeholder description for the show or movie.
s4835,Movie,Title_4835,Mike Flanagan,Henry Cavill,India,TV-MA,2008,"July 7, 2023",120 min,Dramas,This is a placeholder description for the show or movie.
s4836,Movie,Title_4836,Bong Joon Ho,"Song Kang, Leonardo DiCaprio, Henry Cavill",United States,PG-13,2023,"January 18, 2023",129 min,Action & Adventure,This is a placeholder description for the show or movie.
s4837,Movie,Title_4837,Bong Joon Ho,"Zendaya, Leonardo DiCaprio, Song Kang",United States,R,2021,"July 27, 2021",92 min,Action & Adventure,This is a placeholder description for the show or movie.
s4838,Movie,Title_4838,Martin Scorsese,"Shah Rukh Khan, Zendaya",India,R,2019,"December 27, 2022",138 min,Dramas,This is a placeholder description for the show or movie.
s4839,Movie,Title_4839,Greta Gerwig,"Henry Cavill, Zendaya",India,TV-14,2020,"July 26, 2023",128 min,Comedies,This is a placeholder description for the show or movie.
s4840,Movie,Title_4840,Greta Gerwig,"Leonardo DiCaprio, Zendaya, Song Kang",United States,TV-14,2020,"January 20, 2020",140 min,Action & Adventure,This is a placeholder description for the show or movie.
s4841,TV Show,Title_4841,Martin Scorsese,"Henry Cavill, Zendaya",United Kingdom,PG-13,2014,"December 14, 2018",2 Seasons,Crime TV Shows,This is a placeholder description for the show or movie.
s4842,TV Show,Title_4842,Martin Scorsese,Leonardo DiCaprio,Canada,TV-14,2022,"July 10, 2022",5 Seasons,TV Comedies,This is a placeholder description for the show or movie.
s4843,Movie,Title_4843,Mike Flanagan,Song Kang,United States,R,2023,"October 21, 2023",80 min,Action & Adventure,This is a placeholder description for the show or movie.
s4844,Movie,Title_4844,Martin Scorsese,"Leonardo DiCaprio, Millie Bobby Brown",South Korea,PG-13,2013,"January 5, 2016",83 min,Dramas,This is a placeholder description for the show or movie.
s4845,Movie,Title_4845,Bong Joon Ho,"Millie Bobby Brown, Leonardo DiCaprio, Henry Cavill",United States,PG-13,2021,"December 24, 2021",104 min,Dramas,This is a placeholder description for the show or movie.
s4846,Movie,Title_4846,David Fincher,"Leonardo DiCaprio, Song Kang, Henry Cavill",India,PG-13,2023,"July 11, 2023",118 min,Comedies,This is a placeholder description for the show or movie.
s4847,TV Show,Title_4847,Bong Joon Ho,"Shah Rukh Khan, Millie Bobby Brown, Henry Cavill",South Korea,TV-MA,2015,"October 5, 2019",1 Seasons,Docuseries,This is a placeholder description for the show or movie.
s4848,Movie,Title_4848,Martin Scorsese,"Zendaya, Henry Cavill, Shah Rukh Khan",India,TV-14,2014,"July 10, 2020",130 min,Documentaries,This is a placeholder description for the show or movie.
s4849,TV Show,Title_4849,Greta Gerwig,"Shah Rukh Khan, Leonardo DiCaprio",France,TV-PG,2019,"October 26, 2021",1 Seasons,Crime TV Shows,This is a placeholder description for the show or movie.
s4850,Movie,Title_4850,Bong Joon Ho,"Leonardo DiCaprio, Millie Bobby Brown",United States,R,2023,"July 28, 2023",84 min,Thrillers,This is a placeholder description for the show or movie.
s4851,TV Show,Title_4851,Greta Gerwig,"Song Kang, Henry Cavill",India,TV-14,2019,"December 22, 2019",3 Seasons,International TV Shows,This is a placeholder description for the show or movie.
s4852,Movie,Title_4852,Bong Joon Ho,"Leonardo DiCaprio, Song Kang",India,R,2020,"December 2, 2021",105 min,Documentaries,This is a placeholder description for the show or movie.
s4853,TV Show,Title_4853,Greta Gerwig,Henry Cavill,United Kingdom,TV-14,2013,"December 16, 2017",1 Seasons,International TV Shows,This is a placeholder description for the show or movie.
s4854,Movie,Title_4854,nan,"Millie Bobby Brown, Leonardo DiCaprio, Henry Cavill",South Korea,TV-PG,2020,"January 25, 2020",146 min,Dramas,This is a placeholder description for the show or movie.
s4855,Movie,Title_4855,Bong Joon Ho,"Henry Cavill, Zendaya, Song Kang",Canada,R,2016,"December 16, 2021",138 min,Dramas,This is a placeholder description for the show or movie.
s4856,Movie,Title_4856,Greta Gerwig,"Leonardo DiCaprio, Song Kang",South Korea,TV-PG,2021,"December 27, 2021",120 min,Comedies,This is a placeholder description for the show or movie.
s4857,Movie,Title_4857,David Fincher,Shah Rukh Khan,United States,R,2013,"October 8, 2016",86 min,Dramas,This is a placeholder description for the show or movie.
s4858,TV Show,Title_4858,Mike Flanagan,Shah Rukh Khan,United States,TV-MA,2018,"January 25, 2018",2 Seasons,TV Comedies,This is a placeholder description for the show or movie.
s4859,TV Show,Title_4859,Bong Joon Ho,Millie Bobby Brown,United Kingdom,TV-MA,2018,"January 12, 2023",4 Seasons,Crime TV Shows,This is a placeholder description for the show or movie.
s4860,TV Show,Title_4860,David Fincher,"Henry Cavill, Zendaya",India,R,2016,"December 6, 2018",3 Seasons,TV Comedies,This is a placeholder description for the show or movie.
s4861,Movie,Title_4861,Mike Flanagan,"Leonardo DiCaprio, Zendaya, Shah Rukh Khan",France,R,2023,"October 26, 2023",106 min,Dramas,This is a placeholder description for the show or movie.
s4862,TV Show,Title_4862,Bong Joon Ho,Zendaya,United States,TV-PG,2014,"December 20, 2020",3 Seasons,TV Dramas,This is a placeholder description for the show or movie.
s4863,Movie,Title_4863,David Fincher,Shah Rukh Khan,United States,PG-13,2019,"January 18, 2020",121 min,Documentaries,This is a placeholder description for the show or movie.
s4864,Movie,Title_4864,David Fincher,Leonardo DiCaprio,India,R,2023,"December 28, 2023",120 min,Thrillers,This is a placeholder description for the show or movie.
s4865,Movie,Title_4865,nan,"Leonardo DiCaprio, Zendaya",Japan,TV-14,2019,"October 23, 2022",119 min,Documentaries,This is a placeholder description for the show or movie.
s4866,Movie,Title_4866,David Fincher,"Henry Cavill, Song Kang, Zendaya",France,TV-14,2023,"January 12, 2023",138 min,Comedies,This is a placeholder description for the show or movie.
s4867,Movie,Title_4867,nan,"Millie Bobby Brown, Henry Cavill",United States,TV-14,2020,"October 17, 2020",88 min,Comedies,This is a placeholder description for the show or movie.
s4868,Movie,Title_4868,Martin Scorsese,"Song Kang, Leonardo DiCaprio, Millie Bobby Brown",United States,TV-MA,2015,"July 25, 2022",123 min,Comedies,This is a placeholder description for the show or movie.
s4869,Movie,Title_4869,Greta Gerwig,"Millie Bobby Brown, Zendaya, Leonardo DiCaprio",India,TV-PG,2019,"July 12, 2022",130 min,Documentaries,This is a placeholder description for the show or movie.
s4870,TV Show,Title_4870,Mike Flanagan,"Shah Rukh Khan, Song Kang, Henry Cavill",United States,TV-MA,2023,"January 3, 2023",3 Seasons,Crime TV Shows,This is a placeholder description for the show or movie.
s4871,Movie,Title_4871,Greta Gerwig,"Shah Rukh Khan, Song Kang",France,TV-14,2023,"July 7, 2023",108 min,Comedies,This is a placeholder description for the show or movie.
s4872,Movie,Title_4872,Greta Gerwig,Leonardo DiCaprio,India,R,2022,"December 11, 2022",101 min,Thrillers,This is a placeholder description for the show or movie.
s4873,Movie,Title_4873,nan,"Zendaya, Leonardo DiCaprio, Millie Bobby Brown",United States,TV-14,2023,"July 18, 2023",129 min,Documentaries,This is a placeholder description for the show or movie.
s4874,Movie,Title_4874,Greta Gerwig,"Millie Bobby Brown, Leonardo DiCaprio",United States,R,2014,"October 26, 2021",89 min,Documentaries,This is a placeholder description for the show or movie.
s4875,Movie,Title_4875,David Fincher,"Henry Cavill, Zendaya, Millie Bobby Brown",United States,TV-PG,2019,"December 11, 2023",80 min,Documentaries,This is a placeholder description for the show or movie.
s4876,Movie,Title_4876,nan,Song Kang,South Korea,PG-13,2020,"July 19, 2023",119 min,Thrillers,This is a placeholder description for the show or movie.
s4877,Movie,Title_4877,Greta Gerwig,"Song Kang, Millie Bobby Brown",United States,R,2017,"January 26, 2019",145 min,Comedies,This is a placeholder description for the show or movie.
s4878,TV Show,Title_4878,nan,"Song Kang, Shah Rukh Khan, Zendaya",United States,TV-MA,2014,"December 15, 2020",3 Seasons,International TV Shows,This is a placeholder description for the show or movie.
s4879,Movie,Title_4879,Martin Scorsese,Henry Cavill,France,TV-14,2019,"October 9, 2020",142 min,Action & Adventure,This is a placeholder description for the show or movie.
s4880,TV Show,Title_4880,nan,"Henry Cavill, Millie Bobby Brown, Zendaya",United States,TV-14,2018,"July 16, 2018",4 Seasons,International TV Shows,This is a placeholder description for the show or movie.
s4881,Movie,Title_4881,Bong Joon Ho,"Shah Rukh Khan, Millie Bobby Brown",Canada,TV-14,2013,"October 1, 2018",126 min,Action & Adventure,This is a placeholder description for the show or movie.
s4882,Movie,Title_4882,David Fincher,"Henry Cavill, Shah Rukh Khan, Song Kang",United States,R,2023,"October 22, 2023",103 min,Documentaries,This is a placeholder description for the show or movie.
s4883,TV Show,Title_4883,Mike Flanagan,Song Kang,India,TV-PG,2017,"October 11, 2017",3 Seasons,International TV Shows,This is a placeholder description for the show or movie.
s4884,Movie,Title_4884,Bong Joon Ho,"Henry Cavill, Zendaya",United States,R,2017,"October 27, 2023",85 min,Thrillers,This is a placeholder description for the show or movie.
s4885,Movie,Title_4885,Bong Joon Ho,"Millie Bobby Brown, Henry Cavill, Shah Rukh Khan",United States,TV-MA,2022,"December 4, 2022",87 min,Comedies,This is a placeholder description for the show or movie.
s4886,TV Show,Title_4886,Bong Joon Ho,Shah Rukh Khan,India,TV-14,2022,"January 11, 2023",3 Seasons,Docuseries,This is a placeholder description for the show or movie.
s4887,Movie,Title_4887,Greta Gerwig,"Shah Rukh Khan, Leonardo DiCaprio, Henry Cavill",United States,R,2012,"December 9, 2018",84 min,Action & Adventure,This is a placeholder description for the show or movie.
s4888,TV Show,Title_4888,nan,Zendaya,India,TV-14,2015,"October 3, 2021",1 Seasons,TV Dramas,This is a placeholder description for the show or movie.
s4889,Movie,Title_4889,nan,"Song Kang, Millie Bobby Brown",United States,TV-MA,2018,"July 28, 2022",104 min,Comedies,This is a placeholder description for the show or movie.
s4890,TV Show,Title_4890,Greta Gerwig,"Millie Bobby Brown, Leonardo DiCaprio",United Kingdom,PG-13,2015,"July 21, 2023",3 Seasons,Docuseries,This is a placeholder description for the show or movie.
s4891,Movie,Title_4891,David Fincher,Song Kang,France,PG-13,2017,"January 15, 2022",147 min,Action & Adventure,This is a placeholder description for the show or movie.
s4892,Movie,Title_4892,Greta Gerwig,"Leonardo DiCaprio, Henry Cavill, Millie Bobby Brown",United States,PG-13,2023,"October 20, 2023",92 min,Action & Adventure,This is a placeholder description for the show or movie.
s4893,Movie,Title_4893,Greta Gerwig,Shah Rukh Khan,United States,TV-14,2019,"July 22, 2022",128 min,Comedies,This is a placeholder description for the show or movie.
s4894,Movie,Title_4894,Greta Gerwig,Millie Bobby Brown,South Korea,R,2023,"July 18, 2023",137 min,Comedies,This is a placeholder description for the show or movie.
s4895,Movie,Title_4895,David Fincher,"Song Kang, Shah Rukh Khan, Zendaya",United Kingdom,TV-14,2014,"July 19, 2021",91 min,Thrillers,This is a placeholder description for the show or movie.
s4896,Movie,Title_4896,David Fincher,"Zendaya, Leonardo DiCaprio, Millie Bobby Brown",United States,TV-PG,2017,"January 2, 2017",88 min,Action & Adventure,This is a placeholder description for the show or movie.
s4897,Movie,Title_4897,Martin Scorsese,"Shah Rukh Khan, Zendaya",India,R,2020,"January 10, 2020",80 min,Documentaries,This is a placeholder description for the show or movie.
s4898,Movie,Title_4898,Martin Scorsese,"Millie Bobby Brown, Zendaya",United States,TV-MA,2023,"October 9, 2023",85 min,Comedies,This is a placeholder description for the show or movie.
s4899,Movie,Title_4899,Martin Scorsese,"Millie Bobby Brown, Song Kang, Shah Rukh Khan",United States,PG-13,2010,"January 17, 2020",144 min,Dramas,This is a placeholder description for the show or movie.
s4900,TV Show,Title_4900,Martin Scorsese,Shah Rukh Khan,France,R,2019,"July 28, 2020",4 Seasons,International TV Shows,This is a placeholder description for the show or movie.
s4901,Movie,Title_4901,nan,"Song Kang, Shah Rukh Khan, Millie Bobby Brown",South Korea,R,2018,"December 8, 2018",137 min,Dramas,This is a placeholder description for the show or movie.
s4902,Movie,Title_4902,Bong Joon Ho,"Zendaya, Leonardo DiCaprio",United Kingdom,PG-13,2017,"October 15, 2018",114 min,Documentaries,This is a placeholder description for the show or movie.
s4903,Movie,Title_4903,Bong Joon Ho,"Song Kang, Zendaya, Shah Rukh Khan",United States,TV-MA,2023,"December 5, 2023",138 min,Action & Adventure,This is a placeholder description for the show or movie.
s4904,Movie,Title_4904,Martin Scorsese,"Henry Cavill, Song Kang",United States,TV-14,2016,"July 10, 2023",117 min,Comedies,This is a placeholder description for the show or movie.
s4905,TV Show,Title_4905,Martin Scorsese,Shah Rukh Khan,Japan,TV-14,2016,"January 16, 2021",2 Seasons,Crime TV Shows,This is a placeholder description for the show or movie.
s4906,Movie,Title_4906,Mike Flanagan,"Song Kang, Zendaya",United States,R,2017,"July 25, 2023",82 min,Documentaries,This is a placeholder description for the show or movie.
s4907,TV Show,Title_4907,Bong Joon Ho,"Song Kang, Leonardo DiCaprio",United States,PG-13,2018,"July 17, 2020",5 Seasons,Crime TV Shows,This is a placeholder description for the show or movie.
s4908,Movie,Title_4908,Mike Flanagan,"Millie Bobby Brown, Leonardo DiCaprio, Henry Cavill",United States,TV-PG,2017,"January 23, 2020",138 min,Comedies,This is a placeholder description for the show or movie.
s4909,TV Show,Title_4909,Mike Flanagan,"Zendaya, Millie Bobby Brown",India,TV-MA,2023,"July 13, 2023",5 Seasons,TV Dramas,This is a placeholder description for the show or movie.
s4910,Movie,Title_4910,Greta Gerwig,"Song Kang, Millie Bobby Brown",United States,TV-14,2018,"December 28, 2023",127 min,Action & Adventure,This is a placeholder description for the show or movie.
s4911,TV Show,Title_4911,nan,"Leonardo DiCaprio, Shah Rukh Khan",United States,TV-MA,2022,"January 22, 2022",5 Seasons,TV Dramas,This is a placeholder description for the show or movie.
s4912,Movie,Title_4912,David Fincher,"Zendaya, Henry Cavill",Japan,TV-MA,2011,"December 13, 2018",91 min,Comedies,This is a placeholder description for the show or movie.
s4913,Movie,Title_4913,Bong Joon Ho,Millie Bobby Brown,United Kingdom,TV-MA,2020,"July 14, 2021",92 min,Thrillers,This is a placeholder description for the show or movie.
s4914,Movie,Title_4914,Martin Scorsese,Zendaya,United States,PG-13,2023,"December 27, 2023",137 min,Comedies,This is a placeholder description for the show or movie.
s4915,Movie,Title_4915,Martin Scorsese,Song Kang,Canada,PG-13,2015,"October 12, 2016",94 min,Dramas,This is a placeholder description for the show or movie.
s4916,TV Show,Title_4916,David Fincher,Henry Cavill,United States,PG-13,2011,"July 11, 2018",4 Seasons,International TV Shows,This is a placeholder description for the show or movie.
s4917,Movie,Title_4917,Bong Joon Ho,Song Kang,India,R,2019,"October 8, 2022",149 min,Thrillers,This is a placeholder description for the show or movie.
s4918,Movie,Title_4918,Martin Scorsese,"Henry Cavill, Leonardo DiCaprio",United Kingdom,PG-13,2013,"July 18, 2017",97 min,Thrillers,This is a placeholder description for the show or movie.
s4919,TV Show,Title_4919,Martin Scorsese,"Leonardo DiCaprio, Zendaya",United States,R,2009,"July 5, 2020",5 Seasons,Docuseries,This is a placeholder description for the show or movie.
s4920,Movie,Title_4920,Greta Gerwig,Leonardo DiCaprio,United States,TV-14,2014,"December 13, 2023",143 min,Dramas,This is a placeholder description for the show or movie.
s4921,TV Show,Title_4921,Mike Flanagan,Millie Bobby Brown,Canada,TV-14,2020,"December 25, 2020",4 Seasons,International TV Shows,This is a placeholder description for the show or movie.
s4922,TV Show,Title_4922,Martin Scorsese,Song Kang,France,TV-14,2014,"January 23, 2015",2 Seasons,TV Dramas,This is a placeholder description for the show or movie.
s4923,Movie,Title_4923,nan,Leonardo DiCaprio,India,TV-14,2011,"January 1, 2018",115 min,Thrillers,This is a placeholder description for the show or movie.
s4924,TV Show,Title_4924,Bong Joon Ho,"Millie Bobby Brown, Henry Cavill, Leonardo DiCaprio",United States,TV-14,2014,"July 25, 2017",1 Seasons,Docuseries,This is a placeholder description for the show or movie.
s4925,Movie,Title_4925,nan,"Shah Rukh Khan, Millie Bobby Brown",United States,PG-13,2019,"July 24, 2021",149 min,Documentaries,This is a placeholder description for the show or movie.
s4926,Movie,Title_4926,David Fincher,"Song Kang, Shah Rukh Khan",United States,TV-PG,2015,"December 3, 2023",115 min,Thrillers,This is a placeholder description for the show or movie.
s4927,Movie,Title_4927,Greta Gerwig,"Henry Cavill, Shah Rukh Khan, Song Kang",United States,PG-13,2009,"December 6, 2020",106 min,Documentaries,This is a placeholder description for the show or movie.
s4928,Movie,Title_4928,Bong Joon Ho,Millie Bobby Brown,India,TV-PG,2016,"December 8, 2018",87 min,Documentaries,This is a placeholder description for the show or movie.
s4929,TV Show,Title_4929,Greta Gerwig,"Song Kang, Millie Bobby Brown, Leonardo DiCaprio",United Kingdom,PG-13,2014,"December 8, 2019",3 Seasons,Crime TV Shows,This is a placeholder description for the show or movie.
s4930,TV Show,Title_4930,Mike Flanagan,"Henry Cavill, Shah Rukh Khan, Song Kang",United States,TV-14,2016,"January 16, 2018",3 Seasons,TV Dramas,This is a placeholder description for the show or movie.
s4931,Movie,Title_4931,Martin Scorsese,Henry Cavill,United States,TV-MA,2011,"January 10, 2015",113 min,Comedies,This is a placeholder description for the show or movie.
s4932,Movie,Title_4932,Bong Joon Ho,"Leonardo DiCaprio, Zendaya, Millie Bobby Brown",India,TV-PG,2016,"October 10, 2018",125 min,Comedies,This is a placeholder description for the show or movie.
s4933,TV Show,Title_4933,David Fincher,"Millie Bobby Brown, Song Kang, Henry Cavill",United States,TV-MA,2017,"October 24, 2019",5 Seasons,International TV Shows,This is a placeholder description for the show or movie.
s4934,Movie,Title_4934,Mike Flanagan,"Shah Rukh Khan, Zendaya, Leonardo DiCaprio",France,TV-14,2015,"December 14, 2019",130 min,Comedies,This is a placeholder description for the show or movie.
s4935,Movie,Title_4935,Mike Flanagan,Song Kang,India,TV-PG,2013,"October 27, 2023",145 min,Dramas,This is a placeholder description for the show or movie.
s4936,Movie,Title_4936,Greta Gerwig,Leonardo DiCaprio,Japan,TV-MA,2014,"July 17, 2018",99 min,Dramas,This is a placeholder description for the show or movie.
s4937,TV Show,Title_4937,Mike Flanagan,Zendaya,Japan,PG-13,2014,"December 19, 2017",2 Seasons,Docuseries,This is a placeholder description for the show or movie.
s4938,Movie,Title_4938,Bong Joon Ho,"Zendaya, Leonardo DiCaprio",South Korea,TV-14,2018,"July 20, 2019",84 min,Dramas,This is a placeholder description for the show or movie.
s4939,TV Show,Title_4939,Greta Gerwig,"Shah Rukh Khan, Henry Cavill",United States,PG-13,2015,"January 4, 2019",4 Seasons,International TV Shows,This is a placeholder description for the show or movie.
s4940,TV Show,Title_4940,Mike Flanagan,Zendaya,France,PG-13,2014,"October 24, 2021",1 Seasons,International TV Shows,This is a placeholder description for the show or movie.
s4941,Movie,Title_4941,David Fincher,"Shah Rukh Khan, Henry Cavill",United States,TV-14,2023,"December 26, 2023",135 min,Dramas,This is a placeholder description for the show or movie.
s4942,Movie,Title_4942,nan,"Zendaya, Song Kang, Shah Rukh Khan",United States,TV-PG,2019,"January 23, 2020",108 min,Thrillers,This is a placeholder description for the show or movie.
s4943,TV Show,Title_4943,Bong Joon Ho,Zendaya,India,R,2021,"December 27, 2022",5 Seasons,TV Comedies,This is a placeholder description for the show or movie.
s4944,Movie,Title_4944,David Fincher,Zendaya,United States,R,2019,"October 3, 2019",137 min,Dramas,This is a placeholder description for the show or movie.
s4945,TV Show,Title_4945,David Fincher,Song Kang,United States,TV-14,2015,"July 6, 2017",1 Seasons,Docuseries,This is a placeholder description for the show or movie.
s4946,TV Show,Title_4946,Greta Gerwig,"Zendaya, Leonardo DiCaprio, Henry Cavill",United States,R,2017,"July 18, 2017",2 Seasons,Crime TV Shows,This is a placeholder description for the show or movie.
s4947,Movie,Title_4947,Martin Scorsese,"Millie Bobby Brown, Zendaya, Henry Cavill",United States,TV-MA,2015,"July 19, 2023",140 min,Action & Adventure,This is a placeholder description for the show or movie.
s4948,TV Show,Title_4948,Greta Gerwig,"Shah Rukh Khan, Leonardo DiCaprio",United Kingdom,TV-PG,2018,"October 1, 2022",3 Seasons,TV Comedies,This is a placeholder description for the show or movie.
s4949,TV Show,Title_4949,Bong Joon Ho,Leonardo DiCaprio,United States,PG-13,2023,"July 16, 2023",4 Seasons,International TV Shows,This is a placeholder description for the show or movie.
s4950,TV Show,Title_4950,Bong Joon Ho,Song Kang,India,PG-13,2019,"October 22, 2019",4 Seasons,Crime TV Shows,This is a placeholder description for the show or movie.
s4951,Movie,Title_4951,Greta Gerwig,"Zendaya, Shah Rukh Khan, Song Kang",France,TV-14,2013,"December 16, 2017",81 min,Documentaries,This is a placeholder description for the show or movie.
s4952,Movie,Title_4952,Martin Scorsese,"Millie Bobby Brown, Song Kang, Shah Rukh Khan",India,PG-13,2022,"December 23, 2022",94 min,Dramas,This is a placeholder description for the show or movie.
s4953,Movie,Title_4953,Greta Gerwig,"Shah Rukh Khan, Leonardo DiCaprio",United Kingdom,TV-MA,2023,"December 10, 2023",98 min,Comedies,This is a placeholder description for the show or movie.
s4954,TV Show,Title_4954,Bong Joon Ho,"Zendaya, Henry Cavill, Song Kang",France,TV-MA,2014,"July 2, 2022",1 Seasons,Crime TV Shows,This is a placeholder description for the show or movie.
s4955,Movie,Title_4955,Martin Scorsese,"Leonardo DiCaprio, Zendaya, Millie Bobby Brown",United States,TV-14,2016,"December 28, 2023",86 min,Comedies,This is a placeholder description for the show or movie.
s4956,TV Show,Title_4956,Bong Joon Ho,Song Kang,India,PG-13,2015,"December 18, 2016",5 Seasons,TV Comedies,This is a placeholder description for the show or movie.
s4957,Movie,Title_4957,Martin Scorsese,Millie Bobby Brown,Japan,R,2014,"December 7, 2017",112 min,Dramas,This is a placeholder description for the show or movie.
s4958,Movie,Title_4958,Martin Scorsese,"Song Kang, Leonardo DiCaprio, Henry Cavill",France,R,2013,"October 10, 2018",139 min,Documentaries,This is a placeholder description for the show or movie.
s4959,Movie,Title_4959,Greta Gerwig,"Henry Cavill, Millie Bobby Brown",United Kingdom,TV-PG,2022,"October 25, 2023",112 min,Action & Adventure,This is a placeholder description for the show or movie.
s4960,TV Show,Title_4960,Greta Gerwig,"Shah Rukh Khan, Leonardo DiCaprio, Millie Bobby Brown",United States,TV-14,2011,"January 24, 2023",1 Seasons,International TV Shows,This is a placeholder description for the show or movie.
s4961,Movie,Title_4961,Greta Gerwig,Millie Bobby Brown,France,TV-PG,2015,"July 1, 2021",109 min,Documentaries,This is a placeholder description for the show or movie.
s4962,Movie,Title_4962,Martin Scorsese,"Zendaya, Millie Bobby Brown",United States,R,2009,"December 4, 2021",141 min,Dramas,This is a placeholder description for the show or movie.
s4963,Movie,Title_4963,Martin Scorsese,"Zendaya, Shah Rukh Khan",United States,R,2007,"July 8, 2020",111 min,Documentaries,This is a placeholder description for the show or movie.
s4964,TV Show,Title_4964,Bong Joon Ho,"Song Kang, Shah Rukh Khan",United States,R,2019,"July 23, 2020",2 Seasons,TV Comedies,This is a placeholder description for the show or movie.
s4965,Movie,Title_4965,David Fincher,Zendaya,India,TV-PG,2014,"January 8, 2021",126 min,Documentaries,This is a placeholder description for the show or movie.
s4966,Movie,Title_4966,Greta Gerwig,"Shah Rukh Khan, Song Kang",South Korea,TV-14,2019,"October 26, 2019",150 min,Comedies,This is a placeholder description for the show or movie.
s4967,TV Show,Title_4967,nan,Henry Cavill,South Korea,TV-MA,2021,"July 2, 2021",4 Seasons,TV Dramas,This is a placeholder description for the show or movie.
s4968,TV Show,Title_4968,Bong Joon Ho,Zendaya,Canada,TV-MA,2020,"July 26, 2020",2 Seasons,TV Dramas,This is a placeholder description for the show or movie.
s4969,TV Show,Title_4969,Bong Joon Ho,"Leonardo DiCaprio, Millie Bobby Brown, Shah Rukh Khan",United States,R,2019,"January 25, 2021",2 Seasons,Docuseries,This is a placeholder description for the show or movie.
s4970,Movie,Title_4970,Mike Flanagan,"Millie Bobby Brown, Shah Rukh Khan",India,TV-14,2016,"December 21, 2016",150 min,Action & Adventure,This is a placeholder description for the show or movie.
s4971,Movie,Title_4971,Greta Gerwig,"Shah Rukh Khan, Song Kang, Leonardo DiCaprio",Canada,TV-14,2019,"October 28, 2023",114 min,Documentaries,This is a placeholder description for the show or movie.
s4972,TV Show,Title_4972,Bong Joon Ho,Henry Cavill,India,PG-13,2019,"October 20, 2020",1 Seasons,TV Dramas,This is a placeholder description for the show or movie.
s4973,Movie,Title_4973,Mike Flanagan,"Zendaya, Leonardo DiCaprio",France,PG-13,2017,"January 15, 2022",147 min,Documentaries,This is a placeholder description for the show or movie.
s4974,TV Show,Title_4974,nan,Leonardo DiCaprio,South Korea,TV-PG,2017,"October 20, 2018",1 Seasons,TV Comedies,This is a placeholder description for the show or movie.
s4975,Movie,Title_4975,nan,"Song Kang, Zendaya, Shah Rukh Khan",United Kingdom,PG-13,2023,"December 25, 2023",107 min,Action & Adventure,This is a placeholder description for the show or movie.
s4976,Movie,Title_4976,Greta Gerwig,"Henry Cavill, Zendaya",United States,TV-PG,2022,"July 4, 2023",143 min,Comedies,This is a placeholder description for the show or movie.
s4977,Movie,Title_4977,Martin Scorsese,"Leonardo DiCaprio, Henry Cavill",United Kingdom,TV-MA,2020,"January 17, 2020",117 min,Dramas,This is a placeholder description for the show or movie.
s4978,Movie,Title_4978,Mike Flanagan,Zendaya,France,R,2018,"July 20, 2019",95 min,Thrillers,This is a placeholder description for the show or movie.
s4979,Movie,Title_4979,Martin Scorsese,"Henry Cavill, Song Kang",United States,TV-14,2015,"January 16, 2020",115 min,Documentaries,This is a placeholder description for the show or movie.
s4980,Movie,Title_4980,nan,Henry Cavill,South Korea,TV-MA,2021,"July 6, 2021",84 min,Thrillers,This is a placeholder description for the show or movie.
s4981,TV Show,Title_4981,nan,Henry Cavill,United States,TV-MA,2017,"January 7, 2019",3 Seasons,TV Dramas,This is a placeholder description for the show or movie.
s4982,Movie,Title_4982,David Fincher,"Shah Rukh Khan, Leonardo DiCaprio, Song Kang",India,TV-PG,2023,"July 25, 2023",81 min,Comedies,This is a placeholder description for the show or movie.
s4983,TV Show,Title_4983,David Fincher,Song Kang,United Kingdom,R,2011,"July 26, 2015",3 Seasons,TV Comedies,This is a placeholder description for the show or movie.
s4984,TV Show,Title_4984,David Fincher,"Henry Cavill, Millie Bobby Brown",United Kingdom,TV-PG,2019,"October 4, 2019",5 Seasons,International TV Shows,This is a placeholder description for the show or movie.
s4985,Movie,Title_4985,David Fincher,Zendaya,Japan,TV-MA,2021,"October 5, 2021",106 min,Documentaries,This is a placeholder description for the show or movie.
s4986,Movie,Title_4986,Bong Joon Ho,Shah Rukh Khan,United States,TV-14,2015,"December 17, 2016",111 min,Thrillers,This is a placeholder description for the show or movie.
s4987,TV Show,Title_4987,David Fincher,"Shah Rukh Khan, Song Kang, Millie Bobby Brown",United States,PG-13,2020,"December 23, 2021",4 Seasons,Crime TV Shows,This is a placeholder description for the show or movie.
s4988,Movie,Title_4988,Bong Joon Ho,Millie Bobby Brown,Canada,TV-PG,2019,"December 23, 2019",113 min,Dramas,This is a placeholder description for the show or movie.
s4989,TV Show,Title_4989,Bong Joon Ho,"Zendaya, Millie Bobby Brown, Henry Cavill",United States,TV-MA,2014,"October 23, 2020",3 Seasons,Docuseries,This is a placeholder description for the show or movie.
s4990,TV Show,Title_4990,Greta Gerwig,"Zendaya, Song Kang",India,PG-13,2009,"July 24, 2019",3 Seasons,TV Comedies,This is a placeholder description for the show or movie.
s4991,TV Show,Title_4991,Bong Joon Ho,Leonardo DiCaprio,United States,PG-13,2023,"December 3, 2023",3 Seasons,Docuseries,This is a placeholder description for the show or movie.
s4992,Movie,Title_4992,Bong Joon Ho,"Leonardo DiCaprio, Song Kang, Millie Bobby Brown",United States,TV-MA,2010,"July 5, 2018",99 min,Thrillers,This is a placeholder description for the show or movie.
s4993,Movie,Title_4993,David Fincher,"Shah Rukh Khan, Song Kang, Millie Bobby Brown",United Kingdom,R,2014,"December 19, 2023",118 min,Comedies,This is a placeholder description for the show or movie.
s4994,Movie,Title_4994,Bong Joon Ho,"Leonardo DiCaprio, Zendaya, Henry Cavill",Canada,TV-MA,2023,"October 14, 2023",121 min,Comedies,This is a placeholder description for the show or movie.
s4995,Movie,Title_4995,Martin Scorsese,"Song Kang, Henry Cavill, Millie Bobby Brown",United States,TV-14,2016,"December 9, 2023",124 min,Documentaries,This is a placeholder description for the show or movie.
s4996,TV Show,Title_4996,David Fincher,"Shah Rukh Khan, Leonardo DiCaprio, Millie Bobby Brown",United States,PG-13,2012,"July 2, 2023",2 Seasons,Docuseries,This is a placeholder description for the show or movie.
s4997,Movie,Title_4997,Mike Flanagan,"Millie Bobby Brown, Shah Rukh Khan",United States,TV-14,2022,"October 13, 2022",86 min,Documentaries,This is a placeholder description for the show or movie.
s4998,Movie,Title_4998,David Fincher,"Millie Bobby Brown, Song Kang, Leonardo DiCaprio",India,TV-PG,2023,"December 7, 2023",133 min,Thrillers,This is a placeholder description for the show or movie.
s4999,TV Show,Title_4999,Bong Joon Ho,"Leonardo DiCaprio, Zendaya, Shah Rukh Khan",United States,PG-13,2011,"December 3, 2022",4 Seasons,Crime TV Shows,This is a placeholder description for the show or movie.
s5000,Movie,Title_5000,Martin Scorsese,"Henry Cavill, Shah Rukh Khan",India,R,2017,"October 8, 2021",86 min,Dramas,This is a placeholder description for the show or movie.
